case_id,finding_ids,priority,scenario,preconditions,steps,expected,actual,result,evidence_state,evidence_ids,historical_status,environment,cleanup,owner_role,audit_20261006_scope,audit_20261006_result,development_repair_status,development_verification,development_release_status,audit_20261006_evidence,audit_20261006_note,plan_task_ids,release_stage,execution_status,execution_source_sha,execution_environment,execution_actual,execution_evidence,plan_note
U01,F01,P1,正式登入與工作區,指定已授權會員；正式read-only,登入並開/app,看見正確workspace和role；否則有恢復路徑,登入成功；重試後無membership、workspace404；完整業務流程未進入,blocked,verified,E01;E07,BLOCKED_NO_MEMBERSHIP,本次正式read-only,本次未建立正式資料；未執行者於隔離fixture結束後依runbook處理,待分派,historical baseline preserved; no fresh production acceptance,blocked-live,externally-blocked,external-account-journey-blocked,not-deployed,E01;E02;E06; original evidence IDs are historical,參考O26系列及報告的独立測試紀錄；不得把原actual/result當本次live結果,C61-03;C61-11;C61-26;C61-29,release-A-postdeploy-readback,not-run,,,,,原欄位逐值保留；不是本輪測試結果。
U02,F01,P1,無會員恢復,0-membership fixture,登入；按重新檢查,不授權；可重新查詢；顯示聯絡方法,空狀態無重新核對membership／支援聯絡控制項,fail,verified,E01;E03,SOURCE_GAP,本次正式read-only,本次未建立正式資料；未執行者於隔離fixture結束後依runbook處理,待分派,historical baseline preserved; no fresh production acceptance,not-reexecuted-as-original-case,fixture-pass,render-and-ui-fixture-pass,not-deployed,E01;E02;E06; original evidence IDs are historical,參考O26系列及報告的独立測試紀錄；不得把原actual/result當本次live結果,C61-02;C61-03;C61-11,release-A-predeploy;final-acceptance-in-declared-environment,focused_fixture_verified_full_built_gate_blocked,d90431dd4a5a448b54fcb29b4920f6d07982e4d9,owned PG16 and synthetic OIDC/built UI; no provider/production/human acceptance,Selective Q commits reviewed. 45 fresh Node cases; 64 required DB cases on unchanged API subtree; 23 focused isolation cases pass zero fail/error/skip. Complete 96-case built gate remains blocked after ENOSPC/Docker startup; no live closure.,docs/buyeros/evidence/c61/integration-results.md;artifacts/c61/integration-groups.json;artifacts/c61/C61-02-source-bridge.json;artifacts/c61/C61-02-db.json;artifacts/c61/c61-q.xml;artifacts/c61/C61-02-final-head-node.json;artifacts/c61/C61-02-final-head-types.json;artifacts/c61/C61-02-final-head-discovery.json;artifacts/c61/C61-02-second-isolation-focused.json;artifacts/c61/C61-02-second-isolation-focused.xml;artifacts/c61/C61-02-built-ui-enospc-record.json;artifacts/c61/C61-02-built-ui-after-space-recovery.json,原欄位逐值保留；不是本輪測試結果。
U03,F02,P2,無會員繁中,0-membership fixture,切en/zh-HK,兩種語言均可選且空狀態已翻譯,Language選單disabled,fail,verified,E01;E03,OBSERVED_DISABLED,本次正式read-only,本次未建立正式資料；未執行者於隔離fixture結束後依runbook處理,待分派,historical baseline preserved; no fresh production acceptance,not-reexecuted-as-original-case,fixture-pass,render-and-ui-fixture-pass,not-deployed,E01;E02;E06; original evidence IDs are historical,參考O26系列及報告的独立測試紀錄；不得把原actual/result當本次live結果,C61-02;C61-03;C61-11,release-A-predeploy;final-acceptance-in-declared-environment,focused_fixture_verified_full_built_gate_blocked,d90431dd4a5a448b54fcb29b4920f6d07982e4d9,owned PG16 and synthetic OIDC/built UI; no provider/production/human acceptance,Selective Q commits reviewed. 45 fresh Node cases; 64 required DB cases on unchanged API subtree; 23 focused isolation cases pass zero fail/error/skip. Complete 96-case built gate remains blocked after ENOSPC/Docker startup; no live closure.,docs/buyeros/evidence/c61/integration-results.md;artifacts/c61/integration-groups.json;artifacts/c61/C61-02-source-bridge.json;artifacts/c61/C61-02-db.json;artifacts/c61/c61-q.xml;artifacts/c61/C61-02-final-head-node.json;artifacts/c61/C61-02-final-head-types.json;artifacts/c61/C61-02-final-head-discovery.json;artifacts/c61/C61-02-second-isolation-focused.json;artifacts/c61/C61-02-second-isolation-focused.xml;artifacts/c61/C61-02-built-ui-enospc-record.json;artifacts/c61/C61-02-built-ui-after-space-recovery.json,原欄位逐值保留；不是本輪測試結果。
U04,F01,P1,不同身份提供者,同email不同issuer/subject fixture,各自登入,不自動合併或提升權限,未於本次執行；舊狀態保留於historical_status,not-tested,not-tested,,NOT_RUN,本地／隔離fixture；未執行者須依前置条件提供,本次未建立正式資料；未執行者於隔離fixture結束後依runbook處理,待分派,historical baseline preserved; no fresh production acceptance,not-reexecuted-as-original-case,not-tested,not-retested,not-deployed,E01;E02;E06; original evidence IDs are historical,參考O26系列及報告的独立測試紀錄；不得把原actual/result當本次live結果,C61-09;C61-12,release-A-predeploy;final-acceptance-in-declared-environment,not-run,,,,,原欄位逐值保留；不是本輪測試結果。
U05,F04,P1,角色撤回,operator已有頁面；撤回membership,再讀寫及切scope,拒絕新操作；清理舊scope UI,未於本次執行；舊狀態保留於historical_status,not-tested,not-tested,,NOT_RUN,本地／隔離fixture；未執行者須依前置条件提供,本次未建立正式資料；未執行者於隔離fixture結束後依runbook處理,待分派,historical baseline preserved; no fresh production acceptance,not-reexecuted-as-original-case,integration-fixture-verified,36 UI + 38 strict API + 17 related Node pass; 0 fail/error/skip; broader root Node42pass/2 inherited-environment failures,not-deployed,E01;E02;E06; original evidence IDs are historical,參考O26系列及報告的独立測試紀錄；不得把原actual/result當本次live結果,C61-02;C61-03;C61-09;C61-12;C61-23,release-A-predeploy;final-acceptance-in-declared-environment,focused_fixture_verified_full_built_gate_blocked,d90431dd4a5a448b54fcb29b4920f6d07982e4d9,owned PG16 and synthetic OIDC/built UI; no provider/production/human acceptance,Selective Q commits reviewed. 45 fresh Node cases; 64 required DB cases on unchanged API subtree; 23 focused isolation cases pass zero fail/error/skip. Complete 96-case built gate remains blocked after ENOSPC/Docker startup; no live closure.,docs/buyeros/evidence/c61/integration-results.md;artifacts/c61/integration-groups.json;artifacts/c61/C61-02-source-bridge.json;artifacts/c61/C61-02-db.json;artifacts/c61/c61-q.xml;artifacts/c61/C61-02-final-head-node.json;artifacts/c61/C61-02-final-head-types.json;artifacts/c61/C61-02-final-head-discovery.json;artifacts/c61/C61-02-second-isolation-focused.json;artifacts/c61/C61-02-second-isolation-focused.xml;artifacts/c61/C61-02-built-ui-enospc-record.json;artifacts/c61/C61-02-built-ui-after-space-recovery.json,原欄位逐值保留；不是本輪測試結果。
U06,F03,P1,成員分頁,250 members及admin,第1頁至第13頁；搜尋第101位,全部可達；總數正確；無重複,未於本次執行；舊狀態保留於historical_status,not-tested,code-only,E03,SOURCE_GAP,本地／隔離fixture；未執行者須依前置条件提供,本次未建立正式資料；未執行者於隔離fixture結束後依runbook處理,待分派,historical baseline preserved; no fresh production acceptance,not-reexecuted-as-original-case,integration-fixture-pass,owned-db-and-ui-fixture-pass,not-deployed,E01;E02;E06; original evidence IDs are historical,參考O26系列及報告的独立測試紀錄；不得把原actual/result當本次live結果,C61-02;C61-03;C61-09;C61-12;C61-23,release-A-predeploy;final-acceptance-in-declared-environment,focused_fixture_verified_full_built_gate_blocked,d90431dd4a5a448b54fcb29b4920f6d07982e4d9,owned PG16 and synthetic OIDC/built UI; no provider/production/human acceptance,Selective Q commits reviewed. 45 fresh Node cases; 64 required DB cases on unchanged API subtree; 23 focused isolation cases pass zero fail/error/skip. Complete 96-case built gate remains blocked after ENOSPC/Docker startup; no live closure.,docs/buyeros/evidence/c61/integration-results.md;artifacts/c61/integration-groups.json;artifacts/c61/C61-02-source-bridge.json;artifacts/c61/C61-02-db.json;artifacts/c61/c61-q.xml;artifacts/c61/C61-02-final-head-node.json;artifacts/c61/C61-02-final-head-types.json;artifacts/c61/C61-02-final-head-discovery.json;artifacts/c61/C61-02-second-isolation-focused.json;artifacts/c61/C61-02-second-isolation-focused.xml;artifacts/c61/C61-02-built-ui-enospc-record.json;artifacts/c61/C61-02-built-ui-after-space-recovery.json,原欄位逐值保留；不是本輪測試結果。
U07,F04,P2,辨識成員,同名及尾8碼碰撞,查看並選角色變更對象,可用授權名稱及完整ID辨識,未於本次執行；舊狀態保留於historical_status,not-tested,code-only,E03,SOURCE_GAP,本地／隔離fixture；未執行者須依前置条件提供,本次未建立正式資料；未執行者於隔離fixture結束後依runbook處理,待分派,historical baseline preserved; no fresh production acceptance,not-reexecuted-as-original-case,integration-fixture-pass,owned-db-and-ui-fixture-pass,not-deployed,E01;E02;E06; original evidence IDs are historical,參考O26系列及報告的独立測試紀錄；不得把原actual/result當本次live結果,C61-02;C61-03;C61-09;C61-12;C61-23,release-A-predeploy;final-acceptance-in-declared-environment,focused_fixture_verified_full_built_gate_blocked,d90431dd4a5a448b54fcb29b4920f6d07982e4d9,owned PG16 and synthetic OIDC/built UI; no provider/production/human acceptance,Selective Q commits reviewed. 45 fresh Node cases; 64 required DB cases on unchanged API subtree; 23 focused isolation cases pass zero fail/error/skip. Complete 96-case built gate remains blocked after ENOSPC/Docker startup; no live closure.,docs/buyeros/evidence/c61/integration-results.md;artifacts/c61/integration-groups.json;artifacts/c61/C61-02-source-bridge.json;artifacts/c61/C61-02-db.json;artifacts/c61/c61-q.xml;artifacts/c61/C61-02-final-head-node.json;artifacts/c61/C61-02-final-head-types.json;artifacts/c61/C61-02-final-head-discovery.json;artifacts/c61/C61-02-second-isolation-focused.json;artifacts/c61/C61-02-second-isolation-focused.xml;artifacts/c61/C61-02-built-ui-enospc-record.json;artifacts/c61/C61-02-built-ui-after-space-recovery.json,原欄位逐值保留；不是本輪測試結果。
U08,F04,P1,最後管理員競態,2 admins；disposable DB,兩人同時移除自己admin,至少1 active admin；衝突可理解,未於本次執行；舊狀態保留於historical_status,not-tested,not-tested,,NOT_RUN,本地／隔離fixture；未執行者須依前置条件提供,本次未建立正式資料；未執行者於隔離fixture結束後依runbook處理,待分派,historical baseline preserved; no fresh production acceptance,not-reexecuted-as-original-case,integration-fixture-pass,owned-db-and-ui-fixture-pass,not-deployed,E01;E02;E06; original evidence IDs are historical,參考O26系列及報告的独立測試紀錄；不得把原actual/result當本次live結果,C61-02;C61-03;C61-09;C61-12;C61-23,release-A-predeploy;final-acceptance-in-declared-environment,focused_fixture_verified_full_built_gate_blocked,d90431dd4a5a448b54fcb29b4920f6d07982e4d9,owned PG16 and synthetic OIDC/built UI; no provider/production/human acceptance,Selective Q commits reviewed. 45 fresh Node cases; 64 required DB cases on unchanged API subtree; 23 focused isolation cases pass zero fail/error/skip. Complete 96-case built gate remains blocked after ENOSPC/Docker startup; no live closure.,docs/buyeros/evidence/c61/integration-results.md;artifacts/c61/integration-groups.json;artifacts/c61/C61-02-source-bridge.json;artifacts/c61/C61-02-db.json;artifacts/c61/c61-q.xml;artifacts/c61/C61-02-final-head-node.json;artifacts/c61/C61-02-final-head-types.json;artifacts/c61/C61-02-final-head-discovery.json;artifacts/c61/C61-02-second-isolation-focused.json;artifacts/c61/C61-02-second-isolation-focused.xml;artifacts/c61/C61-02-built-ui-enospc-record.json;artifacts/c61/C61-02-built-ui-after-space-recovery.json,原欄位逐值保留；不是本輪測試結果。
U09,F14,P2,完整員工任務,隔離完整fixture；operator/reviewer/admin,offer→ICP→research→review→draft→approve→export→outcome,版本、角色、狀態持續一致,未於本次執行；舊狀態保留於historical_status,not-tested,not-tested,,HISTORICAL_CI_ONLY,本地／隔離fixture；未執行者須依前置条件提供,本次未建立正式資料；未執行者於隔離fixture結束後依runbook處理,待分派,historical baseline preserved; no fresh production acceptance,not-reexecuted-as-original-case,five-task-keyboard-fixture-verified; human-UAT-open,local-keyboard-fixture-integration-pass; human-staff-blocked,not-deployed,E01;E02;E06; original evidence IDs are historical,參考O26系列及報告的独立測試紀錄；不得把原actual/result當本次live結果,C61-26,release-A-predeploy;final-acceptance-in-declared-environment,not-run,,,,,原欄位逐值保留；不是本輪測試結果。
U10,F14,P2,手機及縮放,390px/1280px；200% zoom；en/zh,鍵盤完成五項核心任務,焦點可見；操作不遮擋；無整頁水平捲動,未於本次執行；舊狀態保留於historical_status,not-tested,not-tested,,HISTORICAL_IMAGES_ONLY,本地／隔離fixture；未執行者須依前置条件提供,本次未建立正式資料；未執行者於隔離fixture結束後依runbook處理,待分派,historical baseline preserved; no fresh production acceptance,not-reexecuted-as-original-case,selected-keyboard-responsive-matrix-verified; human-rehearsal-open,selected-automated-keyboard-layout-pass; no full-five-task200% claim,not-deployed,E01;E02;E06; original evidence IDs are historical,參考O26系列及報告的独立測試紀錄；不得把原actual/result當本次live結果,C61-23;C61-27,release-A-predeploy;final-acceptance-in-declared-environment,not-run,,,,,原欄位逐值保留；不是本輪測試結果。
U11,F14,P2,輔助工具,螢幕閱讀器；已授權fixture,導航、選取、進度、錯誤恢復,控制項有名稱；焦點合理；狀態通知不洗版,未於本次執行；舊狀態保留於historical_status,not-tested,not-tested,,NOT_RUN,本地／隔離fixture；未執行者須依前置条件提供,本次未建立正式資料；未執行者於隔離fixture結束後依runbook處理,待分派,historical baseline preserved; no fresh production acceptance,not-reexecuted-as-original-case,automated-semantics-keyboard-verified; real-screen-reader-blocked,fixture-semantics-keyboard-pass; actual screen-reader not observed,not-deployed,E01;E02;E06; original evidence IDs are historical,參考O26系列及報告的独立測試紀錄；不得把原actual/result當本次live結果,C61-23;C61-27,release-A-predeploy;final-acceptance-in-declared-environment,not-run,,,,,原欄位逐值保留；不是本輪測試結果。
U12,F14,P2,人員可用性,3–5員工；五項固定任務,計時並記錯誤；重設相同資料重測,完成率≥90%；錯scope操作0；比較前後時間,未於本次執行；舊狀態保留於historical_status,not-tested,not-tested,,NOT_RUN,本地／隔離fixture；未執行者須依前置条件提供,本次未建立正式資料；未執行者於隔離fixture結束後依runbook處理,待分派,historical baseline preserved; no fresh production acceptance,not-reexecuted-as-original-case,blocked-human-staff-UAT,not-observed; human-staff-blocked,not-deployed,E01;E02;E06; original evidence IDs are historical,參考O26系列及報告的独立測試紀錄；不得把原actual/result當本次live結果,C61-23;C61-27,release-A-predeploy;final-acceptance-in-declared-environment,not-run,,,,,原欄位逐值保留；不是本輪測試結果。
B01,F06,P1,批量100/101邊界,100及101 buyer fixture,相同action各提交一次,同步/非同步契約正確；每列只一次,未於本次執行；舊狀態保留於historical_status,not-tested,not-tested,,HISTORICAL_CI_ONLY,本地／隔離fixture；未執行者須依前置条件提供,本次未建立正式資料；未執行者於隔離fixture結束後依runbook處理,待分派,historical baseline preserved; no fresh production acceptance,not-reexecuted-as-original-case,integration-fixture-pass,100/101/1000/1001 actual DB/API; 100/101/1001 real UI; exact replay one job/outbox; fixture only; live/deployed unverified,not-deployed,E01;E02;E06; original evidence IDs are historical,參考O26系列及報告的独立測試紀錄；不得把原actual/result當本次live結果,C61-02;C61-23;C61-26,release-A-predeploy;final-acceptance-in-declared-environment,focused_fixture_verified_full_built_gate_blocked,d90431dd4a5a448b54fcb29b4920f6d07982e4d9,owned PG16 and synthetic OIDC/built UI; no provider/production/human acceptance,Selective Q commits reviewed. 45 fresh Node cases; 64 required DB cases on unchanged API subtree; 23 focused isolation cases pass zero fail/error/skip. Complete 96-case built gate remains blocked after ENOSPC/Docker startup; no live closure.,docs/buyeros/evidence/c61/integration-results.md;artifacts/c61/integration-groups.json;artifacts/c61/C61-02-source-bridge.json;artifacts/c61/C61-02-db.json;artifacts/c61/c61-q.xml;artifacts/c61/C61-02-final-head-node.json;artifacts/c61/C61-02-final-head-types.json;artifacts/c61/C61-02-final-head-discovery.json;artifacts/c61/C61-02-second-isolation-focused.json;artifacts/c61/C61-02-second-isolation-focused.xml;artifacts/c61/C61-02-built-ui-enospc-record.json;artifacts/c61/C61-02-built-ui-after-space-recovery.json,原欄位逐值保留；不是本輪測試結果。
B02,F06,P1,確認後改集合,5個buyers；已勾確認,增加第6個或取消1個,confirmation清除；要求重新預覽,未於本次執行；舊狀態保留於historical_status,not-tested,code-only,E03,SOURCE_RISK,本地／隔離fixture；未執行者須依前置条件提供,本次未建立正式資料；未執行者於隔離fixture結束後依runbook處理,待分派,historical baseline preserved; no fresh production acceptance,not-reexecuted-as-original-case,integration-fixture-pass,local-http-ui-db-pass; live gate unverified,not-deployed,E01;E02;E06; original evidence IDs are historical,參考O26系列及報告的独立測試紀錄；不得把原actual/result當本次live結果,C61-02;C61-23;C61-26,release-A-predeploy;final-acceptance-in-declared-environment,focused_fixture_verified_full_built_gate_blocked,d90431dd4a5a448b54fcb29b4920f6d07982e4d9,owned PG16 and synthetic OIDC/built UI; no provider/production/human acceptance,Selective Q commits reviewed. 45 fresh Node cases; 64 required DB cases on unchanged API subtree; 23 focused isolation cases pass zero fail/error/skip. Complete 96-case built gate remains blocked after ENOSPC/Docker startup; no live closure.,docs/buyeros/evidence/c61/integration-results.md;artifacts/c61/integration-groups.json;artifacts/c61/C61-02-source-bridge.json;artifacts/c61/C61-02-db.json;artifacts/c61/c61-q.xml;artifacts/c61/C61-02-final-head-node.json;artifacts/c61/C61-02-final-head-types.json;artifacts/c61/C61-02-final-head-discovery.json;artifacts/c61/C61-02-second-isolation-focused.json;artifacts/c61/C61-02-second-isolation-focused.xml;artifacts/c61/C61-02-built-ui-enospc-record.json;artifacts/c61/C61-02-built-ui-after-space-recovery.json,原欄位逐值保留；不是本輪測試結果。
B03,F06,P2,分派給同事,有資格active同事,選10位buyer；選同事並確認,10位owner正確；audit reason可追查,未於本次執行；舊狀態保留於historical_status,not-tested,code-only,E03,SOURCE_GAP,本地／隔離fixture；未執行者須依前置条件提供,本次未建立正式資料；未執行者於隔離fixture結束後依runbook處理,待分派,historical baseline preserved; no fresh production acceptance,not-reexecuted-as-original-case,integration-fixture-pass,local-http-ui-db-pass; live gate unverified,not-deployed,E01;E02;E06; original evidence IDs are historical,參考O26系列及報告的独立測試紀錄；不得把原actual/result當本次live結果,C61-02;C61-23;C61-26,release-A-predeploy;final-acceptance-in-declared-environment,focused_fixture_verified_full_built_gate_blocked,d90431dd4a5a448b54fcb29b4920f6d07982e4d9,owned PG16 and synthetic OIDC/built UI; no provider/production/human acceptance,Selective Q commits reviewed. 45 fresh Node cases; 64 required DB cases on unchanged API subtree; 23 focused isolation cases pass zero fail/error/skip. Complete 96-case built gate remains blocked after ENOSPC/Docker startup; no live closure.,docs/buyeros/evidence/c61/integration-results.md;artifacts/c61/integration-groups.json;artifacts/c61/C61-02-source-bridge.json;artifacts/c61/C61-02-db.json;artifacts/c61/c61-q.xml;artifacts/c61/C61-02-final-head-node.json;artifacts/c61/C61-02-final-head-types.json;artifacts/c61/C61-02-final-head-discovery.json;artifacts/c61/C61-02-second-isolation-focused.json;artifacts/c61/C61-02-second-isolation-focused.xml;artifacts/c61/C61-02-built-ui-enospc-record.json;artifacts/c61/C61-02-built-ui-after-space-recovery.json,原欄位逐值保留；不是本輪測試結果。
B04,F06,P1,owner失效,preview後停用owner,提交batch,server拒絕／逐列blocked；沒有越權分派,未於本次執行；舊狀態保留於historical_status,not-tested,not-tested,,NOT_RUN,本地／隔離fixture；未執行者須依前置条件提供,本次未建立正式資料；未執行者於隔離fixture結束後依runbook處理,待分派,historical baseline preserved; no fresh production acceptance,not-reexecuted-as-original-case,integration-fixture-pass,local-http-ui-db-pass; live gate unverified,not-deployed,E01;E02;E06; original evidence IDs are historical,參考O26系列及報告的独立測試紀錄；不得把原actual/result當本次live結果,C61-02;C61-23;C61-26,release-A-predeploy;final-acceptance-in-declared-environment,focused_fixture_verified_full_built_gate_blocked,d90431dd4a5a448b54fcb29b4920f6d07982e4d9,owned PG16 and synthetic OIDC/built UI; no provider/production/human acceptance,Selective Q commits reviewed. 45 fresh Node cases; 64 required DB cases on unchanged API subtree; 23 focused isolation cases pass zero fail/error/skip. Complete 96-case built gate remains blocked after ENOSPC/Docker startup; no live closure.,docs/buyeros/evidence/c61/integration-results.md;artifacts/c61/integration-groups.json;artifacts/c61/C61-02-source-bridge.json;artifacts/c61/C61-02-db.json;artifacts/c61/c61-q.xml;artifacts/c61/C61-02-final-head-node.json;artifacts/c61/C61-02-final-head-types.json;artifacts/c61/C61-02-final-head-discovery.json;artifacts/c61/C61-02-second-isolation-focused.json;artifacts/c61/C61-02-second-isolation-focused.xml;artifacts/c61/C61-02-built-ui-enospc-record.json;artifacts/c61/C61-02-built-ui-after-space-recovery.json,原欄位逐值保留；不是本輪測試結果。
B05,F08,P1,建立研究回應遺失,fictional provider＋owned DB,commit後丟202；使用者重試,相同key/run/outbox；不重複經濟意圖,未於本次執行；舊狀態保留於historical_status,not-tested,code-only,E03,SOURCE_RISK,本地／隔離fixture；未執行者須依前置条件提供,本次未建立正式資料；未執行者於隔離fixture結束後依runbook處理,待分派,historical baseline preserved; no fresh production acceptance,not-reexecuted-as-original-case,integration-fixture-pass,fixture-and-integration-pass,not-deployed,E01;E02;E06; original evidence IDs are historical,參考O26系列及報告的独立測試紀錄；不得把原actual/result當本次live結果,C61-02;C61-11;C61-19,release-A-predeploy;final-acceptance-in-declared-environment,focused_fixture_verified_full_built_gate_blocked,d90431dd4a5a448b54fcb29b4920f6d07982e4d9,owned PG16 and synthetic OIDC/built UI; no provider/production/human acceptance,Selective Q commits reviewed. 45 fresh Node cases; 64 required DB cases on unchanged API subtree; 23 focused isolation cases pass zero fail/error/skip. Complete 96-case built gate remains blocked after ENOSPC/Docker startup; no live closure.,docs/buyeros/evidence/c61/integration-results.md;artifacts/c61/integration-groups.json;artifacts/c61/C61-02-source-bridge.json;artifacts/c61/C61-02-db.json;artifacts/c61/c61-q.xml;artifacts/c61/C61-02-final-head-node.json;artifacts/c61/C61-02-final-head-types.json;artifacts/c61/C61-02-final-head-discovery.json;artifacts/c61/C61-02-second-isolation-focused.json;artifacts/c61/C61-02-second-isolation-focused.xml;artifacts/c61/C61-02-built-ui-enospc-record.json;artifacts/c61/C61-02-built-ui-after-space-recovery.json,原欄位逐值保留；不是本輪測試結果。
B06,F08,P1,研究雙擊,同body；同scope,同時按Start兩次,共用意圖；只有一工作,未於本次執行；舊狀態保留於historical_status,not-tested,not-tested,,NOT_RUN,本地／隔離fixture；未執行者須依前置条件提供,本次未建立正式資料；未執行者於隔離fixture結束後依runbook處理,待分派,historical baseline preserved; no fresh production acceptance,not-reexecuted-as-original-case,integration-fixture-pass,fixture-and-integration-pass,not-deployed,E01;E02;E06; original evidence IDs are historical,參考O26系列及報告的独立測試紀錄；不得把原actual/result當本次live結果,C61-02;C61-11;C61-19,release-A-predeploy;final-acceptance-in-declared-environment,focused_fixture_verified_full_built_gate_blocked,d90431dd4a5a448b54fcb29b4920f6d07982e4d9,owned PG16 and synthetic OIDC/built UI; no provider/production/human acceptance,Selective Q commits reviewed. 45 fresh Node cases; 64 required DB cases on unchanged API subtree; 23 focused isolation cases pass zero fail/error/skip. Complete 96-case built gate remains blocked after ENOSPC/Docker startup; no live closure.,docs/buyeros/evidence/c61/integration-results.md;artifacts/c61/integration-groups.json;artifacts/c61/C61-02-source-bridge.json;artifacts/c61/C61-02-db.json;artifacts/c61/c61-q.xml;artifacts/c61/C61-02-final-head-node.json;artifacts/c61/C61-02-final-head-types.json;artifacts/c61/C61-02-final-head-discovery.json;artifacts/c61/C61-02-second-isolation-focused.json;artifacts/c61/C61-02-second-isolation-focused.xml;artifacts/c61/C61-02-built-ui-enospc-record.json;artifacts/c61/C61-02-built-ui-after-space-recovery.json,原欄位逐值保留；不是本輪測試結果。
B07,F06,P1,混合逐列結果,成功/unchanged/conflict/blocked各25筆,提交batch,計數總和100；每列status與DB一致,未於本次執行；舊狀態保留於historical_status,not-tested,not-tested,,NOT_RUN,本地／隔離fixture；未執行者須依前置条件提供,本次未建立正式資料；未執行者於隔離fixture結束後依runbook處理,待分派,historical baseline preserved; no fresh production acceptance,not-reexecuted-as-original-case,integration-fixture-pass,local-http-ui-db-pass; live gate unverified,not-deployed,E01;E02;E06; original evidence IDs are historical,參考O26系列及報告的独立測試紀錄；不得把原actual/result當本次live結果,C61-02;C61-23;C61-26,release-A-predeploy;final-acceptance-in-declared-environment,focused_fixture_verified_full_built_gate_blocked,d90431dd4a5a448b54fcb29b4920f6d07982e4d9,owned PG16 and synthetic OIDC/built UI; no provider/production/human acceptance,Selective Q commits reviewed. 45 fresh Node cases; 64 required DB cases on unchanged API subtree; 23 focused isolation cases pass zero fail/error/skip. Complete 96-case built gate remains blocked after ENOSPC/Docker startup; no live closure.,docs/buyeros/evidence/c61/integration-results.md;artifacts/c61/integration-groups.json;artifacts/c61/C61-02-source-bridge.json;artifacts/c61/C61-02-db.json;artifacts/c61/c61-q.xml;artifacts/c61/C61-02-final-head-node.json;artifacts/c61/C61-02-final-head-types.json;artifacts/c61/C61-02-final-head-discovery.json;artifacts/c61/C61-02-second-isolation-focused.json;artifacts/c61/C61-02-second-isolation-focused.xml;artifacts/c61/C61-02-built-ui-enospc-record.json;artifacts/c61/C61-02-built-ui-after-space-recovery.json,原欄位逐值保留；不是本輪測試結果。
B08,F06,P1,只重試失敗,100中20失敗；修改其中版本,failed-only retry,80成功列不重做；新版本重新判定,未於本次執行；舊狀態保留於historical_status,not-tested,not-tested,,HISTORICAL_CI_ONLY,本地／隔離fixture；未執行者須依前置条件提供,本次未建立正式資料；未執行者於隔離fixture結束後依runbook處理,待分派,historical baseline preserved; no fresh production acceptance,not-reexecuted-as-original-case,integration-fixture-variant-pass,101/1 UI and 10000/50 DB conflicts; explicit new failed-only manifest/current versions/digest; successful rows not replayed; original 100/20 variant not run; fixture only; live/deployed unverified,not-deployed,E01;E02;E06; original evidence IDs are historical,參考O26系列及報告的独立測試紀錄；不得把原actual/result當本次live結果,C61-02;C61-23;C61-26,release-A-predeploy;final-acceptance-in-declared-environment,focused_fixture_verified_full_built_gate_blocked,d90431dd4a5a448b54fcb29b4920f6d07982e4d9,owned PG16 and synthetic OIDC/built UI; no provider/production/human acceptance,Selective Q commits reviewed. 45 fresh Node cases; 64 required DB cases on unchanged API subtree; 23 focused isolation cases pass zero fail/error/skip. Complete 96-case built gate remains blocked after ENOSPC/Docker startup; no live closure.,docs/buyeros/evidence/c61/integration-results.md;artifacts/c61/integration-groups.json;artifacts/c61/C61-02-source-bridge.json;artifacts/c61/C61-02-db.json;artifacts/c61/c61-q.xml;artifacts/c61/C61-02-final-head-node.json;artifacts/c61/C61-02-final-head-types.json;artifacts/c61/C61-02-final-head-discovery.json;artifacts/c61/C61-02-second-isolation-focused.json;artifacts/c61/C61-02-second-isolation-focused.xml;artifacts/c61/C61-02-built-ui-enospc-record.json;artifacts/c61/C61-02-built-ui-after-space-recovery.json,原欄位逐值保留；不是本輪測試結果。
B09,F06,P1,取消及中途崩潰,101筆job正在執行,cancel；kill worker；重啟,已commit保留；未處理取消；無重複寫入,未於本次執行；舊狀態保留於historical_status,not-tested,not-tested,,HISTORICAL_CI_ONLY,本地／隔離fixture；未執行者須依前置条件提供,本次未建立正式資料；未執行者於隔離fixture結束後依runbook處理,待分派,historical baseline preserved; no fresh production acceptance,not-reexecuted-as-original-case,integration-fixture-variant-pass,101 UI cancel after50 committed leaves51 cancelled; DB rollback plus independent Python-process resume10k with no duplicate writes; continuous Celery OS-kill/restart not run; fixture only; live/deployed unverified,not-deployed,E01;E02;E06; original evidence IDs are historical,參考O26系列及報告的独立測試紀錄；不得把原actual/result當本次live結果,C61-02;C61-23;C61-26,release-A-predeploy;final-acceptance-in-declared-environment,focused_fixture_verified_full_built_gate_blocked,d90431dd4a5a448b54fcb29b4920f6d07982e4d9,owned PG16 and synthetic OIDC/built UI; no provider/production/human acceptance,Selective Q commits reviewed. 45 fresh Node cases; 64 required DB cases on unchanged API subtree; 23 focused isolation cases pass zero fail/error/skip. Complete 96-case built gate remains blocked after ENOSPC/Docker startup; no live closure.,docs/buyeros/evidence/c61/integration-results.md;artifacts/c61/integration-groups.json;artifacts/c61/C61-02-source-bridge.json;artifacts/c61/C61-02-db.json;artifacts/c61/c61-q.xml;artifacts/c61/C61-02-final-head-node.json;artifacts/c61/C61-02-final-head-types.json;artifacts/c61/C61-02-final-head-discovery.json;artifacts/c61/C61-02-second-isolation-focused.json;artifacts/c61/C61-02-second-isolation-focused.xml;artifacts/c61/C61-02-built-ui-enospc-record.json;artifacts/c61/C61-02-built-ui-after-space-recovery.json,原欄位逐值保留；不是本輪測試結果。
B10,F05,P1,Operations結果ID,真實契約fixture result.id,查job結果,完整buyer ID顯示；React key有效,未於本次執行；舊狀態保留於historical_status,not-tested,code-only,E03,SOURCE_DEFECT,本地／隔離fixture；未執行者須依前置条件提供,本次未建立正式資料；未執行者於隔離fixture結束後依runbook處理,待分派,historical baseline preserved; no fresh production acceptance,not-reexecuted-as-original-case,integration-fixture-pass,fixture-and-integration-pass,not-deployed,E01;E02;E06; original evidence IDs are historical,參考O26系列及報告的独立測試紀錄；不得把原actual/result當本次live結果,C61-02;C61-23,release-A-predeploy;final-acceptance-in-declared-environment,focused_fixture_verified_full_built_gate_blocked,d90431dd4a5a448b54fcb29b4920f6d07982e4d9,owned PG16 and synthetic OIDC/built UI; no provider/production/human acceptance,Selective Q commits reviewed. 45 fresh Node cases; 64 required DB cases on unchanged API subtree; 23 focused isolation cases pass zero fail/error/skip. Complete 96-case built gate remains blocked after ENOSPC/Docker startup; no live closure.,docs/buyeros/evidence/c61/integration-results.md;artifacts/c61/integration-groups.json;artifacts/c61/C61-02-source-bridge.json;artifacts/c61/C61-02-db.json;artifacts/c61/c61-q.xml;artifacts/c61/C61-02-final-head-node.json;artifacts/c61/C61-02-final-head-types.json;artifacts/c61/C61-02-final-head-discovery.json;artifacts/c61/C61-02-second-isolation-focused.json;artifacts/c61/C61-02-second-isolation-focused.xml;artifacts/c61/C61-02-built-ui-enospc-record.json;artifacts/c61/C61-02-built-ui-after-space-recovery.json,原欄位逐值保留；不是本輪測試結果。
B11,F05,P2,Operations結果第二頁,21和101 results,換頁及重開job,所有結果可達；page/total正確,未於本次執行；舊狀態保留於historical_status,not-tested,code-only,E03,SOURCE_GAP,本地／隔離fixture；未執行者須依前置条件提供,本次未建立正式資料；未執行者於隔離fixture結束後依runbook處理,待分派,historical baseline preserved; no fresh production acceptance,not-reexecuted-as-original-case,integration-fixture-pass,fixture-and-integration-pass,not-deployed,E01;E02;E06; original evidence IDs are historical,參考O26系列及報告的独立測試紀錄；不得把原actual/result當本次live結果,C61-02;C61-23,release-A-predeploy;final-acceptance-in-declared-environment,focused_fixture_verified_full_built_gate_blocked,d90431dd4a5a448b54fcb29b4920f6d07982e4d9,owned PG16 and synthetic OIDC/built UI; no provider/production/human acceptance,Selective Q commits reviewed. 45 fresh Node cases; 64 required DB cases on unchanged API subtree; 23 focused isolation cases pass zero fail/error/skip. Complete 96-case built gate remains blocked after ENOSPC/Docker startup; no live closure.,docs/buyeros/evidence/c61/integration-results.md;artifacts/c61/integration-groups.json;artifacts/c61/C61-02-source-bridge.json;artifacts/c61/C61-02-db.json;artifacts/c61/c61-q.xml;artifacts/c61/C61-02-final-head-node.json;artifacts/c61/C61-02-final-head-types.json;artifacts/c61/C61-02-final-head-discovery.json;artifacts/c61/C61-02-second-isolation-focused.json;artifacts/c61/C61-02-second-isolation-focused.xml;artifacts/c61/C61-02-built-ui-enospc-record.json;artifacts/c61/C61-02-built-ui-after-space-recovery.json,原欄位逐值保留；不是本輪測試結果。
B12,F07,P1,慢網路輪詢,1000已處理結果；job running；RTT2.5s,開10個actor view 60秒,每view最多1 in-flight；無全頁重讀,未於本次執行；舊狀態保留於historical_status,not-tested,code-only,E03,SOURCE_RISK,本地／隔離fixture；未執行者須依前置条件提供,本次未建立正式資料；未執行者於隔離fixture結束後依runbook處理,待分派,historical baseline preserved; no fresh production acceptance,not-reexecuted-as-original-case,integration-fixture-pass,controlled-fixture-unit-ui-http-db-pass; live performance unverified,not-deployed,E01;E02;E06; original evidence IDs are historical,參考O26系列及報告的独立測試紀錄；不得把原actual/result當本次live結果,C61-02;C61-25,release-A-predeploy;final-acceptance-in-declared-environment,focused_fixture_verified_full_built_gate_blocked,d90431dd4a5a448b54fcb29b4920f6d07982e4d9,owned PG16 and synthetic OIDC/built UI; no provider/production/human acceptance,Selective Q commits reviewed. 45 fresh Node cases; 64 required DB cases on unchanged API subtree; 23 focused isolation cases pass zero fail/error/skip. Complete 96-case built gate remains blocked after ENOSPC/Docker startup; no live closure.,docs/buyeros/evidence/c61/integration-results.md;artifacts/c61/integration-groups.json;artifacts/c61/C61-02-source-bridge.json;artifacts/c61/C61-02-db.json;artifacts/c61/c61-q.xml;artifacts/c61/C61-02-final-head-node.json;artifacts/c61/C61-02-final-head-types.json;artifacts/c61/C61-02-final-head-discovery.json;artifacts/c61/C61-02-second-isolation-focused.json;artifacts/c61/C61-02-second-isolation-focused.xml;artifacts/c61/C61-02-built-ui-enospc-record.json;artifacts/c61/C61-02-built-ui-after-space-recovery.json,原欄位逐值保留；不是本輪測試結果。
B13,F07,P2,隱藏頁及429,visible/hidden；Retry-After,切hidden；回visible；inject429,hidden不poll；退避；回來更新一次,未於本次執行；舊狀態保留於historical_status,not-tested,code-only,E03,SOURCE_RISK,本地／隔離fixture；未執行者須依前置条件提供,本次未建立正式資料；未執行者於隔離fixture結束後依runbook處理,待分派,historical baseline preserved; no fresh production acceptance,not-reexecuted-as-original-case,integration-fixture-pass,controlled-fixture-unit-ui-http-db-pass; live performance unverified,not-deployed,E01;E02;E06; original evidence IDs are historical,參考O26系列及報告的独立測試紀錄；不得把原actual/result當本次live結果,C61-02;C61-25,release-A-predeploy;final-acceptance-in-declared-environment,focused_fixture_verified_full_built_gate_blocked,d90431dd4a5a448b54fcb29b4920f6d07982e4d9,owned PG16 and synthetic OIDC/built UI; no provider/production/human acceptance,Selective Q commits reviewed. 45 fresh Node cases; 64 required DB cases on unchanged API subtree; 23 focused isolation cases pass zero fail/error/skip. Complete 96-case built gate remains blocked after ENOSPC/Docker startup; no live closure.,docs/buyeros/evidence/c61/integration-results.md;artifacts/c61/integration-groups.json;artifacts/c61/C61-02-source-bridge.json;artifacts/c61/C61-02-db.json;artifacts/c61/c61-q.xml;artifacts/c61/C61-02-final-head-node.json;artifacts/c61/C61-02-final-head-types.json;artifacts/c61/C61-02-final-head-discovery.json;artifacts/c61/C61-02-second-isolation-focused.json;artifacts/c61/C61-02-second-isolation-focused.xml;artifacts/c61/C61-02-built-ui-enospc-record.json;artifacts/c61/C61-02-built-ui-after-space-recovery.json,原欄位逐值保留；不是本輪測試結果。
B14,F11,P2,1000/1001上限,1001 matching buyers,select all filtered,現版清楚clipped並阻止誤選全部,未於本次執行；舊狀態保留於historical_status,not-tested,code-only,E03,SOURCE_BEHAVIOR,本地／隔離fixture；未執行者須依前置条件提供,本次未建立正式資料；未執行者於隔離fixture結束後依runbook處理,待分派,historical baseline preserved; no fresh production acceptance,not-reexecuted-as-original-case,partial-fixture-pass,1001 UI clipped warning and explicit separate manifest; DB unchanged1000 snapshot limit verified; original select-all click/disabled assertion not separately executed; fixture only; live/deployed unverified,not-deployed,E01;E02;E06; original evidence IDs are historical,參考O26系列及報告的独立測試紀錄；不得把原actual/result當本次live結果,C61-02;C61-23,historical-contract;successor=B15/O26-05,focused_fixture_verified_full_built_gate_blocked,d90431dd4a5a448b54fcb29b4920f6d07982e4d9,owned PG16 and synthetic OIDC/built UI; no provider/production/human acceptance,Selective Q commits reviewed. 45 fresh Node cases; 64 required DB cases on unchanged API subtree; 23 focused isolation cases pass zero fail/error/skip. Complete 96-case built gate remains blocked after ENOSPC/Docker startup; no live closure.,docs/buyeros/evidence/c61/integration-results.md;artifacts/c61/integration-groups.json;artifacts/c61/C61-02-source-bridge.json;artifacts/c61/C61-02-db.json;artifacts/c61/c61-q.xml;artifacts/c61/C61-02-final-head-node.json;artifacts/c61/C61-02-final-head-types.json;artifacts/c61/C61-02-final-head-discovery.json;artifacts/c61/C61-02-second-isolation-focused.json;artifacts/c61/C61-02-second-isolation-focused.xml;artifacts/c61/C61-02-built-ui-enospc-record.json;artifacts/c61/C61-02-built-ui-after-space-recovery.json,原欄位逐值保留；不是本輪測試結果。原1000/1001上限為歷史contract；candidate以B15/O26-05繼承10000/10001驗收。
B15,F11,P1,10k維護manifest,新功能；10000 frozen ids/versions,分10chunks；更新其中50版本,總數完整；50衝突；成功列不重跑,未於本次執行；舊狀態保留於historical_status,not-tested,not-tested,,NOT_RUN_NEW_FEATURE,本地／隔離fixture；未執行者須依前置条件提供,本次未建立正式資料；未執行者於隔離fixture結束後依runbook處理,待分派,historical baseline preserved; no fresh production acceptance,not-reexecuted-as-original-case,integration-fixture-pass,10000 complete/9950 updated/50 conflicts; 200x50 shared engine per Q08 authoritative plan (original CSV says10chunks); independent process and100 result pages; failed-only child current50 does not repeat9950 successes; fixture only; live/deployed unverified,not-deployed,E01;E02;E06; original evidence IDs are historical,參考O26系列及報告的独立測試紀錄；不得把原actual/result當本次live結果,C61-02;C61-23,release-A-predeploy;final-acceptance-in-declared-environment,focused_fixture_verified_full_built_gate_blocked,d90431dd4a5a448b54fcb29b4920f6d07982e4d9,owned PG16 and synthetic OIDC/built UI; no provider/production/human acceptance,Selective Q commits reviewed. 45 fresh Node cases; 64 required DB cases on unchanged API subtree; 23 focused isolation cases pass zero fail/error/skip. Complete 96-case built gate remains blocked after ENOSPC/Docker startup; no live closure.,docs/buyeros/evidence/c61/integration-results.md;artifacts/c61/integration-groups.json;artifacts/c61/C61-02-source-bridge.json;artifacts/c61/C61-02-db.json;artifacts/c61/c61-q.xml;artifacts/c61/C61-02-final-head-node.json;artifacts/c61/C61-02-final-head-types.json;artifacts/c61/C61-02-final-head-discovery.json;artifacts/c61/C61-02-second-isolation-focused.json;artifacts/c61/C61-02-second-isolation-focused.xml;artifacts/c61/C61-02-built-ui-enospc-record.json;artifacts/c61/C61-02-built-ui-after-space-recovery.json,原欄位逐值保留；不是本輪測試結果。
B16,F06,P1,selection與scope切換,A/B workspace；inflight batch,換scope再返回,不顯示/寫入另一scope；正確resume link,未於本次執行；舊狀態保留於historical_status,not-tested,not-tested,,NOT_RUN,本地／隔離fixture；未執行者須依前置条件提供,本次未建立正式資料；未執行者於隔離fixture結束後依runbook處理,待分派,historical baseline preserved; no fresh production acceptance,not-reexecuted-as-original-case,integration-fixture-pass,"Q08 preview A-B-A rejects held response, requires project reselect; scope/actor restore plus token-neutral intent key; retains Q05/Q06 evidence; fixture only; live/deployed unverified",not-deployed,E01;E02;E06; original evidence IDs are historical,參考O26系列及報告的独立測試紀錄；不得把原actual/result當本次live結果,C61-02;C61-23;C61-26,release-A-predeploy;final-acceptance-in-declared-environment,focused_fixture_verified_full_built_gate_blocked,d90431dd4a5a448b54fcb29b4920f6d07982e4d9,owned PG16 and synthetic OIDC/built UI; no provider/production/human acceptance,Selective Q commits reviewed. 45 fresh Node cases; 64 required DB cases on unchanged API subtree; 23 focused isolation cases pass zero fail/error/skip. Complete 96-case built gate remains blocked after ENOSPC/Docker startup; no live closure.,docs/buyeros/evidence/c61/integration-results.md;artifacts/c61/integration-groups.json;artifacts/c61/C61-02-source-bridge.json;artifacts/c61/C61-02-db.json;artifacts/c61/c61-q.xml;artifacts/c61/C61-02-final-head-node.json;artifacts/c61/C61-02-final-head-types.json;artifacts/c61/C61-02-final-head-discovery.json;artifacts/c61/C61-02-second-isolation-focused.json;artifacts/c61/C61-02-second-isolation-focused.xml;artifacts/c61/C61-02-built-ui-enospc-record.json;artifacts/c61/C61-02-built-ui-after-space-recovery.json,原欄位逐值保留；不是本輪測試結果。
A01,F12,P1,規則fit六案例,repo research-eval.json,執行test_fit_eval.py,6筆verdict一致；unsupported citation0,6個deterministic fixtures正確；屬61通過測試的一項,pass,verified,E04,LOCAL_PASS_1_TEST,本地／隔離fixture；未執行者須依前置条件提供,本次未建立正式資料；未執行者於隔離fixture結束後依runbook處理,待分派,historical baseline preserved; no fresh production acceptance,not-reexecuted-as-original-case,not-tested,not-retested,not-deployed,E01;E02;E06; original evidence IDs are historical,參考O26系列及報告的独立測試紀錄；不得把原actual/result當本次live結果,C61-16;C61-17;C61-18;C61-24,release-A-predeploy;final-acceptance-in-declared-environment,not-run,,,,,原欄位逐值保留；不是本輪測試結果。
A02,F09,P2,tone及目的是否有效,同facts/evidence；2種tone/objective,執行reproduce_draft_controls.py,現況same_body=true；修復後UI承諾與行為一致,兩組tone/objective：same subject/body；different metadata,fail,verified,E06,LOCAL_GAP_REPRODUCED,本地／隔離fixture；未執行者須依前置条件提供,本次未建立正式資料；未執行者於隔離fixture結束後依runbook處理,待分派,historical baseline preserved; no fresh production acceptance,not-reexecuted-as-original-case,integration-fixture-pass,actual local HTTP/PG/shared-worker/UI/output/export pass; fictional identities/contact/policy; staged dispatch; no live provider proof,not-deployed,E01;E02;E06; original evidence IDs are historical,參考O26系列及報告的独立測試紀錄；不得把原actual/result當本次live結果,C61-02;C61-22,release-A-predeploy;final-acceptance-in-declared-environment,focused_fixture_verified_full_built_gate_blocked,d90431dd4a5a448b54fcb29b4920f6d07982e4d9,owned PG16 and synthetic OIDC/built UI; no provider/production/human acceptance,Selective Q commits reviewed. 45 fresh Node cases; 64 required DB cases on unchanged API subtree; 23 focused isolation cases pass zero fail/error/skip. Complete 96-case built gate remains blocked after ENOSPC/Docker startup; no live closure.,docs/buyeros/evidence/c61/integration-results.md;artifacts/c61/integration-groups.json;artifacts/c61/C61-02-source-bridge.json;artifacts/c61/C61-02-db.json;artifacts/c61/c61-q.xml;artifacts/c61/C61-02-final-head-node.json;artifacts/c61/C61-02-final-head-types.json;artifacts/c61/C61-02-final-head-discovery.json;artifacts/c61/C61-02-second-isolation-focused.json;artifacts/c61/C61-02-second-isolation-focused.xml;artifacts/c61/C61-02-built-ui-enospc-record.json;artifacts/c61/C61-02-built-ui-after-space-recovery.json,原欄位逐值保留；不是本輪測試結果。
A03,F12,P1,真實gold set,至少200公司；雙人標註；holdout,比較match/not_match/needs_review,分層precision/recall/coverage及區間；暫定match precision≥95%,未於本次執行；舊狀態保留於historical_status,not-tested,not-tested,,NOT_RUN,本地／隔離fixture；未執行者須依前置条件提供,本次未建立正式資料；未執行者於隔離fixture結束後依runbook處理,待分派,historical baseline preserved; no fresh production acceptance,not-reexecuted-as-original-case,not-tested-live; offline-tool-fixture-only,fictional label arithmetic/scope rejection only; no real goldset/provider accuracy,not-deployed,E01;E02;E06; original evidence IDs are historical,參考O26系列及報告的独立測試紀錄；不得把原actual/result當本次live結果,C61-16;C61-17;C61-18;C61-24,release-A-predeploy;final-acceptance-in-declared-environment,not-run,,,,,原欄位逐值保留；不是本輪測試結果。
A04,F12,P1,同名公司與子公司,同名異國；集團/子公司；異域名,比對entity和evidence,不把另一實體證據附到買家,未於本次執行；舊狀態保留於historical_status,not-tested,not-tested,,NOT_RUN,本地／隔離fixture；未執行者須依前置条件提供,本次未建立正式資料；未執行者於隔離fixture結束後依runbook處理,待分派,historical baseline preserved; no fresh production acceptance,not-reexecuted-as-original-case,not-tested-live; offline-tool-fixture-only,fictional label arithmetic/scope rejection only; no real goldset/provider accuracy,not-deployed,E01;E02;E06; original evidence IDs are historical,參考O26系列及報告的独立測試紀錄；不得把原actual/result當本次live結果,C61-16;C61-17;C61-18;C61-24,release-A-predeploy;final-acceptance-in-declared-environment,not-run,,,,,原欄位逐值保留；不是本輪測試結果。
A05,F12,P1,過期/矛盾來源,dated/expired/contradicts fixture,refresh及fit再評分,過期不支持Match；矛盾需review,未於本次執行；舊狀態保留於historical_status,not-tested,not-tested,,NOT_RUN,本地／隔離fixture；未執行者須依前置条件提供,本次未建立正式資料；未執行者於隔離fixture結束後依runbook處理,待分派,historical baseline preserved; no fresh production acceptance,not-reexecuted-as-original-case,not-tested-live; offline-tool-fixture-only,fictional label arithmetic/scope rejection only; no real goldset/provider accuracy,not-deployed,E01;E02;E06; original evidence IDs are historical,參考O26系列及報告的独立測試紀錄；不得把原actual/result當本次live結果,C61-16;C61-17;C61-18;C61-24,release-A-predeploy;final-acceptance-in-declared-environment,not-run,,,,,原欄位逐值保留；不是本輪測試結果。
A06,F12,P1,引用及prompt injection,跨company/tenant/不存在ID；惡意頁面文字,生成fit/draft,拒絕假引用；不服從來源指令；untrusted只作資料,未於本次執行；舊狀態保留於historical_status,not-tested,not-tested,,NOT_RUN,本地／隔離fixture；未執行者須依前置条件提供,本次未建立正式資料；未執行者於隔離fixture結束後依runbook處理,待分派,historical baseline preserved; no fresh production acceptance,not-reexecuted-as-original-case,not-tested-live; offline-tool-fixture-only,fictional label arithmetic/scope rejection only; no real goldset/provider accuracy,not-deployed,E01;E02;E06; original evidence IDs are historical,參考O26系列及報告的独立測試紀錄；不得把原actual/result當本次live結果,C61-16;C61-17;C61-18;C61-24,release-A-predeploy;final-acceptance-in-declared-environment,not-run,,,,,原欄位逐值保留；不是本輪測試結果。
A07,F09,P2,雙語草稿與引用,英文excerpt；zh-HK route,生成及匯出,UI明示原語言引用；不聲稱已翻譯全文,未於本次執行；舊狀態保留於historical_status,not-tested,not-tested,,NOT_RUN,本地／隔離fixture；未執行者須依前置条件提供,本次未建立正式資料；未執行者於隔離fixture結束後依runbook處理,待分派,historical baseline preserved; no fresh production acceptance,not-reexecuted-as-original-case,integration-fixture-pass,actual local HTTP/PG/shared-worker/UI/output/export pass; fictional identities/contact/policy; staged dispatch; no live provider proof,not-deployed,E01;E02;E06; original evidence IDs are historical,參考O26系列及報告的独立測試紀錄；不得把原actual/result當本次live結果,C61-02;C61-22,release-A-predeploy;final-acceptance-in-declared-environment,focused_fixture_verified_full_built_gate_blocked,d90431dd4a5a448b54fcb29b4920f6d07982e4d9,owned PG16 and synthetic OIDC/built UI; no provider/production/human acceptance,Selective Q commits reviewed. 45 fresh Node cases; 64 required DB cases on unchanged API subtree; 23 focused isolation cases pass zero fail/error/skip. Complete 96-case built gate remains blocked after ENOSPC/Docker startup; no live closure.,docs/buyeros/evidence/c61/integration-results.md;artifacts/c61/integration-groups.json;artifacts/c61/C61-02-source-bridge.json;artifacts/c61/C61-02-db.json;artifacts/c61/c61-q.xml;artifacts/c61/C61-02-final-head-node.json;artifacts/c61/C61-02-final-head-types.json;artifacts/c61/C61-02-final-head-discovery.json;artifacts/c61/C61-02-second-isolation-focused.json;artifacts/c61/C61-02-second-isolation-focused.xml;artifacts/c61/C61-02-built-ui-enospc-record.json;artifacts/c61/C61-02-built-ui-after-space-recovery.json,原欄位逐值保留；不是本輪測試結果。
A08,F12,P1,Contact實際正確性,已核准pilot；人工驗證身份/職務/來源日期,比對候選及suppression,錯公司/禁用contact輸出0；格式合法≠身份準確,未於本次執行；舊狀態保留於historical_status,not-tested,not-tested,,NOT_RUN_PROVIDER_BLOCKED,本地／隔離fixture；未執行者須依前置条件提供,本次未建立正式資料；未執行者於隔離fixture結束後依runbook處理,待分派,historical baseline preserved; no fresh production acceptance,not-reexecuted-as-original-case,not-tested-live; offline-tool-fixture-only,fictional label arithmetic/scope rejection only; no real goldset/provider accuracy,not-deployed,E01;E02;E06; original evidence IDs are historical,參考O26系列及報告的独立測試紀錄；不得把原actual/result當本次live結果,C61-16;C61-17;C61-18;C61-24,release-A-predeploy;final-acceptance-in-declared-environment,not-run,,,,,原欄位逐值保留；不是本輪測試結果。
P01,F12,P1,HK冷暖端到端,授權staging；冷暖各30samples,登入另計；打開buyers,暖p95≤2s；冷p95≤4s；報p99和錯誤,未於本次執行；舊狀態保留於historical_status,not-tested,not-tested,,NOT_RUN,本地／隔離fixture；未執行者須依前置条件提供,本次未建立正式資料；未執行者於隔離fixture結束後依runbook處理,待分派,historical baseline preserved; no fresh production acceptance,not-reexecuted-as-original-case,not-tested,not-retested,not-deployed,E01;E02;E06; original evidence IDs are historical,參考O26系列及報告的独立測試紀錄；不得把原actual/result當本次live結果,C61-25,release-A-predeploy;final-acceptance-in-declared-environment,not-run,,,,,原欄位逐值保留；不是本輪測試結果。
P02,F12,P1,API多actor負載,1k/10k買家；1/10/100ws；1/10/25actors,固定30samples及逐級load,暖p95≤800ms；p99≤1.5s；5xx<1%；tenant錯誤0,未於本次執行；舊狀態保留於historical_status,not-tested,not-tested,,HISTORICAL_BASELINE_ONLY,本地／隔離fixture；未執行者須依前置条件提供,本次未建立正式資料；未執行者於隔離fixture結束後依runbook處理,待分派,historical baseline preserved; no fresh production acceptance,not-reexecuted-as-original-case,not-tested,not-retested,not-deployed,E01;E02;E06; original evidence IDs are historical,參考O26系列及報告的独立測試紀錄；不得把原actual/result當本次live結果,C61-25,release-A-predeploy;final-acceptance-in-declared-environment,not-run,,,,,原欄位逐值保留；不是本輪測試結果。
P03,F12,P2,SQL及連線,同P02；SQL instrumentation,讀buyer page及深頁,記queries/bytes/pool/EXPLAIN；无隨頁size增長的N+1,未於本次執行；舊狀態保留於historical_status,not-tested,not-tested,,HISTORICAL_BASELINE_ONLY,本地／隔離fixture；未執行者須依前置条件提供,本次未建立正式資料；未執行者於隔離fixture結束後依runbook處理,待分派,historical baseline preserved; no fresh production acceptance,not-reexecuted-as-original-case,not-tested,not-retested,not-deployed,E01;E02;E06; original evidence IDs are historical,參考O26系列及報告的独立測試紀錄；不得把原actual/result當本次live結果,C61-25,release-A-predeploy;final-acceptance-in-declared-environment,not-run,,,,,原欄位逐值保留；不是本輪測試結果。
P04,F07,P1,Bulk流量前後比較,同B12固定fixture,記requests/bytes/SQL60秒,單in-flight；summary不含歷史results；實際改善可量化,未於本次執行；舊狀態保留於historical_status,not-tested,not-tested,,NOT_RUN,本地／隔離fixture；未執行者須依前置条件提供,本次未建立正式資料；未執行者於隔離fixture結束後依runbook處理,待分派,historical baseline preserved; no fresh production acceptance,not-reexecuted-as-original-case,integration-fixture-pass,controlled-fixture-unit-ui-http-db-pass; live performance unverified,not-deployed,E01;E02;E06; original evidence IDs are historical,參考O26系列及報告的独立測試紀錄；不得把原actual/result當本次live結果,C61-02;C61-25,release-A-predeploy;final-acceptance-in-declared-environment,focused_fixture_verified_full_built_gate_blocked,d90431dd4a5a448b54fcb29b4920f6d07982e4d9,owned PG16 and synthetic OIDC/built UI; no provider/production/human acceptance,Selective Q commits reviewed. 45 fresh Node cases; 64 required DB cases on unchanged API subtree; 23 focused isolation cases pass zero fail/error/skip. Complete 96-case built gate remains blocked after ENOSPC/Docker startup; no live closure.,docs/buyeros/evidence/c61/integration-results.md;artifacts/c61/integration-groups.json;artifacts/c61/C61-02-source-bridge.json;artifacts/c61/C61-02-db.json;artifacts/c61/c61-q.xml;artifacts/c61/C61-02-final-head-node.json;artifacts/c61/C61-02-final-head-types.json;artifacts/c61/C61-02-final-head-discovery.json;artifacts/c61/C61-02-second-isolation-focused.json;artifacts/c61/C61-02-second-isolation-focused.xml;artifacts/c61/C61-02-built-ui-enospc-record.json;artifacts/c61/C61-02-built-ui-after-space-recovery.json,原欄位逐值保留；不是本輪測試結果。
P05,F12,P1,Worker公平性,10ws；短/長/timeout jobs,受控30分鐘mixed workload,記queue wait/oldest age/吞吐；無starvation,未於本次執行；舊狀態保留於historical_status,not-tested,not-tested,,NOT_RUN,本地／隔離fixture；未執行者須依前置条件提供,本次未建立正式資料；未執行者於隔離fixture結束後依runbook處理,待分派,historical baseline preserved; no fresh production acceptance,not-reexecuted-as-original-case,not-tested,not-retested,not-deployed,E01;E02;E06; original evidence IDs are historical,參考O26系列及報告的独立測試紀錄；不得把原actual/result當本次live結果,C61-25,release-A-predeploy;final-acceptance-in-declared-environment,not-run,,,,,原欄位逐值保留；不是本輪測試結果。
P06,F12,P2,UI核心指標,桌面/390px；固定網路及device,收LCP/INP/CLS,建議≤2.5s/200ms/0.1；記環境與樣本,未於本次執行；舊狀態保留於historical_status,not-tested,not-tested,,NOT_RUN,本地／隔離fixture；未執行者須依前置条件提供,本次未建立正式資料；未執行者於隔離fixture結束後依runbook處理,待分派,historical baseline preserved; no fresh production acceptance,not-reexecuted-as-original-case,not-tested,not-retested,not-deployed,E01;E02;E06; original evidence IDs are historical,參考O26系列及報告的独立測試紀錄；不得把原actual/result當本次live結果,C61-25,release-A-predeploy;final-acceptance-in-declared-environment,not-run,,,,,原欄位逐值保留；不是本輪測試結果。
P07,F12,P1,大量scope及名單,100workspaces/1000projects/lists,切workspace並搜尋list,分頁按需；不序列下載全部才顯示,未於本次執行；舊狀態保留於historical_status,not-tested,code-only,E03,SOURCE_RISK,本地／隔離fixture；未執行者須依前置条件提供,本次未建立正式資料；未執行者於隔離fixture結束後依runbook處理,待分派,historical baseline preserved; no fresh production acceptance,not-reexecuted-as-original-case,not-tested,not-retested,not-deployed,E01;E02;E06; original evidence IDs are historical,參考O26系列及報告的独立測試紀錄；不得把原actual/result當本次live結果,C61-25,release-A-predeploy;final-acceptance-in-declared-environment,not-run,,,,,原欄位逐值保留；不是本輪測試結果。
P08,F10,P1,運行成本與idle,受控Cloudflare/DB環境,觀察空閒與有job兩窗,計實際requests/compute；無無意義輪詢；成本不超核准額,未於本次執行；舊狀態保留於historical_status,not-tested,not-tested,,NOT_RUN,本地／隔離fixture；未執行者須依前置条件提供,本次未建立正式資料；未執行者於隔離fixture結束後依runbook處理,待分派,historical baseline preserved; no fresh production acceptance,not-reexecuted-as-original-case,not-tested,not-retested,not-deployed,E01;E02;E06; original evidence IDs are historical,參考O26系列及報告的独立測試紀錄；不得把原actual/result當本次live結果,C61-15;C61-19;C61-20;C61-25,release-A-predeploy;final-acceptance-in-declared-environment,not-run,,,,,原欄位逐值保留；不是本輪測試結果。
S01,F01,P1,JWT/JWKS行為,本地非DBfixtures,test_jwks_cache.py,rotation/cache/outage fail-closed assertions通過,本次JWT／JWKS單元檢查通過；非Neon或live tenant驗收,pass,verified,E04;E05,LOCAL_PASS_SUBSET,本地／隔離fixture；未執行者須依前置条件提供,本次未建立正式資料；未執行者於隔離fixture結束後依runbook處理,待分派,historical baseline preserved; no fresh production acceptance,not-reexecuted-as-original-case,not-tested,not-retested,not-deployed,E01;E02;E06; original evidence IDs are historical,參考O26系列及報告的独立測試紀錄；不得把原actual/result當本次live結果,C61-10;C61-12,release-A-predeploy;final-acceptance-in-declared-environment,not-run,,,,,原欄位逐值保留；不是本輪測試結果。
S02,F12,P1,fetch邊界,本地private/loopback/public IP fixture,test_safe_fetch.py,拒絕private/local；不以此聲稱完整SSRF驗收,本次safe_fetch四項單元檢查通過；非完整SSRF驗收,pass,verified,E04,LOCAL_PASS_SUBSET,本地／隔離fixture；未執行者須依前置条件提供,本次未建立正式資料；未執行者於隔離fixture結束後依runbook處理,待分派,historical baseline preserved; no fresh production acceptance,not-reexecuted-as-original-case,not-tested,not-retested,not-deployed,E01;E02;E06; original evidence IDs are historical,參考O26系列及報告的独立測試紀錄；不得把原actual/result當本次live結果,C61-16;C61-24,release-A-predeploy;final-acceptance-in-declared-environment,not-run,,,,,原欄位逐值保留；不是本輪測試結果。
S03,F08,P1,provider未明結果帳本,本地settlement fixtures,test_settlement.py,unknown不釋放；proven-unsent才release,本次settlement三項通過；無正式帳本寫入,pass,verified,E04,LOCAL_PASS_SUBSET,本地／隔離fixture；未執行者須依前置条件提供,本次未建立正式資料；未執行者於隔離fixture結束後依runbook處理,待分派,historical baseline preserved; no fresh production acceptance,not-reexecuted-as-original-case,not-tested,not-retested,not-deployed,E01;E02;E06; original evidence IDs are historical,參考O26系列及報告的独立測試紀錄；不得把原actual/result當本次live結果,C61-18;C61-19;C61-20,release-A-predeploy;final-acceptance-in-declared-environment,not-run,,,,,原欄位逐值保留；不是本輪測試結果。
S04,F10,P1,fixture不得正式啟用,provider contract fixture,test_provider_contracts.py,production拒fixture；缺價目/能力拒絕,provider gate非DB檢查通過；另一duplicate-settlement DB case跳過,pass,verified,E04,LOCAL_PASS_WITH_1_DB_SKIP,本地／隔離fixture；未執行者須依前置条件提供,本次未建立正式資料；未執行者於隔離fixture結束後依runbook處理,待分派,historical baseline preserved; no fresh production acceptance,not-reexecuted-as-original-case,not-tested,not-retested,not-deployed,E01;E02;E06; original evidence IDs are historical,參考O26系列及報告的独立測試紀錄；不得把原actual/result當本次live結果,C61-08;C61-12;C61-15;C61-19;C61-20,release-A-predeploy;final-acceptance-in-declared-environment,not-run,,,,,原欄位逐值保留；不是本輪測試結果。
S05,F10,P1,跨服務gateway,本地mock fetch,node tests/vercel-services.test.mjs及worker-gateway.test.mjs,6 pass；cookie/保護header不誤傳；binding缺失failclosed,Vercel5與worker gateway1，本次共6通過,pass,verified,E05,LOCAL_PASS_6_TESTS,本地／隔離fixture；未執行者須依前置条件提供,本次未建立正式資料；未執行者於隔離fixture結束後依runbook處理,待分派,historical baseline preserved; no fresh production acceptance,not-reexecuted-as-original-case,not-tested,not-retested,not-deployed,E01;E02;E06; original evidence IDs are historical,參考O26系列及報告的独立測試紀錄；不得把原actual/result當本次live結果,C61-08;C61-12;C61-15;C61-19;C61-20,release-A-predeploy;final-acceptance-in-declared-environment,not-run,,,,,原欄位逐值保留；不是本輪測試結果。
S06,F04,P1,租戶隔離與last-admin DB,owned loopback PG；strict mode,目前RLS/admin integration suites,無跨租戶讀寫；必要DB case不skip,無Docker／owned PostgreSQL，未執行RLS／last-admin DB驗收,blocked,blocked,E04,NOT_RUN_LOCAL_DB_MISSING,本地／隔離fixture；未執行者須依前置条件提供,本次未建立正式資料；未執行者於隔離fixture結束後依runbook處理,待分派,historical baseline preserved; no fresh production acceptance,not-reexecuted-as-original-case,integration-fixture-pass,"owned-db-and-ui-fixture-pass; S06 current-RLS scope only, not Neon N05",not-deployed,E01;E02;E06; original evidence IDs are historical,參考O26系列及報告的独立測試紀錄；不得把原actual/result當本次live結果,C61-02;C61-03;C61-09;C61-12;C61-23,release-A-predeploy;final-acceptance-in-declared-environment,focused_fixture_verified_full_built_gate_blocked,d90431dd4a5a448b54fcb29b4920f6d07982e4d9,owned PG16 and synthetic OIDC/built UI; no provider/production/human acceptance,Selective Q commits reviewed. 45 fresh Node cases; 64 required DB cases on unchanged API subtree; 23 focused isolation cases pass zero fail/error/skip. Complete 96-case built gate remains blocked after ENOSPC/Docker startup; no live closure.,docs/buyeros/evidence/c61/integration-results.md;artifacts/c61/integration-groups.json;artifacts/c61/C61-02-source-bridge.json;artifacts/c61/C61-02-db.json;artifacts/c61/c61-q.xml;artifacts/c61/C61-02-final-head-node.json;artifacts/c61/C61-02-final-head-types.json;artifacts/c61/C61-02-final-head-discovery.json;artifacts/c61/C61-02-second-isolation-focused.json;artifacts/c61/C61-02-second-isolation-focused.xml;artifacts/c61/C61-02-built-ui-enospc-record.json;artifacts/c61/C61-02-built-ui-after-space-recovery.json,原欄位逐值保留；不是本輪測試結果。
R01,F13,P1,部署對照,main/CI/Vercel/DB/worker readback,記SHA/schema/selector/epoch/time,每一層明確且可追查；不能以merge推migration,main與production source相符；DB schema／worker selector尚未readback,blocked,verified,E02,PARTIAL_METADATA_VERIFIED,本地／隔離fixture；未執行者須依前置条件提供,本次未建立正式資料；未執行者於隔離fixture結束後依runbook處理,待分派,historical baseline preserved; no fresh production acceptance,not-reexecuted-as-original-case,not-tested,not-retested,not-deployed,E01;E02;E06; original evidence IDs are historical,參考O26系列及報告的独立測試紀錄；不得把原actual/result當本次live結果,C61-01;C61-28;C61-29,release-A-postdeploy-readback,not-run,,,,,原欄位逐值保留；不是本輪測試結果。
R02,F10,P1,runtime權限0036,owned PG18及核准preview,SELECT checkpoint版本；試mutation,允許必要read；拒schema-version mutation,未於本次執行；舊狀態保留於historical_status,not-tested,not-tested,,HISTORICAL_CI_ONLY,本地／隔離fixture；未執行者須依前置条件提供,本次未建立正式資料；未執行者於隔離fixture結束後依runbook處理,待分派,historical baseline preserved; no fresh production acceptance,not-reexecuted-as-original-case,not-tested,not-retested,not-deployed,E01;E02;E06; original evidence IDs are historical,參考O26系列及報告的独立測試紀錄；不得把原actual/result當本次live結果,C61-13;C61-19;C61-20;C61-28;C61-29,release-A-predeploy;final-acceptance-in-declared-environment,not-run,,,,,原欄位逐值保留；不是本輪測試結果。
R03,F10,P1,outbox恢復與lease,owned PG/controller,duplicateQueue/leaseexpired/epochchange,無重複side effect；舊epoch拒絕,未於本次執行；舊狀態保留於historical_status,not-tested,not-tested,,HISTORICAL_CI_ONLY,本地／隔離fixture；未執行者須依前置条件提供,本次未建立正式資料；未執行者於隔離fixture結束後依runbook處理,待分派,historical baseline preserved; no fresh production acceptance,not-reexecuted-as-original-case,not-tested,not-retested,not-deployed,E01;E02;E06; original evidence IDs are historical,參考O26系列及報告的独立測試紀錄；不得把原actual/result當本次live結果,C61-13;C61-19;C61-20;C61-28;C61-29,release-A-predeploy;final-acceptance-in-declared-environment,not-run,,,,,原欄位逐值保留；不是本輪測試結果。
R04,F10,P1,restore及retention,隔離restore；外部journal副本,恢復舊backup再replay deletion,刪除不復活；ledger可核對；資料可用前完成,未於本次執行；舊狀態保留於historical_status,not-tested,not-tested,,NOT_RUN,本地／隔離fixture；未執行者須依前置条件提供,本次未建立正式資料；未執行者於隔離fixture結束後依runbook處理,待分派,historical baseline preserved; no fresh production acceptance,not-reexecuted-as-original-case,not-tested,not-retested,not-deployed,E01;E02;E06; original evidence IDs are historical,參考O26系列及報告的独立測試紀錄；不得把原actual/result當本次live結果,C61-13;C61-19;C61-20;C61-28;C61-29,release-A-predeploy;final-acceptance-in-declared-environment,not-run,,,,,原欄位逐值保留；不是本輪測試結果。
R05,F13,P2,單一現況文件,CURRENT_STATUS及舊handoff,比對PR狀態/時間/operation ledger,historical標清楚；部署狀態不捏造,未於本次執行；舊狀態保留於historical_status,not-tested,code-only,E03,SOURCE_GAP,本地／隔離fixture；未執行者須依前置条件提供,本次未建立正式資料；未執行者於隔離fixture結束後依runbook處理,待分派,historical baseline preserved; no fresh production acceptance,not-reexecuted-as-original-case,partial-local-status-and-capability-guidance;external-release-comparison-open,Q11 hosted all8 jobs SUCCESS;API812+continuity4/8/1/3/1 pass0fail-error-skip at0e100d9; fullrelease/N00 open,not-deployed,E01;E02;E06; original evidence IDs are historical,參考O26系列及報告的独立測試紀錄；不得把原actual/result當本次live結果,C61-01;C61-28;C61-29,release-A-predeploy;final-acceptance-in-declared-environment,not-run,,,,,原欄位逐值保留；不是本輪測試結果。
R06,F10,P1,告警及rollback,核准staging；注入job stalled,查alert→負責人→drain→rollback,可操作；未知holds不誤釋放；証據有時間線,未於本次執行；舊狀態保留於historical_status,not-tested,not-tested,,NOT_RUN,本地／隔離fixture；未執行者須依前置条件提供,本次未建立正式資料；未執行者於隔離fixture結束後依runbook處理,待分派,historical baseline preserved; no fresh production acceptance,not-reexecuted-as-original-case,not-tested,not-retested,not-deployed,E01;E02;E06; original evidence IDs are historical,參考O26系列及報告的独立測試紀錄；不得把原actual/result當本次live結果,C61-13;C61-19;C61-20;C61-28;C61-29,release-A-predeploy;final-acceptance-in-declared-environment,not-run,,,,,原欄位逐值保留；不是本輪測試結果。
U13,F15,P2,Callback初始化不誤報,有設定auth的乾淨啟動／hydration,登入並記initializing→callback→session各畫面,配置正確時不出現未設定alert,短暫顯示Live sign-in is not configured後完成登入,fail,verified,E03;E07,NEW_2026-10-03,正式read-only,不使用正式客戶資料；重現腳本無外部副作用,待分派,historical baseline preserved; no fresh production acceptance,not-reexecuted-as-original-case,fixture-pass,render-and-ui-fixture-pass,not-deployed,E01;E02;E06; original evidence IDs are historical,參考O26系列及報告的独立測試紀錄；不得把原actual/result當本次live結果,C61-02;C61-03;C61-11,release-A-predeploy;final-acceptance-in-declared-environment,focused_fixture_verified_full_built_gate_blocked,d90431dd4a5a448b54fcb29b4920f6d07982e4d9,owned PG16 and synthetic OIDC/built UI; no provider/production/human acceptance,Selective Q commits reviewed. 45 fresh Node cases; 64 required DB cases on unchanged API subtree; 23 focused isolation cases pass zero fail/error/skip. Complete 96-case built gate remains blocked after ENOSPC/Docker startup; no live closure.,docs/buyeros/evidence/c61/integration-results.md;artifacts/c61/integration-groups.json;artifacts/c61/C61-02-source-bridge.json;artifacts/c61/C61-02-db.json;artifacts/c61/c61-q.xml;artifacts/c61/C61-02-final-head-node.json;artifacts/c61/C61-02-final-head-types.json;artifacts/c61/C61-02-final-head-discovery.json;artifacts/c61/C61-02-second-isolation-focused.json;artifacts/c61/C61-02-second-isolation-focused.xml;artifacts/c61/C61-02-built-ui-enospc-record.json;artifacts/c61/C61-02-built-ui-after-space-recovery.json,原欄位逐值保留；不是本輪測試結果。
U14,F20,P1,Neon刷新／新分頁與deep link,隔離Neon會員及同源cookie；未實作,登入後刷新、開新分頁、短JWT過期後讀資料,正確恢復scope；限次token renewal；不把token存localStorage,Neon未實作；只見現有記憶體Auth0新頁要登入,not-tested,code-only,E03;E09,NEW_2026-10-03,隔離fixture／local,不使用正式客戶資料；重現腳本無外部副作用,待分派,historical baseline preserved; no fresh production acceptance,not-reexecuted-as-original-case,not-tested,not-retested,not-deployed,E01;E02;E06; original evidence IDs are historical,參考O26系列及報告的独立測試紀錄；不得把原actual/result當本次live結果,C61-11;C61-12,release-A-predeploy;final-acceptance-in-declared-environment,not-run,,,,,原欄位逐值保留；不是本輪測試結果。
U15,F17,P2,專案統計與列表同範圍,A零failed；同workspace B五failed,選A看Overview Failed jobs再開列表；切B,A0、B5；或明確標全workspace，統計與列表一致,程式碼未帶project_id；尚未執行DB／UI fixture,not-tested,code-only,E03,NEW_2026-10-03,隔離fixture／local,不使用正式客戶資料；重現腳本無外部副作用,待分派,historical baseline preserved; no fresh production acceptance,not-reexecuted-as-original-case,integration-fixture-pass,actual API/PG A0/B5/workspace5; actor-only/admin8/viewer0;21/101 all job pages20; count+list held A-B-A;en/zh390;URL/refresh+reauth/read503 retry pass; fixture only,not-deployed,E01;E02;E06; original evidence IDs are historical,參考O26系列及報告的独立測試紀錄；不得把原actual/result當本次live結果,C61-02;C61-21,release-A-predeploy;final-acceptance-in-declared-environment,focused_fixture_verified_full_built_gate_blocked,d90431dd4a5a448b54fcb29b4920f6d07982e4d9,owned PG16 and synthetic OIDC/built UI; no provider/production/human acceptance,Selective Q commits reviewed. 45 fresh Node cases; 64 required DB cases on unchanged API subtree; 23 focused isolation cases pass zero fail/error/skip. Complete 96-case built gate remains blocked after ENOSPC/Docker startup; no live closure.,docs/buyeros/evidence/c61/integration-results.md;artifacts/c61/integration-groups.json;artifacts/c61/C61-02-source-bridge.json;artifacts/c61/C61-02-db.json;artifacts/c61/c61-q.xml;artifacts/c61/C61-02-final-head-node.json;artifacts/c61/C61-02-final-head-types.json;artifacts/c61/C61-02-final-head-discovery.json;artifacts/c61/C61-02-second-isolation-focused.json;artifacts/c61/C61-02-second-isolation-focused.xml;artifacts/c61/C61-02-built-ui-enospc-record.json;artifacts/c61/C61-02-built-ui-after-space-recovery.json,原欄位逐值保留；不是本輪測試結果。
U16,F21,P1,正式workspace讀取錯誤恢復,正式read-only；登入完成,首次載入；記requestID；按一次Retry,正常read或可恢復錯誤；server log可定位原因,首次500 OperationalError；Retry成功讀取空membership,fail,verified,E07,NEW_2026-10-03,正式read-only,不使用正式客戶資料；重現腳本無外部副作用,待分派,historical baseline preserved; no fresh production acceptance,not-reexecuted-as-original-case,blocked-root-cause-evidence,read-only-log-inspected; cause-unconfirmed,not-deployed,E01;E02;E06; original evidence IDs are historical,參考O26系列及報告的独立測試紀錄；不得把原actual/result當本次live結果,C61-04;C61-05,release-A-predeploy;final-acceptance-in-declared-environment,not-run,,,,,原欄位逐值保留；不是本輪測試結果。
D01,F16,P1,人工改稿至重新審批,隔離addressed grounded draft、operator與reviewer,改正文→保存→來源覆核→request review→approve→export,保留人工內容；新revision精確引用與審批；全鏈可完成,edit清claims；UI無重grounding入口；未跑完整持久化case,not-tested,code-only,E03;E06,NEW_2026-10-03,隔離fixture／local,不使用正式客戶資料；重現腳本無外部副作用,待分派,historical baseline preserved; no fresh production acceptance,not-reexecuted-as-original-case,fixed-with-local-fixture-integration-evidence,local-fixture-and-integration-pass; broader-transport-limit-open,not-deployed,E01;E02;E06; original evidence IDs are historical,參考O26系列及報告的独立測試紀錄；不得把原actual/result當本次live結果,C61-02;C61-22;C61-26,release-A-predeploy;final-acceptance-in-declared-environment,focused_fixture_verified_full_built_gate_blocked,d90431dd4a5a448b54fcb29b4920f6d07982e4d9,owned PG16 and synthetic OIDC/built UI; no provider/production/human acceptance,Selective Q commits reviewed. 45 fresh Node cases; 64 required DB cases on unchanged API subtree; 23 focused isolation cases pass zero fail/error/skip. Complete 96-case built gate remains blocked after ENOSPC/Docker startup; no live closure.,docs/buyeros/evidence/c61/integration-results.md;artifacts/c61/integration-groups.json;artifacts/c61/C61-02-source-bridge.json;artifacts/c61/C61-02-db.json;artifacts/c61/c61-q.xml;artifacts/c61/C61-02-final-head-node.json;artifacts/c61/C61-02-final-head-types.json;artifacts/c61/C61-02-final-head-discovery.json;artifacts/c61/C61-02-second-isolation-focused.json;artifacts/c61/C61-02-second-isolation-focused.xml;artifacts/c61/C61-02-built-ui-enospc-record.json;artifacts/c61/C61-02-built-ui-after-space-recovery.json,原欄位逐值保留；不是本輪測試結果。
D02,F19,P2,Dirty稿件refresh不丟失,已開draft且有未保存subject/body/language,按Refresh draft／Refresh job／Open other draft，分別Cancel／Save／Discard,Cancel保留所有輸入；Save成功再換；Discard明確確認,source refresh未guard；尚未執行component互動,not-tested,code-only,E03,NEW_2026-10-03,隔離fixture／local,不使用正式客戶資料；重現腳本無外部副作用,待分派,historical baseline preserved; no fresh production acceptance,not-reexecuted-as-original-case,integration-fixture-pass,fixture-and-integration-pass,not-deployed,E01;E02;E06; original evidence IDs are historical,參考O26系列及報告的独立測試紀錄；不得把原actual/result當本次live結果,C61-02;C61-22;C61-26,release-A-predeploy;final-acceptance-in-declared-environment,focused_fixture_verified_full_built_gate_blocked,d90431dd4a5a448b54fcb29b4920f6d07982e4d9,owned PG16 and synthetic OIDC/built UI; no provider/production/human acceptance,Selective Q commits reviewed. 45 fresh Node cases; 64 required DB cases on unchanged API subtree; 23 focused isolation cases pass zero fail/error/skip. Complete 96-case built gate remains blocked after ENOSPC/Docker startup; no live closure.,docs/buyeros/evidence/c61/integration-results.md;artifacts/c61/integration-groups.json;artifacts/c61/C61-02-source-bridge.json;artifacts/c61/C61-02-db.json;artifacts/c61/c61-q.xml;artifacts/c61/C61-02-final-head-node.json;artifacts/c61/C61-02-final-head-types.json;artifacts/c61/C61-02-final-head-discovery.json;artifacts/c61/C61-02-second-isolation-focused.json;artifacts/c61/C61-02-second-isolation-focused.xml;artifacts/c61/C61-02-built-ui-enospc-record.json;artifacts/c61/C61-02-built-ui-after-space-recovery.json,原欄位逐值保留；不是本輪測試結果。
D03,F16,P1,未覆核人工稿不得直接批准,needs_review與empty claims fictional revision,呼叫實際current_approval_context,拒絕並保持未批准；不可自動grounded,本次實際approval gate拒絕grounded nonempty draft required,pass,verified,E06,NEW_2026-10-03,隔離fixture／local,不使用正式客戶資料；重現腳本無外部副作用,待分派,historical baseline preserved; no fresh production acceptance,not-reexecuted-as-original-case,fixed-with-local-fixture-integration-evidence,local-fixture-and-integration-pass; broader-transport-limit-open,not-deployed,E01;E02;E06; original evidence IDs are historical,參考O26系列及報告的独立測試紀錄；不得把原actual/result當本次live結果,C61-02;C61-22;C61-26,release-A-predeploy;final-acceptance-in-declared-environment,focused_fixture_verified_full_built_gate_blocked,d90431dd4a5a448b54fcb29b4920f6d07982e4d9,owned PG16 and synthetic OIDC/built UI; no provider/production/human acceptance,Selective Q commits reviewed. 45 fresh Node cases; 64 required DB cases on unchanged API subtree; 23 focused isolation cases pass zero fail/error/skip. Complete 96-case built gate remains blocked after ENOSPC/Docker startup; no live closure.,docs/buyeros/evidence/c61/integration-results.md;artifacts/c61/integration-groups.json;artifacts/c61/C61-02-source-bridge.json;artifacts/c61/C61-02-db.json;artifacts/c61/c61-q.xml;artifacts/c61/C61-02-final-head-node.json;artifacts/c61/C61-02-final-head-types.json;artifacts/c61/C61-02-final-head-discovery.json;artifacts/c61/C61-02-second-isolation-focused.json;artifacts/c61/C61-02-second-isolation-focused.xml;artifacts/c61/C61-02-built-ui-enospc-record.json;artifacts/c61/C61-02-built-ui-after-space-recovery.json,原欄位逐值保留；不是本輪測試結果。
P09,F18,P1,Workspace查詢量基線,fake SQL connection；W=1/10/100/1000,呼叫真實list_workspaces，固定limit100；測page1/page2,修復目標：不隨無關W線性掃描；只回有權限項目,4/22/202/2002 execute；第二頁仍2002；現版未達修復目標,fail,verified,E06,NEW_2026-10-03,隔離fixture／local,不使用正式客戶資料；重現腳本無外部副作用,待分派,historical baseline preserved; no fresh production acceptance,not-reexecuted-as-original-case,failed-local-directory-budget,real PG16/runtime NOBYPASSRLS: SQL4/22/202/2002 fails<=6/invariance; role/pool/revocation probes pass,not-deployed,E01;E02;E06; original evidence IDs are historical,參考O26系列及報告的独立測試紀錄；不得把原actual/result當本次live結果,C61-06;C61-25,release-A-predeploy;final-acceptance-in-declared-environment,not-run,,,,,原欄位逐值保留；不是本輪測試結果。
P10,F18,P1,Workspace SQL分頁與租戶保護,owned PG；相同canonical user；active/revoked memberships,EXPLAIN與SQLcount、頁1/2；並發撤回；跨tenant讀寫,有界查詢；無漏列重複；撤回有效；RLS不放寬,本次未有owned PG,blocked,blocked,E03,NEW_2026-10-03,隔離fixture／local,不使用正式客戶資料；重現腳本無外部副作用,待分派,historical baseline preserved; no fresh production acceptance,not-reexecuted-as-original-case,failed-local-directory-budget,real PG16/runtime NOBYPASSRLS: SQL4/22/202/2002 fails<=6/invariance; role/pool/revocation probes pass,not-deployed,E01;E02;E06; original evidence IDs are historical,參考O26系列及報告的独立測試紀錄；不得把原actual/result當本次live結果,C61-06;C61-25,release-A-predeploy;final-acceptance-in-declared-environment,not-run,,,,,原欄位逐值保留；不是本輪測試結果。
WF01,F14,P1,Offer部分保存與lost response,同一UI建立project／ICP；假文件provider；隔離DB,project已commit後令ICP保存失敗，再按同次Retry,不多建project；原輸入保留；ICP基於正確offer revision,source有ActionIntent／部分成功處理；本次未執行E2E,not-tested,code-only,E03,NEW_2026-10-03,隔離fixture／local,不使用正式客戶資料；重現腳本無外部副作用,待分派,historical baseline preserved; no fresh production acceptance,not-reexecuted-as-original-case,integration-fixture-pass,local-HTTP-UI-SQL-pass,not-deployed,E01;E02;E06; original evidence IDs are historical,參考O26系列及報告的独立測試紀錄；不得把原actual/result當本次live結果,C61-02;C61-26,release-A-predeploy;final-acceptance-in-declared-environment,focused_fixture_verified_full_built_gate_blocked,d90431dd4a5a448b54fcb29b4920f6d07982e4d9,owned PG16 and synthetic OIDC/built UI; no provider/production/human acceptance,Selective Q commits reviewed. 45 fresh Node cases; 64 required DB cases on unchanged API subtree; 23 focused isolation cases pass zero fail/error/skip. Complete 96-case built gate remains blocked after ENOSPC/Docker startup; no live closure.,docs/buyeros/evidence/c61/integration-results.md;artifacts/c61/integration-groups.json;artifacts/c61/C61-02-source-bridge.json;artifacts/c61/C61-02-db.json;artifacts/c61/c61-q.xml;artifacts/c61/C61-02-final-head-node.json;artifacts/c61/C61-02-final-head-types.json;artifacts/c61/C61-02-final-head-discovery.json;artifacts/c61/C61-02-second-isolation-focused.json;artifacts/c61/C61-02-second-isolation-focused.xml;artifacts/c61/C61-02-built-ui-enospc-record.json;artifacts/c61/C61-02-built-ui-after-space-recovery.json,原欄位逐值保留；不是本輪測試結果。
WF02,F14,P1,過期Offer不得沿用舊ICP批准,operator修改offer與reviewer持有舊頁,先改offer，再批准舊ICP，再嘗試research,412／清楚差異；無stale批准／research副作用,本次未執行；需owned PG與兩角色,not-tested,not-tested,,NEW_2026-10-03,隔離fixture／local,不使用正式客戶資料；重現腳本無外部副作用,待分派,historical baseline preserved; no fresh production acceptance,not-reexecuted-as-original-case,integration-fixture-pass,local-HTTP-UI-SQL-pass,not-deployed,E01;E02;E06; original evidence IDs are historical,參考O26系列及報告的独立測試紀錄；不得把原actual/result當本次live結果,C61-02;C61-26,release-A-predeploy;final-acceptance-in-declared-environment,focused_fixture_verified_full_built_gate_blocked,d90431dd4a5a448b54fcb29b4920f6d07982e4d9,owned PG16 and synthetic OIDC/built UI; no provider/production/human acceptance,Selective Q commits reviewed. 45 fresh Node cases; 64 required DB cases on unchanged API subtree; 23 focused isolation cases pass zero fail/error/skip. Complete 96-case built gate remains blocked after ENOSPC/Docker startup; no live closure.,docs/buyeros/evidence/c61/integration-results.md;artifacts/c61/integration-groups.json;artifacts/c61/C61-02-source-bridge.json;artifacts/c61/C61-02-db.json;artifacts/c61/c61-q.xml;artifacts/c61/C61-02-final-head-node.json;artifacts/c61/C61-02-final-head-types.json;artifacts/c61/C61-02-final-head-discovery.json;artifacts/c61/C61-02-second-isolation-focused.json;artifacts/c61/C61-02-second-isolation-focused.xml;artifacts/c61/C61-02-built-ui-enospc-record.json;artifacts/c61/C61-02-built-ui-after-space-recovery.json,原欄位逐值保留；不是本輪測試結果。
WF03,F14;F10,P1,同一專案跨角色handoff,fictional 24公司；operator/reviewer/admin；隔離隊列,從UI建立offer至research、review、list、assign、contact、draft、approval、export、manual outcome後刷新,每角色看到持久化正確scope／版本；只export不send；delivery403,本次正式membership阻擋；歷史fictional journey不算本次完成,blocked,blocked,E01,NEW_2026-10-03,隔離fixture／local,不使用正式客戶資料；重現腳本無外部副作用,待分派,historical baseline preserved; no fresh production acceptance,not-reexecuted-as-original-case,not-tested,not-retested,not-deployed,E01;E02;E06; original evidence IDs are historical,參考O26系列及報告的独立測試紀錄；不得把原actual/result當本次live結果,C61-26;C61-30,release-A-predeploy;final-acceptance-in-declared-environment,not-run,,,,,原欄位逐值保留；不是本輪測試結果。delivery gate off時原403仍有效；gate on以O26-16/C61T-16另驗。
NA01,F20,P1,SDK與輸出相容,固定SDK版本；local fixture,跑兩種build及同源handler/session/token roundtrip,Vinext及Vercel輸出均可用；不只dev成功,Neon Auth未實作；本次未執行,not-tested,not-tested,E09,NOT_RUN_PLANNED,隔離Neon／preview；依N00,依migration rehearsal runbook保留mapping／audit；不自動刪資料,Identity／QA,historical baseline preserved; no fresh production acceptance,not-reexecuted-as-original-case,partial-local;full N00 open,"318reported root/317JUnit leaves,newAPIcontext10;Chromium6/strictcrypto8;0fail-error-skip;fullN00/realNeon/original302 OPEN;parent-browser-control-plane/rawcontext-arbitraryCLI OPEN;original302 not rerun",not-deployed;full N00 and real-Neon gates open,E01;E02;E06; original evidence IDs are historical,參考O26系列及報告的独立測試紀錄；不得把原actual/result當本次live結果,C61-07;C61-08,release-A-predeploy;final-acceptance-in-declared-environment,not-run,,,,,原欄位逐值保留；不是本輪測試結果。
NA02,F20,P1,環境設定不完整,缺issuer/audience/JWKS或mode矛盾,啟動app/API,fail closed；沒有默認接production,Neon Auth未實作；本次未執行,not-tested,not-tested,E09,NOT_RUN_PLANNED,隔離Neon／preview；依N01,依migration rehearsal runbook保留mapping／audit；不自動刪資料,Identity／QA,historical baseline preserved; no fresh production acceptance,not-reexecuted-as-original-case,not-tested,not-retested,not-deployed,E01;E02;E06; original evidence IDs are historical,參考O26系列及報告的独立測試紀錄；不得把原actual/result當本次live結果,C61-08;C61-12,release-A-predeploy;final-acceptance-in-declared-environment,not-run,,,,,原欄位逐值保留；不是本輪測試結果。
NA03,F20,P1,秘密不得進前端,preview cookie secret與runtime env,檢查build及logs,沒有secret/password/token被輸出,Neon Auth未實作；本次未執行,not-tested,not-tested,E09,NOT_RUN_PLANNED,隔離Neon／preview；依N01,依migration rehearsal runbook保留mapping／audit；不自動刪資料,Identity／QA,historical baseline preserved; no fresh production acceptance,not-reexecuted-as-original-case,not-tested,not-retested,not-deployed,E01;E02;E06; original evidence IDs are historical,參考O26系列及報告的独立測試紀錄；不得把原actual/result當本次live結果,C61-08;C61-12,release-A-predeploy;final-acceptance-in-declared-environment,not-run,,,,,原欄位逐值保留；不是本輪測試結果。
NA04,F20,P1,Email登入,Neon測試帳戶；已核實mapping,登入並開workspace,canonical User與角色正確,Neon Auth未實作；本次未執行,not-tested,not-tested,E09,NOT_RUN_PLANNED,隔離Neon／preview；依N04,依migration rehearsal runbook保留mapping／audit；不自動刪資料,Identity／QA,historical baseline preserved; no fresh production acceptance,not-reexecuted-as-original-case,not-tested,not-retested,not-deployed,E01;E02;E06; original evidence IDs are historical,參考O26系列及報告的独立測試紀錄；不得把原actual/result當本次live結果,C61-07;C61-11;C61-26,release-A-predeploy;final-acceptance-in-declared-environment,not-run,,,,,原欄位逐值保留；不是本輪測試結果。
NA05,F20,P1,Google登入,自有測試OAuth config；受控callback,登入並返回deep link,沒有Auth0 callback；scope保持；無自動email提權,Neon Auth未實作；本次未執行,not-tested,not-tested,E09,NOT_RUN_PLANNED,隔離Neon／preview；依N04,依migration rehearsal runbook保留mapping／audit；不自動刪資料,Identity／QA,historical baseline preserved; no fresh production acceptance,not-reexecuted-as-original-case,not-tested,not-retested,not-deployed,E01;E02;E06; original evidence IDs are historical,參考O26系列及報告的独立測試紀錄；不得把原actual/result當本次live結果,C61-07;C61-11;C61-26,release-A-predeploy;final-acceptance-in-declared-environment,not-run,,,,,原欄位逐值保留；不是本輪測試結果。
NA06,F20,P1,舊密碼帳戶onboarding,核准測試收件人；舊Auth0帳戶,新帳戶設定/verification/reset演練,不需要匯出密碼；Neon帳戶建立及link可核對,Neon Auth未實作；本次未執行,not-tested,not-tested,E09,NOT_RUN_PLANNED,隔離Neon／preview；依N06,依migration rehearsal runbook保留mapping／audit；不自動刪資料,Identity／QA,historical baseline preserved; no fresh production acceptance,not-reexecuted-as-original-case,not-tested,not-retested,not-deployed,E01;E02;E06; original evidence IDs are historical,參考O26系列及報告的独立測試紀錄；不得把原actual/result當本次live結果,C61-03;C61-09;C61-13,release-A-predeploy;final-acceptance-in-declared-environment,not-run,,,,,原欄位逐值保留；不是本輪測試結果。
NA07,F20,P1,保留使用者UUID,1 User多workspace/owner/approval/job history,link Auth0及Neon identity,user/membership/歷史FK全不變,Neon Auth未實作；本次未執行,not-tested,not-tested,E09,NOT_RUN_PLANNED,隔離Neon／preview；依N02,依migration rehearsal runbook保留mapping／audit；不自動刪資料,Identity／QA,historical baseline preserved; no fresh production acceptance,not-reexecuted-as-original-case,not-tested,not-retested,not-deployed,E01;E02;E06; original evidence IDs are historical,參考O26系列及報告的独立測試紀錄；不得把原actual/result當本次live結果,C61-03;C61-09;C61-13,release-A-predeploy;final-acceptance-in-declared-environment,not-run,,,,,原欄位逐值保留；不是本輪測試結果。
NA08,F20,P1,同email不同身份,兩個不同subject；同email,提出link候選,未有核實proof不能link或提權,Neon Auth未實作；本次未執行,not-tested,not-tested,E09,NOT_RUN_PLANNED,隔離Neon／preview；依N02,依migration rehearsal runbook保留mapping／audit；不自動刪資料,Identity／QA,historical baseline preserved; no fresh production acceptance,not-reexecuted-as-original-case,not-tested,not-retested,not-deployed,E01;E02;E06; original evidence IDs are historical,參考O26系列及報告的独立測試紀錄；不得把原actual/result當本次live結果,C61-03;C61-09;C61-13,release-A-predeploy;final-acceptance-in-declared-environment,not-run,,,,,原欄位逐值保留；不是本輪測試結果。
NA09,F20,P1,映射冲突與重跑,duplicate/ambiguous/import已執行,dry-run及再執行,衝突拒絕；成功項不重複；audit可追查,Neon Auth未實作；本次未執行,not-tested,not-tested,E09,NOT_RUN_PLANNED,隔離Neon／preview；依N02,依migration rehearsal runbook保留mapping／audit；不自動刪資料,Identity／QA,historical baseline preserved; no fresh production acceptance,not-reexecuted-as-original-case,not-tested,not-retested,not-deployed,E01;E02;E06; original evidence IDs are historical,參考O26系列及報告的独立測試紀錄；不得把原actual/result當本次live結果,C61-03;C61-09;C61-13,release-A-predeploy;final-acceptance-in-declared-environment,not-run,,,,,原欄位逐值保留；不是本輪測試結果。
NA10,F20,P1,沒有membership,有效Neon identity但無active membership,登入切繁中並retry,明確無權限；可切語言；不自動創admin,Neon Auth未實作；本次未執行,not-tested,not-tested,E09,NOT_RUN_PLANNED,隔離Neon／preview；依N02,依migration rehearsal runbook保留mapping／audit；不自動刪資料,Identity／QA,historical baseline preserved; no fresh production acceptance,not-reexecuted-as-original-case,not-tested,not-retested,not-deployed,E01;E02;E06; original evidence IDs are historical,參考O26系列及報告的独立測試紀錄；不得把原actual/result當本次live結果,C61-03;C61-11;C61-12,release-A-predeploy;final-acceptance-in-declared-environment,not-run,,,,,原欄位逐值保留；不是本輪測試結果。
NA11,F20,P1,EdDSA成功,固定Ed25519測試keys；正確claims,呼叫API,驗簽成功後才解identity；按DB授權,Neon Auth未實作；本次未執行,not-tested,not-tested,E09,NOT_RUN_PLANNED,隔離Neon／preview；依N03,依migration rehearsal runbook保留mapping／audit；不自動刪資料,Identity／QA,historical baseline preserved; no fresh production acceptance,not-reexecuted-as-original-case,not-tested,not-retested,not-deployed,E01;E02;E06; original evidence IDs are historical,參考O26系列及報告的独立測試紀錄；不得把原actual/result當本次live結果,C61-10;C61-12,release-A-predeploy;final-acceptance-in-declared-environment,not-run,,,,,原欄位逐值保留；不是本輪測試結果。執行時核實官方algorithm；若改contract需明確amendment及successor，不靜默修改本列。
NA12,F20,P1,issuer/audience/branch,簽章有效但claims為另一環境,prod打preview及反向,401；即使JWKS複製仍拒絕,Neon Auth未實作；本次未執行,not-tested,not-tested,E09,NOT_RUN_PLANNED,隔離Neon／preview；依N03,依migration rehearsal runbook保留mapping／audit；不自動刪資料,Identity／QA,historical baseline preserved; no fresh production acceptance,not-reexecuted-as-original-case,not-tested,not-retested,not-deployed,E01;E02;E06; original evidence IDs are historical,參考O26系列及報告的独立測試紀錄；不得把原actual/result當本次live結果,C61-10;C61-12,release-A-predeploy;final-acceptance-in-declared-environment,not-run,,,,,原欄位逐值保留；不是本輪測試結果。
NA13,F20,P1,演算法混淆,none/HS256/RSA假扮Neon/錯kty,驗證token,全部拒絕；不動態跟jku/x5u,Neon Auth未實作；本次未執行,not-tested,not-tested,E09,NOT_RUN_PLANNED,隔離Neon／preview；依N03,依migration rehearsal runbook保留mapping／audit；不自動刪資料,Identity／QA,historical baseline preserved; no fresh production acceptance,not-reexecuted-as-original-case,not-tested,not-retested,not-deployed,E01;E02;E06; original evidence IDs are historical,參考O26系列及報告的独立測試紀錄；不得把原actual/result當本次live結果,C61-10;C61-12,release-A-predeploy;final-acceptance-in-declared-environment,not-run,,,,,原欄位逐值保留；不是本輪測試結果。
NA14,F20,P1,過期及claim型別,expired/缺exp/sub/錯型別/future nbf,驗證token,可預期401；不把解析錯誤變500,Neon Auth未實作；本次未執行,not-tested,not-tested,E09,NOT_RUN_PLANNED,隔離Neon／preview；依N03,依migration rehearsal runbook保留mapping／audit；不自動刪資料,Identity／QA,historical baseline preserved; no fresh production acceptance,not-reexecuted-as-original-case,not-tested,not-retested,not-deployed,E01;E02;E06; original evidence IDs are historical,參考O26系列及報告的独立測試紀錄；不得把原actual/result當本次live結果,C61-10;C61-12,release-A-predeploy;final-acceptance-in-declared-environment,not-run,,,,,原欄位逐值保留；不是本輪測試結果。
NA15,F20,P1,key rotation與outage,known/unknown kid；JWKS timeout,併發驗證與輪換,有界cache；rate-limit refresh；hard stale後拒絕,Neon Auth未實作；本次未執行,not-tested,not-tested,E09,NOT_RUN_PLANNED,隔離Neon／preview；依N03,依migration rehearsal runbook保留mapping／audit；不自動刪資料,Identity／QA,historical baseline preserved; no fresh production acceptance,not-reexecuted-as-original-case,not-tested,not-retested,not-deployed,E01;E02;E06; original evidence IDs are historical,參考O26系列及報告的独立測試紀錄；不得把原actual/result當本次live結果,C61-10;C61-12,release-A-predeploy;final-acceptance-in-declared-environment,not-run,,,,,原欄位逐值保留；不是本輪測試結果。
NA16,F20,P1,跨issuer相同kid,Auth0/Neon同kid不同key,交錯驗證,cache隔離；provider只能用自己keys,Neon Auth未實作；本次未執行,not-tested,not-tested,E09,NOT_RUN_PLANNED,隔離Neon／preview；依N03,依migration rehearsal runbook保留mapping／audit；不自動刪資料,Identity／QA,historical baseline preserved; no fresh production acceptance,not-reexecuted-as-original-case,not-tested,not-retested,not-deployed,E01;E02;E06; original evidence IDs are historical,參考O26系列及報告的独立測試紀錄；不得把原actual/result當本次live結果,C61-10;C61-12,release-A-predeploy;final-acceptance-in-declared-environment,not-run,,,,,原欄位逐值保留；不是本輪測試結果。
NA17,F20,P1,reload恢復session,已登入Neon＋selectedscope,reload/deep link/newtab,讀session後恢复授權scope；无假無會員閃現,Neon Auth未實作；本次未執行,not-tested,not-tested,E09,NOT_RUN_PLANNED,隔離Neon／preview；依N04,依migration rehearsal runbook保留mapping／audit；不自動刪資料,Identity／QA,historical baseline preserved; no fresh production acceptance,not-reexecuted-as-original-case,not-tested,not-retested,not-deployed,E01;E02;E06; original evidence IDs are historical,參考O26系列及報告的独立測試紀錄；不得把原actual/result當本次live結果,C61-11;C61-12,release-A-predeploy;final-acceptance-in-declared-environment,not-run,,,,,原欄位逐值保留；不是本輪測試結果。
NA18,F20,P1,token更新single-flight,快過期JWT；10個併發API,觸發ensureAccessToken,只1 refresh；不把token存localStorage,Neon Auth未實作；本次未執行,not-tested,not-tested,E09,NOT_RUN_PLANNED,隔離Neon／preview；依N04,依migration rehearsal runbook保留mapping／audit；不自動刪資料,Identity／QA,historical baseline preserved; no fresh production acceptance,not-reexecuted-as-original-case,not-tested,not-retested,not-deployed,E01;E02;E06; original evidence IDs are historical,參考O26系列及報告的独立測試紀錄；不得把原actual/result當本次live結果,C61-11;C61-12,release-A-predeploy;final-acceptance-in-declared-environment,not-run,,,,,原欄位逐值保留；不是本輪測試結果。
NA19,F20,P1,refresh與mutation重試,commit遺失response；401另案,重試研究/批量工作,意圖key保留；不自動新key重送,Neon Auth未實作；本次未執行,not-tested,not-tested,E09,NOT_RUN_PLANNED,隔離Neon／preview；依N04,依migration rehearsal runbook保留mapping／audit；不自動刪資料,Identity／QA,historical baseline preserved; no fresh production acceptance,not-reexecuted-as-original-case,not-tested,not-retested,not-deployed,E01;E02;E06; original evidence IDs are historical,參考O26系列及報告的独立測試紀錄；不得把原actual/result當本次live結果,C61-11;C61-12,release-A-predeploy;final-acceptance-in-declared-environment,not-run,,,,,原欄位逐值保留；不是本輪測試結果。
NA20,F20,P1,跨tab登出,兩tabs；有poll與cachedbuyer,一tab登出,兩邊清session UI/token/scope/poll；已發行JWT殘留時限另記,Neon Auth未實作；本次未執行,not-tested,not-tested,E09,NOT_RUN_PLANNED,隔離Neon／preview；依N04,依migration rehearsal runbook保留mapping／audit；不自動刪資料,Identity／QA,historical baseline preserved; no fresh production acceptance,not-reexecuted-as-original-case,not-tested,not-retested,not-deployed,E01;E02;E06; original evidence IDs are historical,參考O26系列及報告的独立測試紀錄；不得把原actual/result當本次live結果,C61-11;C61-12,release-A-predeploy;final-acceptance-in-declared-environment,not-run,,,,,原欄位逐值保留；不是本輪測試結果。
NA21,F20,P1,cookie/Safari類路徑,WebKit及人工Safari；禁第三方cookie,登入/reload/logout,同源cookie仍可用；記實機與runner差別,Neon Auth未實作；本次未執行,not-tested,not-tested,E09,NOT_RUN_PLANNED,隔離Neon／preview；依N05,依migration rehearsal runbook保留mapping／audit；不自動刪資料,Identity／QA,historical baseline preserved; no fresh production acceptance,not-reexecuted-as-original-case,not-tested,not-retested,not-deployed,E01;E02;E06; original evidence IDs are historical,參考O26系列及報告的独立測試紀錄；不得把原actual/result當本次live結果,C61-11;C61-12,release-A-predeploy;final-acceptance-in-declared-environment,not-run,,,,,原欄位逐值保留；不是本輪測試結果。
NA22,F20,P1,CSRF與callback,惡意Origin/state/replayedcallback,向authhandler提交,拒絕非法请求；SDK防護保留,Neon Auth未實作；本次未執行,not-tested,not-tested,E09,NOT_RUN_PLANNED,隔離Neon／preview；依N05,依migration rehearsal runbook保留mapping／audit；不自動刪資料,Identity／QA,historical baseline preserved; no fresh production acceptance,not-reexecuted-as-original-case,not-tested,not-retested,not-deployed,E01;E02;E06; original evidence IDs are historical,參考O26系列及報告的独立測試紀錄；不得把原actual/result當本次live結果,C61-11;C61-12,release-A-predeploy;final-acceptance-in-declared-environment,not-run,,,,,原欄位逐值保留；不是本輪測試結果。
NA23,F20,P1,returnTo open redirect,absolute/protocolrelative/encoded URLs,登入帶returnTo,只能本網站允許相對路徑,Neon Auth未實作；本次未執行,not-tested,not-tested,E09,NOT_RUN_PLANNED,隔離Neon／preview；依N04,依migration rehearsal runbook保留mapping／audit；不自動刪資料,Identity／QA,historical baseline preserved; no fresh production acceptance,not-reexecuted-as-original-case,not-tested,not-retested,not-deployed,E01;E02;E06; original evidence IDs are historical,參考O26系列及報告的独立測試紀錄；不得把原actual/result當本次live結果,C61-11;C61-12,release-A-predeploy;final-acceptance-in-declared-environment,not-run,,,,,原欄位逐值保留；不是本輪測試結果。
NA24,F20,P1,撤回權限及identity,已發行有效JWT；禁用mapping/member,下一個API及job domain step,拒絕新授權；已發行JWT不代表有workspace權限,Neon Auth未實作；本次未執行,not-tested,not-tested,E09,NOT_RUN_PLANNED,隔離Neon／preview；依N05,依migration rehearsal runbook保留mapping／audit；不自動刪資料,Identity／QA,historical baseline preserved; no fresh production acceptance,not-reexecuted-as-original-case,not-tested,not-retested,not-deployed,E01;E02;E06; original evidence IDs are historical,參考O26系列及報告的独立測試紀錄；不得把原actual/result當本次live結果,C61-09;C61-10;C61-12,release-A-predeploy;final-acceptance-in-declared-environment,not-run,,,,,原欄位逐值保留；不是本輪測試結果。
NA25,F20,P1,workspace roles真實來源,Neon role=admin/authenticated假fixture,呼叫admin API,僅BuyerOS DB角色決定；不能靠claim獲admin,Neon Auth未實作；本次未執行,not-tested,not-tested,E09,NOT_RUN_PLANNED,隔離Neon／preview；依N05,依migration rehearsal runbook保留mapping／audit；不自動刪資料,Identity／QA,historical baseline preserved; no fresh production acceptance,not-reexecuted-as-original-case,not-tested,not-retested,not-deployed,E01;E02;E06; original evidence IDs are historical,參考O26系列及報告的独立測試紀錄；不得把原actual/result當本次live結果,C61-09;C61-10;C61-12,release-A-predeploy;final-acceptance-in-declared-environment,not-run,,,,,原欄位逐值保留；不是本輪測試結果。
NA26,F20,P1,業務gateway及serviceauth,Neon cookie/bearer；Cloudflare HMAC,app/v1及workerinternal請求,業務proxy不轉cookie/secret；worker不靠userJWT,Neon Auth未實作；本次未執行,not-tested,not-tested,E09,NOT_RUN_PLANNED,隔離Neon／preview；依N05,依migration rehearsal runbook保留mapping／audit；不自動刪資料,Identity／QA,historical baseline preserved; no fresh production acceptance,not-reexecuted-as-original-case,not-tested,not-retested,not-deployed,E01;E02;E06; original evidence IDs are historical,參考O26系列及報告的独立測試紀錄；不得把原actual/result當本次live結果,C61-09;C61-10;C61-12,release-A-predeploy;final-acceptance-in-declared-environment,not-run,,,,,原欄位逐值保留；不是本輪測試結果。
NA27,F20,P1,完整角色journey,operator/reviewer/admin；隔離資料,offer→ICP→buyers→draft→approval→export→outcome,正確角色/版本/歷史；全部必要DB零skip,Neon Auth未實作；本次未執行,not-tested,not-tested,E09,NOT_RUN_PLANNED,隔離Neon／preview；依N06,依migration rehearsal runbook保留mapping／audit；不自動刪資料,Identity／QA,historical baseline preserved; no fresh production acceptance,not-reexecuted-as-original-case,not-tested,not-retested,not-deployed,E01;E02;E06; original evidence IDs are historical,參考O26系列及報告的独立測試紀錄；不得把原actual/result當本次live結果,C61-12;C61-26,release-A-predeploy;final-acceptance-in-declared-environment,not-run,,,,,原欄位逐值保留；不是本輪測試結果。
NA28,F20,P1,Neon-only退役,Auth0和Neon未過期tokens,R3時分別打API,Auth0拒絕；Neon按mapping授權,Neon Auth未實作；本次未執行,not-tested,not-tested,E09,NOT_RUN_PLANNED,隔離Neon／preview；依N07,依migration rehearsal runbook保留mapping／audit；不自動刪資料,Identity／QA,historical baseline preserved; no fresh production acceptance,not-reexecuted-as-original-case,not-tested,not-retested,not-deployed,E01;E02;E06; original evidence IDs are historical,參考O26系列及報告的独立測試紀錄；不得把原actual/result當本次live結果,C61-14,neon-only-final-readback,not-run,,,,,原欄位逐值保留；不是本輪測試結果。
NA29,F20,P1,rollback及Neon-only新戶,已切換並有新業務寫入/新用戶,回復Auth0 UI/trust,不丟寫入/刪mapping；新用戶有明確支援方案,Neon Auth未實作；本次未執行,not-tested,not-tested,E09,NOT_RUN_PLANNED,隔離Neon／preview；依N07,依migration rehearsal runbook保留mapping／audit；不自動刪資料,Identity／QA,historical baseline preserved; no fresh production acceptance,not-reexecuted-as-original-case,not-tested,not-retested,not-deployed,E01;E02;E06; original evidence IDs are historical,參考O26系列及報告的独立測試紀錄；不得把原actual/result當本次live結果,C61-13;C61-14,release-A-predeploy;final-acceptance-in-declared-environment,not-run,,,,,原欄位逐值保留；不是本輪測試結果。
NA30,F20,P1,production前置readback,核准target；read-only,比對SHA/schema/provider/branch/mapping及deadline,每層與預定一致；Auth0雙信任有限期；canary結果可追查,Neon Auth未實作；本次未執行,not-tested,not-tested,E09,NOT_RUN_PLANNED,隔離Neon／preview；依N07,依migration rehearsal runbook保留mapping／audit；不自動刪資料,Identity／QA,historical baseline preserved; no fresh production acceptance,not-reexecuted-as-original-case,not-tested,not-retested,not-deployed,E01;E02;E06; original evidence IDs are historical,參考O26系列及報告的独立測試紀錄；不得把原actual/result當本次live結果,C61-13;C61-14;C61-29,neon-only-final-readback,not-run,,,,,原欄位逐值保留；不是本輪測試結果。
O26-01,F01,P1,登入及指定工作區,既有授權帳戶；不得新授權,安全登入→指定/app→核對工作區及role,有效帳戶進入正確範圍；錯誤可恢复,網站顯示Wrong email or password，未進入後台,blocked,live-only,E02,new-20261006,按actual明確區分正式read-only／本次unit／hosted／歷史fixture,本次無正式資料或外部寄送；未執行案例依隔離runbook清理,待分派,new focused audit case,blocked,see finding/task matrix,網站顯示Wrong email or password，未進入後台,not deployed,E02,只計所列證據範圍；不代表正式端到端完成,C61-03;C61-11;C61-26;C61-29,release-A-postdeploy-readback,not-run,,,,,原欄位逐值保留；不是本輪測試結果。
O26-02,F10,P1,Offer→ICP→真實research→buyers/evidence,隔離已核准provider與預算；operator/reviewer,建offer並核准ICP；start run；追queue及DB；比對來源與UI,持久化真實公司／證據／fit及可對帳成本,selected_run_capability預設None；admission503；未執行真實provider,blocked,code-only,E07,new-20261006,按actual明確區分正式read-only／本次unit／hosted／歷史fixture,本次無正式資料或外部寄送；未執行案例依隔離runbook清理,待分派,new focused audit case,blocked,see finding/task matrix,selected_run_capability預設None；admission503；未執行真實provider,not deployed,E07,只計所列證據範圍；不代表正式端到端完成,C61-16;C61-17;C61-18;C61-19;C61-26,release-A-predeploy;final-acceptance-in-declared-environment,not-run,,,,,原欄位逐值保留；不是本輪測試結果。
O26-03,F12,P1,真實goldset準確度,建議至少50家分層樣本；雙人標註／分歧裁定；固定holdout,三次相同query預算；核對公司、URL、引用及拒答；分語言／市場算分,precision/recall/coverage/abstention/CI及成本，事先接受門檻,只有既有fixture算術工具證據；真實資料未測,not-tested,not-tested,E06,new-20261006,按actual明確區分正式read-only／本次unit／hosted／歷史fixture,本次無正式資料或外部寄送；未執行案例依隔離runbook清理,待分派,new focused audit case,not-tested,see finding/task matrix,只有既有fixture算術工具證據；真實資料未測,not deployed,E06,只計所列證據範圍；不代表正式端到端完成,C61-16;C61-17;C61-18;C61-24,release-A-predeploy;final-acceptance-in-declared-environment,not-run,,,,,原欄位逐值保留；不是本輪測試結果。
O26-04,F08,P1,研究POST已提交但回應遺失,隔離API/DB或受控unit transport,丟失202回應；double-click；token renewal；路由重開；same-intent retry,相同key/body；持久化1run/1outbox；unknown不盲目新建,本次3 intent unit通過；既有DB證據有1run/1outbox；正式未測,pass-fixture-only,verified,E04;E06,new-20261006,按actual明確區分正式read-only／本次unit／hosted／歷史fixture,本次無正式資料或外部寄送；未執行案例依隔離runbook清理,待分派,new focused audit case,pass-fixture-only,see finding/task matrix,本次3 intent unit通過；既有DB證據有1run/1outbox；正式未測,not deployed,E04;E06,只計所列證據範圍；不代表正式端到端完成,C61-02;C61-11;C61-19,release-A-predeploy;final-acceptance-in-declared-environment,live_or_human_gate_blocked,d90431dd4a5a448b54fcb29b4920f6d07982e4d9,owned PG16 and synthetic OIDC/built UI; no provider/production/human acceptance,Selective Q commits reviewed. 45 fresh Node cases; 64 required DB cases on unchanged API subtree; 23 focused isolation cases pass zero fail/error/skip. Complete 96-case built gate remains blocked after ENOSPC/Docker startup; no live closure.,docs/buyeros/evidence/c61/integration-results.md;artifacts/c61/integration-groups.json;artifacts/c61/C61-02-source-bridge.json;artifacts/c61/C61-02-db.json;artifacts/c61/c61-q.xml;artifacts/c61/C61-02-final-head-node.json;artifacts/c61/C61-02-final-head-types.json;artifacts/c61/C61-02-final-head-discovery.json;artifacts/c61/C61-02-second-isolation-focused.json;artifacts/c61/C61-02-second-isolation-focused.xml;artifacts/c61/C61-02-built-ui-enospc-record.json;artifacts/c61/C61-02-built-ui-after-space-recovery.json,原欄位逐值保留；不是本輪測試結果。
O26-05,F11,P1,10001／10000批量邊界與失敗重試,隔離buyer資料100/101/1000/1001/10000/10001筆,freeze preview→確認→worker50筆chunk；取消／崩潰／50衝突；只重試失敗項,>10000明確拒絕；成功項不重播；exact digest/actor/version及progress正確,本次manifest unit及既有Q08 DB/UI证據；未作正式批量寫入,pass-fixture-only,verified,E04;E06,new-20261006,按actual明確區分正式read-only／本次unit／hosted／歷史fixture,本次無正式資料或外部寄送；未執行案例依隔離runbook清理,待分派,new focused audit case,pass-fixture-only,see finding/task matrix,本次manifest unit及既有Q08 DB/UI证據；未作正式批量寫入,not deployed,E04;E06,只計所列證據範圍；不代表正式端到端完成,C61-02;C61-23,release-A-predeploy;final-acceptance-in-declared-environment,live_or_human_gate_blocked,d90431dd4a5a448b54fcb29b4920f6d07982e4d9,owned PG16 and synthetic OIDC/built UI; no provider/production/human acceptance,Selective Q commits reviewed. 45 fresh Node cases; 64 required DB cases on unchanged API subtree; 23 focused isolation cases pass zero fail/error/skip. Complete 96-case built gate remains blocked after ENOSPC/Docker startup; no live closure.,docs/buyeros/evidence/c61/integration-results.md;artifacts/c61/integration-groups.json;artifacts/c61/C61-02-source-bridge.json;artifacts/c61/C61-02-db.json;artifacts/c61/c61-q.xml;artifacts/c61/C61-02-final-head-node.json;artifacts/c61/C61-02-final-head-types.json;artifacts/c61/C61-02-final-head-discovery.json;artifacts/c61/C61-02-second-isolation-focused.json;artifacts/c61/C61-02-second-isolation-focused.xml;artifacts/c61/C61-02-built-ui-enospc-record.json;artifacts/c61/C61-02-built-ui-after-space-recovery.json,原欄位逐值保留；不是本輪測試結果。
O26-06,F16;F19,P1,改稿→來源重核→精確審批→下載,隔離有已核准sources/contact/policy；operator/reviewer,改文；Save/Discard/Cancel；reviewer全段重核；approve exact revision；下載比對,改稿不丟失；過期來源不能過關；不同revision不可沿用審批,本次guard7＋grounding units；hosted fixture journey；正式未測,pass-fixture-only,verified,E03;E04,new-20261006,按actual明確區分正式read-only／本次unit／hosted／歷史fixture,本次無正式資料或外部寄送；未執行案例依隔離runbook清理,待分派,new focused audit case,pass-fixture-only,see finding/task matrix,本次guard7＋grounding units；hosted fixture journey；正式未測,not deployed,E03;E04,只計所列證據範圍；不代表正式端到端完成,C61-02;C61-22;C61-26,release-A-predeploy;final-acceptance-in-declared-environment,live_or_human_gate_blocked,d90431dd4a5a448b54fcb29b4920f6d07982e4d9,owned PG16 and synthetic OIDC/built UI; no provider/production/human acceptance,Selective Q commits reviewed. 45 fresh Node cases; 64 required DB cases on unchanged API subtree; 23 focused isolation cases pass zero fail/error/skip. Complete 96-case built gate remains blocked after ENOSPC/Docker startup; no live closure.,docs/buyeros/evidence/c61/integration-results.md;artifacts/c61/integration-groups.json;artifacts/c61/C61-02-source-bridge.json;artifacts/c61/C61-02-db.json;artifacts/c61/c61-q.xml;artifacts/c61/C61-02-final-head-node.json;artifacts/c61/C61-02-final-head-types.json;artifacts/c61/C61-02-final-head-discovery.json;artifacts/c61/C61-02-second-isolation-focused.json;artifacts/c61/C61-02-second-isolation-focused.xml;artifacts/c61/C61-02-built-ui-enospc-record.json;artifacts/c61/C61-02-built-ui-after-space-recovery.json,原欄位逐值保留；不是本輪測試結果。
O26-07,F10,P1,目前寄送停用邊界,只在隔離fixture打deliver；正式唯讀,先讀UI能力及routes/drafts.py；fixture嘗試delivery,未有驗證connector時403，不能標示已發送,source固定DELIVERY_DISABLED；hosted journey測403；本次未對正式POST,pass-safety-boundary,code-only + hosted fixture,E03;E07,new-20261006,按actual明確區分正式read-only／本次unit／hosted／歷史fixture,本次無正式資料或外部寄送；未執行案例依隔離runbook清理,待分派,new focused audit case,pass-safety-boundary,see finding/task matrix,source固定DELIVERY_DISABLED；hosted journey測403；本次未對正式POST,not deployed,E03;E07,只計所列證據範圍；不代表正式端到端完成,C61-20;C61-26;C61-30,release-A-predeploy;final-acceptance-in-declared-environment,not-run,,,,,原欄位逐值保留；不是本輪測試結果。delivery gate off時原403仍有效；gate on以O26-16/C61T-16另驗。
O26-08,F14,P2,外展後手動結果／修正歷史,隔離已核准匯出；operator,記reply→append correction meeting→refresh／locale切換,append-only歷史保留；UI數量及結果一致,hosted daily workbench JUnit8 pass；正式尚未操作,pass-fixture-only,verified,E03,new-20261006,按actual明確區分正式read-only／本次unit／hosted／歷史fixture,本次無正式資料或外部寄送；未執行案例依隔離runbook清理,待分派,new focused audit case,pass-fixture-only,see finding/task matrix,hosted daily workbench JUnit8 pass；正式尚未操作,not deployed,E03,只計所列證據範圍；不代表正式端到端完成,C61-26,release-A-predeploy;final-acceptance-in-declared-environment,not-run,,,,,原欄位逐值保留；不是本輪測試結果。
O26-09,F01;F04,P1,角色／租戶／撤權負向測試,兩租戶、operator/reviewer/admin/viewer、可回復隔離身份,切角色；異租戶ID；撤權後舊tab／重放key；最後admin競爭,403/404無資料漏出；server現行role/RLS檢查；最後admin保留,API812 hosted整體通過，但本次未逐812案映射或正式負測,not-tested-live,blocked,E03,new-20261006,按actual明確區分正式read-only／本次unit／hosted／歷史fixture,本次無正式資料或外部寄送；未執行案例依隔離runbook清理,待分派,new focused audit case,not-tested-live,see finding/task matrix,API812 hosted整體通過，但本次未逐812案映射或正式負測,not deployed,E03,只計所列證據範圍；不代表正式端到端完成,C61-02;C61-03;C61-09;C61-12;C61-23,release-A-predeploy;final-acceptance-in-declared-environment,live_or_human_gate_blocked,d90431dd4a5a448b54fcb29b4920f6d07982e4d9,owned PG16 and synthetic OIDC/built UI; no provider/production/human acceptance,Selective Q commits reviewed. 45 fresh Node cases; 64 required DB cases on unchanged API subtree; 23 focused isolation cases pass zero fail/error/skip. Complete 96-case built gate remains blocked after ENOSPC/Docker startup; no live closure.,docs/buyeros/evidence/c61/integration-results.md;artifacts/c61/integration-groups.json;artifacts/c61/C61-02-source-bridge.json;artifacts/c61/C61-02-db.json;artifacts/c61/c61-q.xml;artifacts/c61/C61-02-final-head-node.json;artifacts/c61/C61-02-final-head-types.json;artifacts/c61/C61-02-final-head-discovery.json;artifacts/c61/C61-02-second-isolation-focused.json;artifacts/c61/C61-02-second-isolation-focused.xml;artifacts/c61/C61-02-built-ui-enospc-record.json;artifacts/c61/C61-02-built-ui-after-space-recovery.json,原欄位逐值保留；不是本輪測試結果。
O26-10,F20,P1,Neon canonical身份映射不改歷史actor,隔離Neon及受審閱mapping,old issuer/sub→canonical user→Neon identity；同email異subject；rollback,歷史owner/approval/audit user id穩定；不按email自動合併,production Auth0；本分支未交付N02等正式migration,blocked,code-only,E07,new-20261006,按actual明確區分正式read-only／本次unit／hosted／歷史fixture,本次無正式資料或外部寄送；未執行案例依隔離runbook清理,待分派,new focused audit case,blocked,see finding/task matrix,production Auth0；本分支未交付N02等正式migration,not deployed,E07,只計所列證據範圍；不代表正式端到端完成,C61-09;C61-13,release-A-predeploy;final-acceptance-in-declared-environment,not-run,,,,,原欄位逐值保留；不是本輪測試結果。
O26-11,F20,P1,Neon真實callback/session/token/API,獲授權隔離Auth target；BuyerOS實際部署產物,登入→callback→reload→session/token→API→logout→expiry/revocation,正確cookies/CSRF/state/trust/role；無fixture信任值；同版可重現,N00 fixture進展存在；原302診斷與真實provider路徑尚待收斂；無real Neongate,blocked,code-only + historical,E06;E07,new-20261006,按actual明確區分正式read-only／本次unit／hosted／歷史fixture,本次無正式資料或外部寄送；未執行案例依隔離runbook清理,待分派,new focused audit case,blocked,see finding/task matrix,N00 fixture進展存在；原302診斷與真實provider路徑尚待收斂；無real Neongate,not deployed,E06;E07,只計所列證據範圍；不代表正式端到端完成,C61-07;C61-08;C61-10;C61-11;C61-12,release-A-predeploy;final-acceptance-in-declared-environment,not-run,,,,,原欄位逐值保留；不是本輪測試結果。
O26-12,F18,P1,workspace discovery scaling,非owner且NOBYPASSRLS，W=1/10/100/1000；暖樣本>=30、冷樣本另計,同actor1會員；實測SQL、EXPLAIN、p50/p95、errors；多會員分頁與撤權,建議沿用<=6SQL且無關W不影響；p99不足標unstable,歷史SQL4/22/202/2002不過關；本次核對source未改，未重跑PG,fail-historical-still-open,code-only + historical measurement,E06;E07,new-20261006,按actual明確區分正式read-only／本次unit／hosted／歷史fixture,本次無正式資料或外部寄送；未執行案例依隔離runbook清理,待分派,new focused audit case,fail-historical-still-open,see finding/task matrix,歷史SQL4/22/202/2002不過關；本次核對source未改，未重跑PG,not deployed,E06;E07,只計所列證據範圍；不代表正式端到端完成,C61-06;C61-25,release-A-predeploy;final-acceptance-in-declared-environment,not-run,,,,,原欄位逐值保留；不是本輪測試結果。
O26-13,F14,P2,員工日常五任務可用性,至少3位代表員工；桌面/390px/200%/鍵盤/screen reader,找待辦、分派、研究恢復、改稿審批、failed-only批量重試,記完成率、耗時、中斷、求助；建議至少90%無協助、零資料丟失（待產品簽核）,檢視既有手機fixture圖片；本次未做真人／screen reader／登入後互動,not-tested-human,blocked,E06,new-20261006,按actual明確區分正式read-only／本次unit／hosted／歷史fixture,本次無正式資料或外部寄送；未執行案例依隔離runbook清理,待分派,new focused audit case,not-tested-human,see finding/task matrix,檢視既有手機fixture圖片；本次未做真人／screen reader／登入後互動,not deployed,E06,只計所列證據範圍；不代表正式端到端完成,C61-23;C61-27,release-A-predeploy;final-acceptance-in-declared-environment,not-run,,,,,原欄位逐值保留；不是本輪測試結果。
O26-14,F01;F10;F14;F20,P1,八模組完整同一dataset驗收,有效身份／會員、同版schema/worker/provider；隔離資料,Overview→Offer→Buyers→Results→Research runs→Drafts→Settings→Operations交叉讀回,從建專案至核准匯出／manual outcome同一資料鏈可重開讀回,本次0/8後台正式模組完成；登入受阻，不得用fixture取代,blocked,blocked,E02,new-20261006,按actual明確區分正式read-only／本次unit／hosted／歷史fixture,本次無正式資料或外部寄送；未執行案例依隔離runbook清理,待分派,new focused audit case,blocked,see finding/task matrix,本次0/8後台正式模組完成；登入受阻，不得用fixture取代,not deployed,E02,只計所列證據範圍；不代表正式端到端完成,C61-26;C61-30,release-A-predeploy;final-acceptance-in-declared-environment,not-run,,,,,原欄位逐值保留；不是本輪測試結果。
O26-15,F13;F22,P1,release SHA／CI／schema／production一致,可讀GitHub及Vercel metadata,讀main/PR實際狀態/CI checkout tree/deployment alias/schema,業務候選與實際部署對應；文件不把非main合併當上線,PR11 merged至開發基底；CI樹一致；production仍a78859f；schema正式未知,fail-release-gap,verified,E01;E03;E07,new-20261006,按actual明確區分正式read-only／本次unit／hosted／歷史fixture,本次無正式資料或外部寄送；未執行案例依隔離runbook清理,待分派,new focused audit case,fail-release-gap,see finding/task matrix,PR11 merged至開發基底；CI樹一致；production仍a78859f；schema正式未知,production remains baseline,E01;E03;E07,只計所列證據範圍；不代表正式端到端完成,C61-01;C61-28;C61-29,release-A-postdeploy-readback,not-run,,,,,原欄位逐值保留；不是本輪測試結果。
O26-16,F10,P1,將來站內寄送及狀態回傳,獲授權provider sandbox／隔離收件人；不得客戶發信,approve exact revision→send twice／timeout→provider status→signed webhook重放／bounce／unsubscribe,一次message intent；無雙寄；政策撤銷阻擋；可追蹤真實狀態,功能未交付，現有delivery403；尚未發送任何email,not-tested-feature-gap,code-only,E07,new-20261006,按actual明確區分正式read-only／本次unit／hosted／歷史fixture,本次無正式資料或外部寄送；未執行案例依隔離runbook清理,待分派,new focused audit case,not-tested-feature-gap,see finding/task matrix,功能未交付，現有delivery403；尚未發送任何email,not deployed,E07,只計所列證據範圍；不代表正式端到端完成,C61-20;C61-30,native-send-release,not-run,,,,,原欄位逐值保留；不是本輪測試結果。
