browser-continuity	Set up job	﻿2026-10-06T02:01:31.2614923Z Current runner version: '2.337.0'
browser-continuity	Set up job	2026-10-06T02:01:31.2689350Z ##[group]Runner Image Provisioner
browser-continuity	Set up job	2026-10-06T02:01:31.2690880Z Hosted Compute Agent
browser-continuity	Set up job	2026-10-06T02:01:31.2692040Z Version: 20260901.588
browser-continuity	Set up job	2026-10-06T02:01:31.2693437Z Commit: f88ec8081b781fac6c440065ac7ff9e710ce3d0b
browser-continuity	Set up job	2026-10-06T02:01:31.2694990Z Build Date: 2026-09-01T19:56:44Z
browser-continuity	Set up job	2026-10-06T02:01:31.2696209Z Worker ID: {93422f94-704f-45c3-9004-ba01dd64d3ec}
browser-continuity	Set up job	2026-10-06T02:01:31.2697570Z Azure Region: eastus
browser-continuity	Set up job	2026-10-06T02:01:31.2698607Z ##[endgroup]
browser-continuity	Set up job	2026-10-06T02:01:31.2701030Z ##[group]Operating System
browser-continuity	Set up job	2026-10-06T02:01:31.2702128Z Ubuntu
browser-continuity	Set up job	2026-10-06T02:01:31.2703316Z 24.04.5
browser-continuity	Set up job	2026-10-06T02:01:31.2704302Z LTS
browser-continuity	Set up job	2026-10-06T02:01:31.2705297Z ##[endgroup]
browser-continuity	Set up job	2026-10-06T02:01:31.2706444Z ##[group]Runner Image
browser-continuity	Set up job	2026-10-06T02:01:31.2707592Z Image: ubuntu-24.04
browser-continuity	Set up job	2026-10-06T02:01:31.2708627Z Version: 20260927.320.1
browser-continuity	Set up job	2026-10-06T02:01:31.2710734Z Included Software: https://github.com/actions/runner-images/blob/ubuntu24/20260927.320/images/ubuntu/Ubuntu2404-Readme.md
browser-continuity	Set up job	2026-10-06T02:01:31.2714388Z Image Release: https://github.com/actions/runner-images/releases/tag/ubuntu24%2F20260927.320
browser-continuity	Set up job	2026-10-06T02:01:31.2716131Z ##[endgroup]
browser-continuity	Set up job	2026-10-06T02:01:31.2718352Z ##[group]GITHUB_TOKEN Permissions
browser-continuity	Set up job	2026-10-06T02:01:31.2721274Z Contents: read
browser-continuity	Set up job	2026-10-06T02:01:31.2722654Z Metadata: read
browser-continuity	Set up job	2026-10-06T02:01:31.2723690Z Packages: read
browser-continuity	Set up job	2026-10-06T02:01:31.2724814Z ##[endgroup]
browser-continuity	Set up job	2026-10-06T02:01:31.2728083Z Secret source: Actions
browser-continuity	Set up job	2026-10-06T02:01:31.2729898Z Cache mode: write
browser-continuity	Set up job	2026-10-06T02:01:31.2731155Z Prepare workflow directory
browser-continuity	Set up job	2026-10-06T02:01:31.3331145Z Prepare all required actions
browser-continuity	Set up job	2026-10-06T02:01:31.3406053Z Getting action download info
browser-continuity	Set up job	2026-10-06T02:01:31.5324907Z Download action repository 'actions/checkout@v4' (SHA:11d5960a326750d5838078e36cf38b85af677262)
browser-continuity	Set up job	2026-10-06T02:01:31.6571455Z Download action repository 'pnpm/action-setup@v4' (SHA:b906affcce14559ad1aafd4ab0e942779e9f58b1)
browser-continuity	Set up job	2026-10-06T02:01:31.8366414Z Download action repository 'actions/setup-node@v4' (SHA:49933ea5288caeca8642d1e84afbd3f7d6820020)
browser-continuity	Set up job	2026-10-06T02:01:31.9200708Z Download action repository 'actions/setup-python@v5' (SHA:a26af69be951a213d495a4c3e4e4022e16d87065)
browser-continuity	Set up job	2026-10-06T02:01:31.9960553Z Download action repository 'actions/upload-artifact@v4' (SHA:ea165f8d65b6e75b540449e92b4886f43607fa02)
browser-continuity	Set up job	2026-10-06T02:01:32.2498366Z Complete job name: browser-continuity
browser-continuity	Run actions/checkout@v4	﻿2026-10-06T02:01:32.3698186Z ##[group]Run actions/checkout@v4
browser-continuity	Run actions/checkout@v4	2026-10-06T02:01:32.3699560Z with:
browser-continuity	Run actions/checkout@v4	2026-10-06T02:01:32.3700382Z   repository: YNWAforever/BuyerOS
browser-continuity	Run actions/checkout@v4	2026-10-06T02:01:32.3708821Z   token: ***
browser-continuity	Run actions/checkout@v4	2026-10-06T02:01:32.3709621Z   ssh-strict: true
browser-continuity	Run actions/checkout@v4	2026-10-06T02:01:32.3710424Z   ssh-user: git
browser-continuity	Run actions/checkout@v4	2026-10-06T02:01:32.3711249Z   persist-credentials: true
browser-continuity	Run actions/checkout@v4	2026-10-06T02:01:32.3712158Z   clean: true
browser-continuity	Run actions/checkout@v4	2026-10-06T02:01:32.3713111Z   sparse-checkout-cone-mode: true
browser-continuity	Run actions/checkout@v4	2026-10-06T02:01:32.3714115Z   fetch-depth: 1
browser-continuity	Run actions/checkout@v4	2026-10-06T02:01:32.3714914Z   fetch-tags: false
browser-continuity	Run actions/checkout@v4	2026-10-06T02:01:32.3715719Z   show-progress: true
browser-continuity	Run actions/checkout@v4	2026-10-06T02:01:32.3716542Z   lfs: false
browser-continuity	Run actions/checkout@v4	2026-10-06T02:01:32.3717317Z   submodules: false
browser-continuity	Run actions/checkout@v4	2026-10-06T02:01:32.3718188Z   set-safe-directory: true
browser-continuity	Run actions/checkout@v4	2026-10-06T02:01:32.3719142Z   allow-unsafe-pr-checkout: false
browser-continuity	Run actions/checkout@v4	2026-10-06T02:01:32.3720376Z env:
browser-continuity	Run actions/checkout@v4	2026-10-06T02:01:32.3721148Z   BUYEROS_STRICT_INTEGRATION: 1
browser-continuity	Run actions/checkout@v4	2026-10-06T02:01:32.3722487Z   PLAYWRIGHT_JUNIT_OUTPUT_FILE: test-results/t30-browser.xml
browser-continuity	Run actions/checkout@v4	2026-10-06T02:01:32.3723752Z ##[endgroup]
browser-continuity	Run actions/checkout@v4	2026-10-06T02:01:32.4766586Z Syncing repository: YNWAforever/BuyerOS
browser-continuity	Run actions/checkout@v4	2026-10-06T02:01:32.4770599Z ##[group]Getting Git version info
browser-continuity	Run actions/checkout@v4	2026-10-06T02:01:32.4772960Z Working directory is '/home/runner/work/BuyerOS/BuyerOS'
browser-continuity	Run actions/checkout@v4	2026-10-06T02:01:32.4776137Z [command]/usr/bin/git version
browser-continuity	Run actions/checkout@v4	2026-10-06T02:01:32.4854478Z git version 2.55.0
browser-continuity	Run actions/checkout@v4	2026-10-06T02:01:32.4885141Z ##[endgroup]
browser-continuity	Run actions/checkout@v4	2026-10-06T02:01:32.4902560Z Temporarily overriding HOME='/home/runner/work/_temp/91df4907-5975-4e81-b46b-405e41442067' before making global git config changes
browser-continuity	Run actions/checkout@v4	2026-10-06T02:01:32.4907272Z Adding repository directory to the temporary git global config as a safe directory
browser-continuity	Run actions/checkout@v4	2026-10-06T02:01:32.4911663Z [command]/usr/bin/git config --global --add safe.directory /home/runner/work/BuyerOS/BuyerOS
browser-continuity	Run actions/checkout@v4	2026-10-06T02:01:32.4968718Z Deleting the contents of '/home/runner/work/BuyerOS/BuyerOS'
browser-continuity	Run actions/checkout@v4	2026-10-06T02:01:32.4972761Z ##[group]Initializing the repository
browser-continuity	Run actions/checkout@v4	2026-10-06T02:01:32.4977938Z [command]/usr/bin/git init /home/runner/work/BuyerOS/BuyerOS
browser-continuity	Run actions/checkout@v4	2026-10-06T02:01:32.5109953Z hint: Using 'master' as the name for the initial branch. This default branch name
browser-continuity	Run actions/checkout@v4	2026-10-06T02:01:32.5113584Z hint: will change to "main" in Git 3.0. To configure the initial branch name
browser-continuity	Run actions/checkout@v4	2026-10-06T02:01:32.5116715Z hint: to use in all of your new repositories, which will suppress this warning,
browser-continuity	Run actions/checkout@v4	2026-10-06T02:01:32.5119163Z hint: call:
browser-continuity	Run actions/checkout@v4	2026-10-06T02:01:32.5120327Z hint:
browser-continuity	Run actions/checkout@v4	2026-10-06T02:01:32.5121834Z hint: 	git config --global init.defaultBranch <name>
browser-continuity	Run actions/checkout@v4	2026-10-06T02:01:32.5124012Z hint:
browser-continuity	Run actions/checkout@v4	2026-10-06T02:01:32.5125808Z hint: Names commonly chosen instead of 'master' are 'main', 'trunk' and
browser-continuity	Run actions/checkout@v4	2026-10-06T02:01:32.5128886Z hint: 'development'. The just-created branch can be renamed via this command:
browser-continuity	Run actions/checkout@v4	2026-10-06T02:01:32.5131350Z hint:
browser-continuity	Run actions/checkout@v4	2026-10-06T02:01:32.5133350Z hint: 	git branch -m <name>
browser-continuity	Run actions/checkout@v4	2026-10-06T02:01:32.5134524Z hint:
browser-continuity	Run actions/checkout@v4	2026-10-06T02:01:32.5136063Z hint: Disable this message with "git config set advice.defaultBranchName false"
browser-continuity	Run actions/checkout@v4	2026-10-06T02:01:32.5139182Z Initialized empty Git repository in /home/runner/work/BuyerOS/BuyerOS/.git/
browser-continuity	Run actions/checkout@v4	2026-10-06T02:01:32.5144871Z [command]/usr/bin/git remote add origin https://github.com/YNWAforever/BuyerOS
browser-continuity	Run actions/checkout@v4	2026-10-06T02:01:32.5194901Z ##[endgroup]
browser-continuity	Run actions/checkout@v4	2026-10-06T02:01:32.5196422Z ##[group]Disabling automatic garbage collection
browser-continuity	Run actions/checkout@v4	2026-10-06T02:01:32.5199043Z [command]/usr/bin/git config --local gc.auto 0
browser-continuity	Run actions/checkout@v4	2026-10-06T02:01:32.5232234Z ##[endgroup]
browser-continuity	Run actions/checkout@v4	2026-10-06T02:01:32.5234641Z ##[group]Setting up auth
browser-continuity	Run actions/checkout@v4	2026-10-06T02:01:32.5240834Z [command]/usr/bin/git config --local --name-only --get-regexp core\.sshCommand
browser-continuity	Run actions/checkout@v4	2026-10-06T02:01:32.5280408Z [command]/usr/bin/git submodule foreach --recursive sh -c "git config --local --name-only --get-regexp 'core\.sshCommand' && git config --local --unset-all 'core.sshCommand' || :"
browser-continuity	Run actions/checkout@v4	2026-10-06T02:01:32.5711536Z [command]/usr/bin/git config --local --name-only --get-regexp http\.https\:\/\/github\.com\/\.extraheader
browser-continuity	Run actions/checkout@v4	2026-10-06T02:01:32.5752535Z [command]/usr/bin/git submodule foreach --recursive sh -c "git config --local --name-only --get-regexp 'http\.https\:\/\/github\.com\/\.extraheader' && git config --local --unset-all 'http.https://github.com/.extraheader' || :"
browser-continuity	Run actions/checkout@v4	2026-10-06T02:01:32.5980805Z [command]/usr/bin/git config --local --name-only --get-regexp ^includeIf\.gitdir:
browser-continuity	Run actions/checkout@v4	2026-10-06T02:01:32.6018215Z [command]/usr/bin/git submodule foreach --recursive git config --local --show-origin --name-only --get-regexp remote.origin.url
browser-continuity	Run actions/checkout@v4	2026-10-06T02:01:32.6246031Z [command]/usr/bin/git config --local http.https://github.com/.extraheader AUTHORIZATION: basic ***
browser-continuity	Run actions/checkout@v4	2026-10-06T02:01:32.6288254Z ##[endgroup]
browser-continuity	Run actions/checkout@v4	2026-10-06T02:01:32.6290053Z ##[group]Fetching the repository
browser-continuity	Run actions/checkout@v4	2026-10-06T02:01:32.6298664Z [command]/usr/bin/git -c protocol.version=2 fetch --no-tags --prune --no-recurse-submodules --depth=1 origin +5c97cc797acb3288a18a76802e5b4a49e10e7237:refs/remotes/pull/11/merge
browser-continuity	Run actions/checkout@v4	2026-10-06T02:01:36.8930541Z From https://github.com/YNWAforever/BuyerOS
browser-continuity	Run actions/checkout@v4	2026-10-06T02:01:36.8932568Z  * [new ref]         5c97cc797acb3288a18a76802e5b4a49e10e7237 -> pull/11/merge
browser-continuity	Run actions/checkout@v4	2026-10-06T02:01:36.8937134Z ##[endgroup]
browser-continuity	Run actions/checkout@v4	2026-10-06T02:01:36.8938160Z ##[group]Determining the checkout info
browser-continuity	Run actions/checkout@v4	2026-10-06T02:01:36.8939482Z ##[endgroup]
browser-continuity	Run actions/checkout@v4	2026-10-06T02:01:36.8946455Z [command]/usr/bin/git sparse-checkout disable
browser-continuity	Run actions/checkout@v4	2026-10-06T02:01:36.9002960Z [command]/usr/bin/git config --local --unset-all extensions.worktreeConfig
browser-continuity	Run actions/checkout@v4	2026-10-06T02:01:36.9046073Z ##[group]Checking out the ref
browser-continuity	Run actions/checkout@v4	2026-10-06T02:01:36.9053446Z [command]/usr/bin/git checkout --progress --force refs/remotes/pull/11/merge
browser-continuity	Run actions/checkout@v4	2026-10-06T02:01:37.7869072Z Note: switching to 'refs/remotes/pull/11/merge'.
browser-continuity	Run actions/checkout@v4	2026-10-06T02:01:37.7869794Z 
browser-continuity	Run actions/checkout@v4	2026-10-06T02:01:37.7870059Z You are in 'detached HEAD' state. You can look around, make experimental
browser-continuity	Run actions/checkout@v4	2026-10-06T02:01:37.7871086Z changes and commit them, and you can discard any commits you make in this
browser-continuity	Run actions/checkout@v4	2026-10-06T02:01:37.7871670Z state without impacting any branches by switching back to a branch.
browser-continuity	Run actions/checkout@v4	2026-10-06T02:01:37.7872015Z 
browser-continuity	Run actions/checkout@v4	2026-10-06T02:01:37.7872288Z If you want to create a new branch to retain commits you create, you may
browser-continuity	Run actions/checkout@v4	2026-10-06T02:01:37.7873102Z do so (now or later) by using -c with the switch command. Example:
browser-continuity	Run actions/checkout@v4	2026-10-06T02:01:37.7873421Z 
browser-continuity	Run actions/checkout@v4	2026-10-06T02:01:37.7873547Z   git switch -c <new-branch-name>
browser-continuity	Run actions/checkout@v4	2026-10-06T02:01:37.7873756Z 
browser-continuity	Run actions/checkout@v4	2026-10-06T02:01:37.7873889Z Or undo this operation with:
browser-continuity	Run actions/checkout@v4	2026-10-06T02:01:37.7874078Z 
browser-continuity	Run actions/checkout@v4	2026-10-06T02:01:37.7874183Z   git switch -
browser-continuity	Run actions/checkout@v4	2026-10-06T02:01:37.7874357Z 
browser-continuity	Run actions/checkout@v4	2026-10-06T02:01:37.7874611Z Turn off this advice by setting config variable advice.detachedHead to false
browser-continuity	Run actions/checkout@v4	2026-10-06T02:01:37.7874983Z 
browser-continuity	Run actions/checkout@v4	2026-10-06T02:01:37.7875395Z HEAD is now at 5c97cc7 Merge 0e100d986c6a6636812abf97f6b20d36c8c65263 into ad1a54510f6a0fb2485392c878e7e867e9def6be
browser-continuity	Run actions/checkout@v4	2026-10-06T02:01:37.7928620Z ##[endgroup]
browser-continuity	Run actions/checkout@v4	2026-10-06T02:01:37.7977516Z [command]/usr/bin/git log -1 --format=%H
browser-continuity	Run actions/checkout@v4	2026-10-06T02:01:37.8005403Z 5c97cc797acb3288a18a76802e5b4a49e10e7237
browser-continuity	Run pnpm/action-setup@v4	﻿2026-10-06T02:01:37.8242914Z ##[group]Run pnpm/action-setup@v4
browser-continuity	Run pnpm/action-setup@v4	2026-10-06T02:01:37.8243270Z with:
browser-continuity	Run pnpm/action-setup@v4	2026-10-06T02:01:37.8243478Z   version: 11.25.0
browser-continuity	Run pnpm/action-setup@v4	2026-10-06T02:01:37.8243691Z   dest: ~/setup-pnpm
browser-continuity	Run pnpm/action-setup@v4	2026-10-06T02:01:37.8243904Z   run_install: null
browser-continuity	Run pnpm/action-setup@v4	2026-10-06T02:01:37.8244115Z   cache: false
browser-continuity	Run pnpm/action-setup@v4	2026-10-06T02:01:37.8244339Z   cache_dependency_path: pnpm-lock.yaml
browser-continuity	Run pnpm/action-setup@v4	2026-10-06T02:01:37.8244659Z   package_json_file: package.json
browser-continuity	Run pnpm/action-setup@v4	2026-10-06T02:01:37.8244911Z   standalone: false
browser-continuity	Run pnpm/action-setup@v4	2026-10-06T02:01:37.8245113Z env:
browser-continuity	Run pnpm/action-setup@v4	2026-10-06T02:01:37.8245306Z   BUYEROS_STRICT_INTEGRATION: 1
browser-continuity	Run pnpm/action-setup@v4	2026-10-06T02:01:37.8245622Z   PLAYWRIGHT_JUNIT_OUTPUT_FILE: test-results/t30-browser.xml
browser-continuity	Run pnpm/action-setup@v4	2026-10-06T02:01:37.8245966Z ##[endgroup]
browser-continuity	Run pnpm/action-setup@v4	2026-10-06T02:01:37.9697847Z ##[group]Running self-installer...
browser-continuity	Run pnpm/action-setup@v4	2026-10-06T02:01:38.3993483Z (node:2297) [DEP0169] DeprecationWarning: `url.parse()` behavior is not standardized and prone to errors that have security implications. Use the WHATWG URL API instead. CVEs are not issued for `url.parse()` vulnerabilities.
browser-continuity	Run pnpm/action-setup@v4	2026-10-06T02:01:38.3995166Z (Use `node --trace-deprecation ...` to show where the warning was created)
browser-continuity	Run pnpm/action-setup@v4	2026-10-06T02:01:38.5524615Z Progress: resolved 1, reused 0, downloaded 0, added 0
browser-continuity	Run pnpm/action-setup@v4	2026-10-06T02:01:38.5617656Z Packages: +1
browser-continuity	Run pnpm/action-setup@v4	2026-10-06T02:01:38.5618320Z +
browser-continuity	Run pnpm/action-setup@v4	2026-10-06T02:01:38.8614594Z Progress: resolved 1, reused 0, downloaded 1, added 1, done
browser-continuity	Run pnpm/action-setup@v4	2026-10-06T02:01:38.8970184Z 
browser-continuity	Run pnpm/action-setup@v4	2026-10-06T02:01:38.8970715Z dependencies:
browser-continuity	Run pnpm/action-setup@v4	2026-10-06T02:01:38.8971106Z + pnpm 11.25.0 (12.9.1 is available)
browser-continuity	Run pnpm/action-setup@v4	2026-10-06T02:01:38.8971317Z 
browser-continuity	Run pnpm/action-setup@v4	2026-10-06T02:01:38.8998668Z Done in 732ms
browser-continuity	Run pnpm/action-setup@v4	2026-10-06T02:01:38.9204291Z ##[endgroup]
browser-continuity	Run pnpm/action-setup@v4	2026-10-06T02:01:38.9205109Z Installation Completed!
browser-continuity	Run actions/setup-node@v4	﻿2026-10-06T02:01:38.9389028Z ##[group]Run actions/setup-node@v4
browser-continuity	Run actions/setup-node@v4	2026-10-06T02:01:38.9389331Z with:
browser-continuity	Run actions/setup-node@v4	2026-10-06T02:01:38.9389530Z   node-version: 24
browser-continuity	Run actions/setup-node@v4	2026-10-06T02:01:38.9389733Z   cache: pnpm
browser-continuity	Run actions/setup-node@v4	2026-10-06T02:01:38.9389952Z   always-auth: false
browser-continuity	Run actions/setup-node@v4	2026-10-06T02:01:38.9390163Z   check-latest: false
browser-continuity	Run actions/setup-node@v4	2026-10-06T02:01:38.9392797Z   token: ***
browser-continuity	Run actions/setup-node@v4	2026-10-06T02:01:38.9393015Z env:
browser-continuity	Run actions/setup-node@v4	2026-10-06T02:01:38.9393210Z   BUYEROS_STRICT_INTEGRATION: 1
browser-continuity	Run actions/setup-node@v4	2026-10-06T02:01:38.9393532Z   PLAYWRIGHT_JUNIT_OUTPUT_FILE: test-results/t30-browser.xml
browser-continuity	Run actions/setup-node@v4	2026-10-06T02:01:38.9393958Z   PNPM_HOME: /home/runner/setup-pnpm/node_modules/.bin
browser-continuity	Run actions/setup-node@v4	2026-10-06T02:01:38.9394271Z ##[endgroup]
browser-continuity	Run actions/setup-node@v4	2026-10-06T02:01:39.0848656Z Found in cache @ /opt/hostedtoolcache/node/24.21.0/x64
browser-continuity	Run actions/setup-node@v4	2026-10-06T02:01:39.0853043Z (node:2311) [DEP0040] DeprecationWarning: The `punycode` module is deprecated. Please use a userland alternative instead.
browser-continuity	Run actions/setup-node@v4	2026-10-06T02:01:39.0854389Z (Use `node --trace-deprecation ...` to show where the warning was created)
browser-continuity	Run actions/setup-node@v4	2026-10-06T02:01:39.0855950Z ##[group]Environment details
browser-continuity	Run actions/setup-node@v4	2026-10-06T02:01:39.5681351Z node: v24.21.0
browser-continuity	Run actions/setup-node@v4	2026-10-06T02:01:39.5681798Z npm: 11.19.0
browser-continuity	Run actions/setup-node@v4	2026-10-06T02:01:39.5682185Z yarn: 1.22.22
browser-continuity	Run actions/setup-node@v4	2026-10-06T02:01:39.5683558Z ##[endgroup]
browser-continuity	Run actions/setup-node@v4	2026-10-06T02:01:39.5716221Z [command]/home/runner/setup-pnpm/node_modules/.bin/pnpm store path --silent
browser-continuity	Run actions/setup-node@v4	2026-10-06T02:01:40.3138795Z /home/runner/work/BuyerOS/BuyerOS/.sites-runtime/pnpm-store/v11
browser-continuity	Run actions/setup-node@v4	2026-10-06T02:01:40.3919711Z Cache hit for: node-cache-Linux-x64-pnpm-62e1631a2955862ba1dc532cd28844785d294c45cb754b5731eccfa9703f694e
browser-continuity	Run actions/setup-node@v4	2026-10-06T02:01:40.4062259Z (node:2311) [DEP0169] DeprecationWarning: `url.parse()` behavior is not standardized and prone to errors that have security implications. Use the WHATWG URL API instead. CVEs are not issued for `url.parse()` vulnerabilities.
browser-continuity	Run actions/setup-node@v4	2026-10-06T02:01:41.4564039Z Received 209715200 of 273445623 (76.7%), 200.0 MBs/sec
browser-continuity	Run actions/setup-node@v4	2026-10-06T02:01:41.7021376Z Received 273445623 of 273445623 (100.0%), 209.3 MBs/sec
browser-continuity	Run actions/setup-node@v4	2026-10-06T02:01:41.7022799Z Cache Size: ~261 MB (273445623 B)
browser-continuity	Run actions/setup-node@v4	2026-10-06T02:01:41.7057113Z [command]/usr/bin/tar -xf /home/runner/work/_temp/4da0cc90-831c-45b5-9170-c9460a1f3066/cache.tzst -P -C /home/runner/work/BuyerOS/BuyerOS --use-compress-program unzstd
browser-continuity	Run actions/setup-node@v4	2026-10-06T02:01:45.5005941Z Cache restored successfully
browser-continuity	Run actions/setup-node@v4	2026-10-06T02:01:45.6971145Z Cache restored from key: node-cache-Linux-x64-pnpm-62e1631a2955862ba1dc532cd28844785d294c45cb754b5731eccfa9703f694e
browser-continuity	Run actions/setup-python@v5	﻿2026-10-06T02:01:45.7246373Z ##[group]Run actions/setup-python@v5
browser-continuity	Run actions/setup-python@v5	2026-10-06T02:01:45.7246691Z with:
browser-continuity	Run actions/setup-python@v5	2026-10-06T02:01:45.7246905Z   python-version: 3.12
browser-continuity	Run actions/setup-python@v5	2026-10-06T02:01:45.7247135Z   check-latest: false
browser-continuity	Run actions/setup-python@v5	2026-10-06T02:01:45.7249452Z   token: ***
browser-continuity	Run actions/setup-python@v5	2026-10-06T02:01:45.7249676Z   update-environment: true
browser-continuity	Run actions/setup-python@v5	2026-10-06T02:01:45.7249937Z   allow-prereleases: false
browser-continuity	Run actions/setup-python@v5	2026-10-06T02:01:45.7250174Z   freethreaded: false
browser-continuity	Run actions/setup-python@v5	2026-10-06T02:01:45.7250387Z env:
browser-continuity	Run actions/setup-python@v5	2026-10-06T02:01:45.7250591Z   BUYEROS_STRICT_INTEGRATION: 1
browser-continuity	Run actions/setup-python@v5	2026-10-06T02:01:45.7250918Z   PLAYWRIGHT_JUNIT_OUTPUT_FILE: test-results/t30-browser.xml
browser-continuity	Run actions/setup-python@v5	2026-10-06T02:01:45.7251315Z   PNPM_HOME: /home/runner/setup-pnpm/node_modules/.bin
browser-continuity	Run actions/setup-python@v5	2026-10-06T02:01:45.7251621Z ##[endgroup]
browser-continuity	Run actions/setup-python@v5	2026-10-06T02:01:45.8567774Z ##[group]Installed versions
browser-continuity	Run actions/setup-python@v5	2026-10-06T02:01:45.9519239Z (node:2367) [DEP0040] DeprecationWarning: The `punycode` module is deprecated. Please use a userland alternative instead.
browser-continuity	Run actions/setup-python@v5	2026-10-06T02:01:45.9520328Z (Use `node --trace-deprecation ...` to show where the warning was created)
browser-continuity	Run actions/setup-python@v5	2026-10-06T02:01:45.9521009Z Successfully set up CPython (3.12.14)
browser-continuity	Run actions/setup-python@v5	2026-10-06T02:01:45.9521548Z ##[endgroup]
browser-continuity	Run python -m pip install uv==0.11.27	﻿2026-10-06T02:01:45.9678053Z ##[group]Run python -m pip install uv==0.11.27
browser-continuity	Run python -m pip install uv==0.11.27	2026-10-06T02:01:45.9678689Z ^[[36;1mpython -m pip install uv==0.11.27^[[0m
browser-continuity	Run python -m pip install uv==0.11.27	2026-10-06T02:01:46.0053273Z shell: /usr/bin/bash -e {0}
browser-continuity	Run python -m pip install uv==0.11.27	2026-10-06T02:01:46.0053605Z env:
browser-continuity	Run python -m pip install uv==0.11.27	2026-10-06T02:01:46.0053842Z   BUYEROS_STRICT_INTEGRATION: 1
browser-continuity	Run python -m pip install uv==0.11.27	2026-10-06T02:01:46.0054217Z   PLAYWRIGHT_JUNIT_OUTPUT_FILE: test-results/t30-browser.xml
browser-continuity	Run python -m pip install uv==0.11.27	2026-10-06T02:01:46.0054684Z   PNPM_HOME: /home/runner/setup-pnpm/node_modules/.bin
browser-continuity	Run python -m pip install uv==0.11.27	2026-10-06T02:01:46.0055123Z   pythonLocation: /opt/hostedtoolcache/Python/3.12.14/x64
browser-continuity	Run python -m pip install uv==0.11.27	2026-10-06T02:01:46.0055607Z   PKG_CONFIG_PATH: /opt/hostedtoolcache/Python/3.12.14/x64/lib/pkgconfig
browser-continuity	Run python -m pip install uv==0.11.27	2026-10-06T02:01:46.0056081Z   Python_ROOT_DIR: /opt/hostedtoolcache/Python/3.12.14/x64
browser-continuity	Run python -m pip install uv==0.11.27	2026-10-06T02:01:46.0056532Z   Python2_ROOT_DIR: /opt/hostedtoolcache/Python/3.12.14/x64
browser-continuity	Run python -m pip install uv==0.11.27	2026-10-06T02:01:46.0056959Z   Python3_ROOT_DIR: /opt/hostedtoolcache/Python/3.12.14/x64
browser-continuity	Run python -m pip install uv==0.11.27	2026-10-06T02:01:46.0057392Z   LD_LIBRARY_PATH: /opt/hostedtoolcache/Python/3.12.14/x64/lib
browser-continuity	Run python -m pip install uv==0.11.27	2026-10-06T02:01:46.0057761Z ##[endgroup]
browser-continuity	Run python -m pip install uv==0.11.27	2026-10-06T02:01:47.2743736Z Collecting uv==0.11.27
browser-continuity	Run python -m pip install uv==0.11.27	2026-10-06T02:01:47.3316801Z   Downloading uv-0.11.27-py3-none-manylinux_2_17_x86_64.manylinux2014_x86_64.whl.metadata (11 kB)
browser-continuity	Run python -m pip install uv==0.11.27	2026-10-06T02:01:47.4018435Z Downloading uv-0.11.27-py3-none-manylinux_2_17_x86_64.manylinux2014_x86_64.whl (26.7 MB)
browser-continuity	Run python -m pip install uv==0.11.27	2026-10-06T02:01:47.7405723Z    ━━━━━━━━━━━━━━━━━━━━━━━━━━━━━━━━━━━━━━━━ 26.7/26.7 MB 83.7 MB/s  0:00:00
browser-continuity	Run python -m pip install uv==0.11.27	2026-10-06T02:01:47.8038265Z Installing collected packages: uv
browser-continuity	Run python -m pip install uv==0.11.27	2026-10-06T02:01:48.0748669Z Successfully installed uv-0.11.27
browser-continuity	Run pnpm install --frozen-lockfile	﻿2026-10-06T02:01:48.1303284Z ##[group]Run pnpm install --frozen-lockfile
browser-continuity	Run pnpm install --frozen-lockfile	2026-10-06T02:01:48.1303736Z ^[[36;1mpnpm install --frozen-lockfile^[[0m
browser-continuity	Run pnpm install --frozen-lockfile	2026-10-06T02:01:48.1367925Z shell: /usr/bin/bash -e {0}
browser-continuity	Run pnpm install --frozen-lockfile	2026-10-06T02:01:48.1368189Z env:
browser-continuity	Run pnpm install --frozen-lockfile	2026-10-06T02:01:48.1368395Z   BUYEROS_STRICT_INTEGRATION: 1
browser-continuity	Run pnpm install --frozen-lockfile	2026-10-06T02:01:48.1368734Z   PLAYWRIGHT_JUNIT_OUTPUT_FILE: test-results/t30-browser.xml
browser-continuity	Run pnpm install --frozen-lockfile	2026-10-06T02:01:48.1369135Z   PNPM_HOME: /home/runner/setup-pnpm/node_modules/.bin
browser-continuity	Run pnpm install --frozen-lockfile	2026-10-06T02:01:48.1369506Z   pythonLocation: /opt/hostedtoolcache/Python/3.12.14/x64
browser-continuity	Run pnpm install --frozen-lockfile	2026-10-06T02:01:48.1369936Z   PKG_CONFIG_PATH: /opt/hostedtoolcache/Python/3.12.14/x64/lib/pkgconfig
browser-continuity	Run pnpm install --frozen-lockfile	2026-10-06T02:01:48.1370373Z   Python_ROOT_DIR: /opt/hostedtoolcache/Python/3.12.14/x64
browser-continuity	Run pnpm install --frozen-lockfile	2026-10-06T02:01:48.1370749Z   Python2_ROOT_DIR: /opt/hostedtoolcache/Python/3.12.14/x64
browser-continuity	Run pnpm install --frozen-lockfile	2026-10-06T02:01:48.1371129Z   Python3_ROOT_DIR: /opt/hostedtoolcache/Python/3.12.14/x64
browser-continuity	Run pnpm install --frozen-lockfile	2026-10-06T02:01:48.1371507Z   LD_LIBRARY_PATH: /opt/hostedtoolcache/Python/3.12.14/x64/lib
browser-continuity	Run pnpm install --frozen-lockfile	2026-10-06T02:01:48.1371834Z ##[endgroup]
browser-continuity	Run pnpm install --frozen-lockfile	2026-10-06T02:01:48.8086982Z ? Verifying lockfile against supply-chain policies (1059 entries)...
browser-continuity	Run pnpm install --frozen-lockfile	2026-10-06T02:01:48.8207540Z Lockfile is up to date, resolution step is skipped
browser-continuity	Run pnpm install --frozen-lockfile	2026-10-06T02:01:48.9758399Z Progress: resolved 1, reused 0, downloaded 0, added 0
browser-continuity	Run pnpm install --frozen-lockfile	2026-10-06T02:01:49.1265282Z Packages: +869
browser-continuity	Run pnpm install --frozen-lockfile	2026-10-06T02:01:49.1266043Z ++++++++++++++++++++++++++++++++++++++++++++++++++++++++++++++++++++++++++++++++
browser-continuity	Run pnpm install --frozen-lockfile	2026-10-06T02:01:49.9787480Z Progress: resolved 869, reused 339, downloaded 0, added 0
browser-continuity	Run pnpm install --frozen-lockfile	2026-10-06T02:01:50.9775061Z Progress: resolved 869, reused 825, downloaded 0, added 0
browser-continuity	Run pnpm install --frozen-lockfile	2026-10-06T02:01:51.2117093Z Packages are copied from the content-addressable store to the virtual store.
browser-continuity	Run pnpm install --frozen-lockfile	2026-10-06T02:01:51.2117890Z   Content-addressable store is at: /home/runner/work/BuyerOS/BuyerOS/.sites-runtime/pnpm-store/v11
browser-continuity	Run pnpm install --frozen-lockfile	2026-10-06T02:01:51.2118464Z   Virtual store is at:             node_modules/.pnpm
browser-continuity	Run pnpm install --frozen-lockfile	2026-10-06T02:01:51.9860061Z Progress: resolved 869, reused 868, downloaded 0, added 5
browser-continuity	Run pnpm install --frozen-lockfile	2026-10-06T02:01:52.9848069Z Progress: resolved 869, reused 868, downloaded 0, added 13
browser-continuity	Run pnpm install --frozen-lockfile	2026-10-06T02:01:53.9883975Z Progress: resolved 869, reused 868, downloaded 0, added 39
browser-continuity	Run pnpm install --frozen-lockfile	2026-10-06T02:01:54.9920509Z Progress: resolved 869, reused 868, downloaded 0, added 76
browser-continuity	Run pnpm install --frozen-lockfile	2026-10-06T02:01:55.9895198Z Progress: resolved 869, reused 868, downloaded 0, added 174
browser-continuity	Run pnpm install --frozen-lockfile	2026-10-06T02:01:57.2315108Z Progress: resolved 869, reused 868, downloaded 0, added 268
browser-continuity	Run pnpm install --frozen-lockfile	2026-10-06T02:01:57.3921095Z ✓ Lockfile passes supply-chain policies (1059 entries in 8.5s)
browser-continuity	Run pnpm install --frozen-lockfile	2026-10-06T02:01:58.2320287Z Progress: resolved 869, reused 868, downloaded 0, added 493
browser-continuity	Run pnpm install --frozen-lockfile	2026-10-06T02:01:59.2330996Z Progress: resolved 869, reused 868, downloaded 0, added 696
browser-continuity	Run pnpm install --frozen-lockfile	2026-10-06T02:02:00.2331887Z Progress: resolved 869, reused 868, downloaded 0, added 868
browser-continuity	Run pnpm install --frozen-lockfile	2026-10-06T02:02:00.2944035Z Progress: resolved 869, reused 868, downloaded 0, added 869, done
browser-continuity	Run pnpm install --frozen-lockfile	2026-10-06T02:02:05.4288467Z .../node_modules/unrs-resolver postinstall$ napi-postinstall unrs-resolver 1.11.1 check
browser-continuity	Run pnpm install --frozen-lockfile	2026-10-06T02:02:05.4893460Z .../node_modules/unrs-resolver postinstall: Done
browser-continuity	Run pnpm install --frozen-lockfile	2026-10-06T02:02:05.6308914Z 
browser-continuity	Run pnpm install --frozen-lockfile	2026-10-06T02:02:05.6309641Z dependencies:
browser-continuity	Run pnpm install --frozen-lockfile	2026-10-06T02:02:05.6310223Z + @base-ui/react 1.7.0
browser-continuity	Run pnpm install --frozen-lockfile	2026-10-06T02:02:05.6310718Z + @hookform/resolvers 5.7.1
browser-continuity	Run pnpm install --frozen-lockfile	2026-10-06T02:02:05.6311198Z + @shadcn/react 0.3.0
browser-continuity	Run pnpm install --frozen-lockfile	2026-10-06T02:02:05.6311709Z + class-variance-authority 0.7.1
browser-continuity	Run pnpm install --frozen-lockfile	2026-10-06T02:02:05.6312192Z + clsx 2.1.1
browser-continuity	Run pnpm install --frozen-lockfile	2026-10-06T02:02:05.6312810Z + cmdk 1.1.1
browser-continuity	Run pnpm install --frozen-lockfile	2026-10-06T02:02:05.6313157Z + date-fns 4.4.0
browser-continuity	Run pnpm install --frozen-lockfile	2026-10-06T02:02:05.6313574Z + drizzle-orm 0.45.2
browser-continuity	Run pnpm install --frozen-lockfile	2026-10-06T02:02:05.6314015Z + embla-carousel-react 8.6.0
browser-continuity	Run pnpm install --frozen-lockfile	2026-10-06T02:02:05.6314467Z + input-otp 1.4.2
browser-continuity	Run pnpm install --frozen-lockfile	2026-10-06T02:02:05.6314874Z + lucide-react 1.31.0
browser-continuity	Run pnpm install --frozen-lockfile	2026-10-06T02:02:05.6315254Z + next 16.3.4
browser-continuity	Run pnpm install --frozen-lockfile	2026-10-06T02:02:05.6315686Z + next-themes 0.4.6
browser-continuity	Run pnpm install --frozen-lockfile	2026-10-06T02:02:05.6315938Z + radix-ui 1.6.7
browser-continuity	Run pnpm install --frozen-lockfile	2026-10-06T02:02:05.6316159Z + react 19.2.6
browser-continuity	Run pnpm install --frozen-lockfile	2026-10-06T02:02:05.6316399Z + react-day-picker 10.0.1
browser-continuity	Run pnpm install --frozen-lockfile	2026-10-06T02:02:05.6316660Z + react-dom 19.2.6
browser-continuity	Run pnpm install --frozen-lockfile	2026-10-06T02:02:05.6316902Z + react-hook-form 7.85.0
browser-continuity	Run pnpm install --frozen-lockfile	2026-10-06T02:02:05.6317527Z + react-resizable-panels 4.12.2
browser-continuity	Run pnpm install --frozen-lockfile	2026-10-06T02:02:05.6317789Z + recharts 3.8.0
browser-continuity	Run pnpm install --frozen-lockfile	2026-10-06T02:02:05.6318053Z + sonner 2.0.8
browser-continuity	Run pnpm install --frozen-lockfile	2026-10-06T02:02:05.6318443Z + tailwind-merge 3.6.0
browser-continuity	Run pnpm install --frozen-lockfile	2026-10-06T02:02:05.6318665Z + tslib 2.8.1
browser-continuity	Run pnpm install --frozen-lockfile	2026-10-06T02:02:05.6318858Z + vaul 1.1.2
browser-continuity	Run pnpm install --frozen-lockfile	2026-10-06T02:02:05.6319053Z + zod 3.25.76
browser-continuity	Run pnpm install --frozen-lockfile	2026-10-06T02:02:05.6319163Z 
browser-continuity	Run pnpm install --frozen-lockfile	2026-10-06T02:02:05.6319262Z devDependencies:
browser-continuity	Run pnpm install --frozen-lockfile	2026-10-06T02:02:05.6319530Z + @cloudflare/vite-plugin 1.58.0
browser-continuity	Run pnpm install --frozen-lockfile	2026-10-06T02:02:05.6319843Z + @cloudflare/vitest-plugin 1.2.4
browser-continuity	Run pnpm install --frozen-lockfile	2026-10-06T02:02:05.6320415Z + @cloudflare/workers-types 5.20260921.1
browser-continuity	Run pnpm install --frozen-lockfile	2026-10-06T02:02:05.6320971Z + @msw/cloudflare 0.0.1
browser-continuity	Run pnpm install --frozen-lockfile	2026-10-06T02:02:05.6321482Z + @neondatabase/auth 0.5.0-beta
browser-continuity	Run pnpm install --frozen-lockfile	2026-10-06T02:02:05.6321877Z + @playwright/test 1.63.0
browser-continuity	Run pnpm install --frozen-lockfile	2026-10-06T02:02:05.6322561Z + @tailwindcss/postcss 4.2.1
browser-continuity	Run pnpm install --frozen-lockfile	2026-10-06T02:02:05.6322909Z + @types/node 22.19.19
browser-continuity	Run pnpm install --frozen-lockfile	2026-10-06T02:02:05.6323228Z + @types/react 19.2.14
browser-continuity	Run pnpm install --frozen-lockfile	2026-10-06T02:02:05.6323543Z + @types/react-dom 19.2.3
browser-continuity	Run pnpm install --frozen-lockfile	2026-10-06T02:02:05.6324031Z + @vitejs/plugin-react 6.0.2
browser-continuity	Run pnpm install --frozen-lockfile	2026-10-06T02:02:05.6324616Z + @vitejs/plugin-rsc 0.5.26
browser-continuity	Run pnpm install --frozen-lockfile	2026-10-06T02:02:05.6324915Z + drizzle-kit 0.31.10
browser-continuity	Run pnpm install --frozen-lockfile	2026-10-06T02:02:05.6325143Z + eslint 9.39.4
browser-continuity	Run pnpm install --frozen-lockfile	2026-10-06T02:02:05.6325382Z + eslint-config-next 16.3.4
browser-continuity	Run pnpm install --frozen-lockfile	2026-10-06T02:02:05.6325621Z + msw 2.14.7
browser-continuity	Run pnpm install --frozen-lockfile	2026-10-06T02:02:05.6325831Z + nitro 3.0.260903-beta
browser-continuity	Run pnpm install --frozen-lockfile	2026-10-06T02:02:05.6326078Z + openapi-typescript 7.13.0
browser-continuity	Run pnpm install --frozen-lockfile	2026-10-06T02:02:05.6326384Z + react-server-dom-webpack 19.2.6
browser-continuity	Run pnpm install --frozen-lockfile	2026-10-06T02:02:05.6326759Z + tailwindcss 4.2.1
browser-continuity	Run pnpm install --frozen-lockfile	2026-10-06T02:02:05.6327178Z + tw-animate-css 1.4.0
browser-continuity	Run pnpm install --frozen-lockfile	2026-10-06T02:02:05.6327620Z + typescript 5.9.3
browser-continuity	Run pnpm install --frozen-lockfile	2026-10-06T02:02:05.6328019Z + vinext 1.0.0-beta.5
browser-continuity	Run pnpm install --frozen-lockfile	2026-10-06T02:02:05.6328413Z + vite 8.0.13
browser-continuity	Run pnpm install --frozen-lockfile	2026-10-06T02:02:05.6328791Z + vitest 4.1.0
browser-continuity	Run pnpm install --frozen-lockfile	2026-10-06T02:02:05.6329090Z + wrangler 4.137.0
browser-continuity	Run pnpm install --frozen-lockfile	2026-10-06T02:02:05.6329217Z 
browser-continuity	Run pnpm install --frozen-lockfile	2026-10-06T02:02:05.7097828Z Done in 17.5s using pnpm v11.25.0
browser-continuity	Run uv sync --frozen	﻿2026-10-06T02:02:05.7991578Z ##[group]Run uv sync --frozen
browser-continuity	Run uv sync --frozen	2026-10-06T02:02:05.7991907Z ^[[36;1muv sync --frozen^[[0m
browser-continuity	Run uv sync --frozen	2026-10-06T02:02:05.8055881Z shell: /usr/bin/bash -e {0}
browser-continuity	Run uv sync --frozen	2026-10-06T02:02:05.8056140Z env:
browser-continuity	Run uv sync --frozen	2026-10-06T02:02:05.8056346Z   BUYEROS_STRICT_INTEGRATION: 1
browser-continuity	Run uv sync --frozen	2026-10-06T02:02:05.8056694Z   PLAYWRIGHT_JUNIT_OUTPUT_FILE: test-results/t30-browser.xml
browser-continuity	Run uv sync --frozen	2026-10-06T02:02:05.8057108Z   PNPM_HOME: /home/runner/setup-pnpm/node_modules/.bin
browser-continuity	Run uv sync --frozen	2026-10-06T02:02:05.8057482Z   pythonLocation: /opt/hostedtoolcache/Python/3.12.14/x64
browser-continuity	Run uv sync --frozen	2026-10-06T02:02:05.8057911Z   PKG_CONFIG_PATH: /opt/hostedtoolcache/Python/3.12.14/x64/lib/pkgconfig
browser-continuity	Run uv sync --frozen	2026-10-06T02:02:05.8058340Z   Python_ROOT_DIR: /opt/hostedtoolcache/Python/3.12.14/x64
browser-continuity	Run uv sync --frozen	2026-10-06T02:02:05.8058733Z   Python2_ROOT_DIR: /opt/hostedtoolcache/Python/3.12.14/x64
browser-continuity	Run uv sync --frozen	2026-10-06T02:02:05.8059185Z   Python3_ROOT_DIR: /opt/hostedtoolcache/Python/3.12.14/x64
browser-continuity	Run uv sync --frozen	2026-10-06T02:02:05.8059598Z   LD_LIBRARY_PATH: /opt/hostedtoolcache/Python/3.12.14/x64/lib
browser-continuity	Run uv sync --frozen	2026-10-06T02:02:05.8059925Z ##[endgroup]
browser-continuity	Run uv sync --frozen	2026-10-06T02:02:05.8710219Z Using CPython 3.12.14 interpreter at: /opt/hostedtoolcache/Python/3.12.14/x64/bin/python3
browser-continuity	Run uv sync --frozen	2026-10-06T02:02:05.8711225Z Creating virtual environment at: .venv
browser-continuity	Run uv sync --frozen	2026-10-06T02:02:05.8949331Z    Building buyeros-api @ file:///home/runner/work/BuyerOS/BuyerOS/services/api
browser-continuity	Run uv sync --frozen	2026-10-06T02:02:05.9921784Z Downloading botocore (15.2MiB)
browser-continuity	Run uv sync --frozen	2026-10-06T02:02:05.9923277Z Downloading pygments (1.2MiB)
browser-continuity	Run uv sync --frozen	2026-10-06T02:02:05.9933307Z Downloading psycopg-binary (5.0MiB)
browser-continuity	Run uv sync --frozen	2026-10-06T02:02:05.9933946Z Downloading cryptography (4.5MiB)
browser-continuity	Run uv sync --frozen	2026-10-06T02:02:05.9934540Z Downloading pydantic-core (2.0MiB)
browser-continuity	Run uv sync --frozen	2026-10-06T02:02:05.9938313Z Downloading zstandard (5.3MiB)
browser-continuity	Run uv sync --frozen	2026-10-06T02:02:05.9956774Z Downloading sqlalchemy (3.3MiB)
browser-continuity	Run uv sync --frozen	2026-10-06T02:02:06.4069297Z  Downloaded pydantic-core
browser-continuity	Run uv sync --frozen	2026-10-06T02:02:06.5453225Z  Downloaded zstandard
browser-continuity	Run uv sync --frozen	2026-10-06T02:02:06.5488869Z  Downloaded psycopg-binary
browser-continuity	Run uv sync --frozen	2026-10-06T02:02:06.5892090Z  Downloaded cryptography
browser-continuity	Run uv sync --frozen	2026-10-06T02:02:06.6134429Z  Downloaded pygments
browser-continuity	Run uv sync --frozen	2026-10-06T02:02:06.6199110Z  Downloaded sqlalchemy
browser-continuity	Run uv sync --frozen	2026-10-06T02:02:06.9329978Z  Downloaded botocore
browser-continuity	Run uv sync --frozen	2026-10-06T02:02:06.9553229Z       Built buyeros-api @ file:///home/runner/work/BuyerOS/BuyerOS/services/api
browser-continuity	Run uv sync --frozen	2026-10-06T02:02:06.9561124Z Prepared 77 packages in 1.07s
browser-continuity	Run uv sync --frozen	2026-10-06T02:02:07.0638072Z Installed 77 packages in 107ms
browser-continuity	Run uv sync --frozen	2026-10-06T02:02:07.0639454Z  + alembic==1.20.0
browser-continuity	Run uv sync --frozen	2026-10-06T02:02:07.0640161Z  + annotated-doc==0.0.5
browser-continuity	Run uv sync --frozen	2026-10-06T02:02:07.0640784Z  + annotated-types==0.8.0
browser-continuity	Run uv sync --frozen	2026-10-06T02:02:07.0641389Z  + anyio==4.15.1
browser-continuity	Run uv sync --frozen	2026-10-06T02:02:07.0642054Z  + attrs==26.1.0
browser-continuity	Run uv sync --frozen	2026-10-06T02:02:07.0642724Z  + boto3==1.43.103
browser-continuity	Run uv sync --frozen	2026-10-06T02:02:07.0643365Z  + botocore==1.43.103
browser-continuity	Run uv sync --frozen	2026-10-06T02:02:07.0644446Z  + buyeros-api==0.1.0 (from file:///home/runner/work/BuyerOS/BuyerOS/services/api)
browser-continuity	Run uv sync --frozen	2026-10-06T02:02:07.0645585Z  + certifi==2026.7.22
browser-continuity	Run uv sync --frozen	2026-10-06T02:02:07.0646036Z  + cffi==2.1.1
browser-continuity	Run uv sync --frozen	2026-10-06T02:02:07.0646488Z  + charset-normalizer==3.5.2
browser-continuity	Run uv sync --frozen	2026-10-06T02:02:07.0646984Z  + click==8.5.0
browser-continuity	Run uv sync --frozen	2026-10-06T02:02:07.0647425Z  + cryptography==50.0.1
browser-continuity	Run uv sync --frozen	2026-10-06T02:02:07.0647872Z  + distro==1.9.0
browser-continuity	Run uv sync --frozen	2026-10-06T02:02:07.0648261Z  + fastapi==0.141.1
browser-continuity	Run uv sync --frozen	2026-10-06T02:02:07.0648636Z  + greenlet==3.5.6
browser-continuity	Run uv sync --frozen	2026-10-06T02:02:07.0648985Z  + h11==0.16.0
browser-continuity	Run uv sync --frozen	2026-10-06T02:02:07.0649326Z  + httpcore==1.0.9
browser-continuity	Run uv sync --frozen	2026-10-06T02:02:07.0649692Z  + httpcore2==2.13.1
browser-continuity	Run uv sync --frozen	2026-10-06T02:02:07.0650079Z  + httpx==0.28.1
browser-continuity	Run uv sync --frozen	2026-10-06T02:02:07.0650419Z  + httpx2==2.13.1
browser-continuity	Run uv sync --frozen	2026-10-06T02:02:07.0650761Z  + idna==3.19
browser-continuity	Run uv sync --frozen	2026-10-06T02:02:07.0651103Z  + iniconfig==2.3.0
browser-continuity	Run uv sync --frozen	2026-10-06T02:02:07.0651461Z  + jmespath==1.1.0
browser-continuity	Run uv sync --frozen	2026-10-06T02:02:07.0651804Z  + jsonpatch==1.33
browser-continuity	Run uv sync --frozen	2026-10-06T02:02:07.0652184Z  + jsonpointer==3.1.1
browser-continuity	Run uv sync --frozen	2026-10-06T02:02:07.0652754Z  + jsonschema==4.26.0
browser-continuity	Run uv sync --frozen	2026-10-06T02:02:07.0653214Z  + jsonschema-specifications==2025.9.1
browser-continuity	Run uv sync --frozen	2026-10-06T02:02:07.0653705Z  + langchain-core==1.6.6
browser-continuity	Run uv sync --frozen	2026-10-06T02:02:07.0654133Z  + langchain-protocol==0.0.19
browser-continuity	Run uv sync --frozen	2026-10-06T02:02:07.0654555Z  + langgraph==1.2.12
browser-continuity	Run uv sync --frozen	2026-10-06T02:02:07.0654986Z  + langgraph-checkpoint==4.2.0
browser-continuity	Run uv sync --frozen	2026-10-06T02:02:07.0655501Z  + langgraph-checkpoint-postgres==3.1.2
browser-continuity	Run uv sync --frozen	2026-10-06T02:02:07.0656012Z  + langgraph-prebuilt==1.1.0
browser-continuity	Run uv sync --frozen	2026-10-06T02:02:07.0656749Z  + langgraph-sdk==0.4.5
browser-continuity	Run uv sync --frozen	2026-10-06T02:02:07.0657161Z  + langsmith==0.14.2
browser-continuity	Run uv sync --frozen	2026-10-06T02:02:07.0657521Z  + mako==1.4.1
browser-continuity	Run uv sync --frozen	2026-10-06T02:02:07.0657870Z  + markupsafe==3.0.3
browser-continuity	Run uv sync --frozen	2026-10-06T02:02:07.0658254Z  + orjson==3.12.0
browser-continuity	Run uv sync --frozen	2026-10-06T02:02:07.0658636Z  + ormsgpack==1.12.2
browser-continuity	Run uv sync --frozen	2026-10-06T02:02:07.0659028Z  + packaging==26.3
browser-continuity	Run uv sync --frozen	2026-10-06T02:02:07.0659385Z  + pluggy==1.6.0
browser-continuity	Run uv sync --frozen	2026-10-06T02:02:07.0659733Z  + psycopg==3.3.5
browser-continuity	Run uv sync --frozen	2026-10-06T02:02:07.0660100Z  + psycopg-binary==3.3.5
browser-continuity	Run uv sync --frozen	2026-10-06T02:02:07.0660525Z  + psycopg-pool==3.3.3
browser-continuity	Run uv sync --frozen	2026-10-06T02:02:07.0660929Z  + pycparser==3.0
browser-continuity	Run uv sync --frozen	2026-10-06T02:02:07.0661402Z  + pydantic==2.13.5
browser-continuity	Run uv sync --frozen	2026-10-06T02:02:07.0661907Z  + pydantic-core==2.46.5
browser-continuity	Run uv sync --frozen	2026-10-06T02:02:07.0662884Z  + pydantic-settings==2.15.0
browser-continuity	Run uv sync --frozen	2026-10-06T02:02:07.0663454Z  + pygments==2.21.0
browser-continuity	Run uv sync --frozen	2026-10-06T02:02:07.0664078Z  + pyjwt==2.14.0
browser-continuity	Run uv sync --frozen	2026-10-06T02:02:07.0664614Z  + pypdf==6.19.0
browser-continuity	Run uv sync --frozen	2026-10-06T02:02:07.0665240Z  + pytest==8.4.2
browser-continuity	Run uv sync --frozen	2026-10-06T02:02:07.0665823Z  + pytest-asyncio==0.26.0
browser-continuity	Run uv sync --frozen	2026-10-06T02:02:07.0666509Z  + python-dateutil==2.9.0.post0
browser-continuity	Run uv sync --frozen	2026-10-06T02:02:07.0667283Z  + python-dotenv==1.2.3
browser-continuity	Run uv sync --frozen	2026-10-06T02:02:07.0667818Z  + python-multipart==0.0.32
browser-continuity	Run uv sync --frozen	2026-10-06T02:02:07.0668410Z  + pyyaml==6.0.3
browser-continuity	Run uv sync --frozen	2026-10-06T02:02:07.0668983Z  + referencing==0.37.0
browser-continuity	Run uv sync --frozen	2026-10-06T02:02:07.0669487Z  + requests==2.34.2
browser-continuity	Run uv sync --frozen	2026-10-06T02:02:07.0670146Z  + requests-toolbelt==1.0.0
browser-continuity	Run uv sync --frozen	2026-10-06T02:02:07.0673468Z  + rpds-py==2026.6.3
browser-continuity	Run uv sync --frozen	2026-10-06T02:02:07.0674335Z  + s3transfer==0.19.2
browser-continuity	Run uv sync --frozen	2026-10-06T02:02:07.0674993Z  + six==1.17.0
browser-continuity	Run uv sync --frozen	2026-10-06T02:02:07.0691625Z  + sniffio==1.3.1
browser-continuity	Run uv sync --frozen	2026-10-06T02:02:07.0693283Z  + sqlalchemy==2.0.53
browser-continuity	Run uv sync --frozen	2026-10-06T02:02:07.0693732Z  + starlette==1.6.0
browser-continuity	Run uv sync --frozen	2026-10-06T02:02:07.0694057Z  + tenacity==9.1.4
browser-continuity	Run uv sync --frozen	2026-10-06T02:02:07.0694290Z  + truststore==0.10.4
browser-continuity	Run uv sync --frozen	2026-10-06T02:02:07.0694549Z  + typing-extensions==4.16.0
browser-continuity	Run uv sync --frozen	2026-10-06T02:02:07.0694814Z  + typing-inspection==0.4.4
browser-continuity	Run uv sync --frozen	2026-10-06T02:02:07.0695059Z  + urllib3==2.8.0
browser-continuity	Run uv sync --frozen	2026-10-06T02:02:07.0695279Z  + uuid-utils==0.17.1
browser-continuity	Run uv sync --frozen	2026-10-06T02:02:07.0695492Z  + uvicorn==0.53.0
browser-continuity	Run uv sync --frozen	2026-10-06T02:02:07.0695718Z  + websockets==16.1.1
browser-continuity	Run uv sync --frozen	2026-10-06T02:02:07.0695933Z  + xxhash==4.0.1
browser-continuity	Run uv sync --frozen	2026-10-06T02:02:07.0696144Z  + zstandard==0.25.0
browser-continuity	Run uv sync --frozen	﻿2026-10-06T02:02:07.0825468Z ##[group]Run uv sync --frozen
browser-continuity	Run uv sync --frozen	2026-10-06T02:02:07.0825781Z ^[[36;1muv sync --frozen^[[0m
browser-continuity	Run uv sync --frozen	2026-10-06T02:02:07.0890285Z shell: /usr/bin/bash -e {0}
browser-continuity	Run uv sync --frozen	2026-10-06T02:02:07.0890550Z env:
browser-continuity	Run uv sync --frozen	2026-10-06T02:02:07.0890752Z   BUYEROS_STRICT_INTEGRATION: 1
browser-continuity	Run uv sync --frozen	2026-10-06T02:02:07.0891086Z   PLAYWRIGHT_JUNIT_OUTPUT_FILE: test-results/t30-browser.xml
browser-continuity	Run uv sync --frozen	2026-10-06T02:02:07.0891483Z   PNPM_HOME: /home/runner/setup-pnpm/node_modules/.bin
browser-continuity	Run uv sync --frozen	2026-10-06T02:02:07.0891855Z   pythonLocation: /opt/hostedtoolcache/Python/3.12.14/x64
browser-continuity	Run uv sync --frozen	2026-10-06T02:02:07.0892518Z   PKG_CONFIG_PATH: /opt/hostedtoolcache/Python/3.12.14/x64/lib/pkgconfig
browser-continuity	Run uv sync --frozen	2026-10-06T02:02:07.0892998Z   Python_ROOT_DIR: /opt/hostedtoolcache/Python/3.12.14/x64
browser-continuity	Run uv sync --frozen	2026-10-06T02:02:07.0893385Z   Python2_ROOT_DIR: /opt/hostedtoolcache/Python/3.12.14/x64
browser-continuity	Run uv sync --frozen	2026-10-06T02:02:07.0893771Z   Python3_ROOT_DIR: /opt/hostedtoolcache/Python/3.12.14/x64
browser-continuity	Run uv sync --frozen	2026-10-06T02:02:07.0894161Z   LD_LIBRARY_PATH: /opt/hostedtoolcache/Python/3.12.14/x64/lib
browser-continuity	Run uv sync --frozen	2026-10-06T02:02:07.0894483Z ##[endgroup]
browser-continuity	Run uv sync --frozen	2026-10-06T02:02:07.1175704Z Using CPython 3.12.14 interpreter at: /opt/hostedtoolcache/Python/3.12.14/x64/bin/python3
browser-continuity	Run uv sync --frozen	2026-10-06T02:02:07.1176869Z Creating virtual environment at: .venv
browser-continuity	Run uv sync --frozen	2026-10-06T02:02:07.1338558Z    Building buyeros-worker @ file:///home/runner/work/BuyerOS/BuyerOS/services/worker
browser-continuity	Run uv sync --frozen	2026-10-06T02:02:07.5449587Z       Built buyeros-worker @ file:///home/runner/work/BuyerOS/BuyerOS/services/worker
browser-continuity	Run uv sync --frozen	2026-10-06T02:02:07.5459143Z Prepared 17 packages in 418ms
browser-continuity	Run uv sync --frozen	2026-10-06T02:02:07.7595665Z Installed 86 packages in 213ms
browser-continuity	Run uv sync --frozen	2026-10-06T02:02:07.7596785Z  + alembic==1.20.0
browser-continuity	Run uv sync --frozen	2026-10-06T02:02:07.7597448Z  + amqp==5.3.1
browser-continuity	Run uv sync --frozen	2026-10-06T02:02:07.7598029Z  + annotated-doc==0.0.5
browser-continuity	Run uv sync --frozen	2026-10-06T02:02:07.7598588Z  + annotated-types==0.8.0
browser-continuity	Run uv sync --frozen	2026-10-06T02:02:07.7599126Z  + anyio==4.15.1
browser-continuity	Run uv sync --frozen	2026-10-06T02:02:07.7599677Z  + billiard==4.2.4
browser-continuity	Run uv sync --frozen	2026-10-06T02:02:07.7600106Z  + boto3==1.43.103
browser-continuity	Run uv sync --frozen	2026-10-06T02:02:07.7600527Z  + botocore==1.43.103
browser-continuity	Run uv sync --frozen	2026-10-06T02:02:07.7601355Z  + buyeros-api==0.1.0 (from file:///home/runner/work/BuyerOS/BuyerOS/services/api)
browser-continuity	Run uv sync --frozen	2026-10-06T02:02:07.7602835Z  + buyeros-worker==0.1.0 (from file:///home/runner/work/BuyerOS/BuyerOS/services/worker)
browser-continuity	Run uv sync --frozen	2026-10-06T02:02:07.7603725Z  + celery==5.6.3
browser-continuity	Run uv sync --frozen	2026-10-06T02:02:07.7604160Z  + certifi==2026.7.22
browser-continuity	Run uv sync --frozen	2026-10-06T02:02:07.7604619Z  + cffi==2.1.1
browser-continuity	Run uv sync --frozen	2026-10-06T02:02:07.7605062Z  + charset-normalizer==3.5.1
browser-continuity	Run uv sync --frozen	2026-10-06T02:02:07.7605552Z  + click==8.5.0
browser-continuity	Run uv sync --frozen	2026-10-06T02:02:07.7605978Z  + click-didyoumean==0.3.1
browser-continuity	Run uv sync --frozen	2026-10-06T02:02:07.7606475Z  + click-plugins==1.1.1.2
browser-continuity	Run uv sync --frozen	2026-10-06T02:02:07.7606941Z  + click-repl==0.3.0
browser-continuity	Run uv sync --frozen	2026-10-06T02:02:07.7607405Z  + cryptography==50.0.1
browser-continuity	Run uv sync --frozen	2026-10-06T02:02:07.7607865Z  + distro==1.9.0
browser-continuity	Run uv sync --frozen	2026-10-06T02:02:07.7608282Z  + fastapi==0.141.1
browser-continuity	Run uv sync --frozen	2026-10-06T02:02:07.7608723Z  + greenlet==3.5.6
browser-continuity	Run uv sync --frozen	2026-10-06T02:02:07.7609135Z  + h11==0.16.0
browser-continuity	Run uv sync --frozen	2026-10-06T02:02:07.7609541Z  + httpcore==1.0.9
browser-continuity	Run uv sync --frozen	2026-10-06T02:02:07.7609979Z  + httpcore2==2.13.1
browser-continuity	Run uv sync --frozen	2026-10-06T02:02:07.7610408Z  + httpx==0.28.1
browser-continuity	Run uv sync --frozen	2026-10-06T02:02:07.7610756Z  + httpx2==2.13.1
browser-continuity	Run uv sync --frozen	2026-10-06T02:02:07.7611108Z  + idna==3.19
browser-continuity	Run uv sync --frozen	2026-10-06T02:02:07.7611443Z  + iniconfig==2.3.0
browser-continuity	Run uv sync --frozen	2026-10-06T02:02:07.7611817Z  + jmespath==1.1.0
browser-continuity	Run uv sync --frozen	2026-10-06T02:02:07.7612191Z  + jsonpatch==1.33
browser-continuity	Run uv sync --frozen	2026-10-06T02:02:07.7612727Z  + jsonpointer==3.1.1
browser-continuity	Run uv sync --frozen	2026-10-06T02:02:07.7613100Z  + kombu==5.6.2
browser-continuity	Run uv sync --frozen	2026-10-06T02:02:07.7613459Z  + langchain-core==1.6.5
browser-continuity	Run uv sync --frozen	2026-10-06T02:02:07.7613879Z  + langchain-protocol==0.0.19
browser-continuity	Run uv sync --frozen	2026-10-06T02:02:07.7614308Z  + langgraph==1.2.12
browser-continuity	Run uv sync --frozen	2026-10-06T02:02:07.7614751Z  + langgraph-checkpoint==4.2.0
browser-continuity	Run uv sync --frozen	2026-10-06T02:02:07.7615281Z  + langgraph-checkpoint-postgres==3.1.2
browser-continuity	Run uv sync --frozen	2026-10-06T02:02:07.7615785Z  + langgraph-prebuilt==1.1.0
browser-continuity	Run uv sync --frozen	2026-10-06T02:02:07.7616214Z  + langgraph-sdk==0.4.5
browser-continuity	Run uv sync --frozen	2026-10-06T02:02:07.7616606Z  + langsmith==0.14.1
browser-continuity	Run uv sync --frozen	2026-10-06T02:02:07.7616963Z  + mako==1.4.1
browser-continuity	Run uv sync --frozen	2026-10-06T02:02:07.7617304Z  + markupsafe==3.0.3
browser-continuity	Run uv sync --frozen	2026-10-06T02:02:07.7617666Z  + orjson==3.12.0
browser-continuity	Run uv sync --frozen	2026-10-06T02:02:07.7618018Z  + ormsgpack==1.12.2
browser-continuity	Run uv sync --frozen	2026-10-06T02:02:07.7618379Z  + packaging==26.3
browser-continuity	Run uv sync --frozen	2026-10-06T02:02:07.7618728Z  + pluggy==1.6.0
browser-continuity	Run uv sync --frozen	2026-10-06T02:02:07.7619108Z  + prompt-toolkit==3.0.53
browser-continuity	Run uv sync --frozen	2026-10-06T02:02:07.7619865Z  + psycopg==3.3.5
browser-continuity	Run uv sync --frozen	2026-10-06T02:02:07.7620230Z  + psycopg-binary==3.3.5
browser-continuity	Run uv sync --frozen	2026-10-06T02:02:07.7620830Z  + psycopg-pool==3.3.3
browser-continuity	Run uv sync --frozen	2026-10-06T02:02:07.7621211Z  + pycparser==3.0
browser-continuity	Run uv sync --frozen	2026-10-06T02:02:07.7621566Z  + pydantic==2.13.5
browser-continuity	Run uv sync --frozen	2026-10-06T02:02:07.7621947Z  + pydantic-core==2.46.5
browser-continuity	Run uv sync --frozen	2026-10-06T02:02:07.7622683Z  + pydantic-settings==2.15.0
browser-continuity	Run uv sync --frozen	2026-10-06T02:02:07.7623133Z  + pygments==2.21.0
browser-continuity	Run uv sync --frozen	2026-10-06T02:02:07.7623501Z  + pyjwt==2.14.0
browser-continuity	Run uv sync --frozen	2026-10-06T02:02:07.7623846Z  + pypdf==6.19.0
browser-continuity	Run uv sync --frozen	2026-10-06T02:02:07.7624185Z  + pytest==8.4.2
browser-continuity	Run uv sync --frozen	2026-10-06T02:02:07.7624566Z  + pytest-asyncio==0.26.0
browser-continuity	Run uv sync --frozen	2026-10-06T02:02:07.7625015Z  + python-dateutil==2.9.0.post0
browser-continuity	Run uv sync --frozen	2026-10-06T02:02:07.7625446Z  + python-dotenv==1.2.3
browser-continuity	Run uv sync --frozen	2026-10-06T02:02:07.7625845Z  + python-multipart==0.0.32
browser-continuity	Run uv sync --frozen	2026-10-06T02:02:07.7626249Z  + pyyaml==6.0.3
browser-continuity	Run uv sync --frozen	2026-10-06T02:02:07.7626586Z  + redis==5.3.1
browser-continuity	Run uv sync --frozen	2026-10-06T02:02:07.7626923Z  + requests==2.34.2
browser-continuity	Run uv sync --frozen	2026-10-06T02:02:07.7627299Z  + requests-toolbelt==1.0.0
browser-continuity	Run uv sync --frozen	2026-10-06T02:02:07.7627707Z  + s3transfer==0.19.2
browser-continuity	Run uv sync --frozen	2026-10-06T02:02:07.7628075Z  + six==1.17.0
browser-continuity	Run uv sync --frozen	2026-10-06T02:02:07.7628423Z  + sniffio==1.3.1
browser-continuity	Run uv sync --frozen	2026-10-06T02:02:07.7628774Z  + sqlalchemy==2.0.53
browser-continuity	Run uv sync --frozen	2026-10-06T02:02:07.7629101Z  + starlette==1.6.0
browser-continuity	Run uv sync --frozen	2026-10-06T02:02:07.7629471Z  + tenacity==9.1.4
browser-continuity	Run uv sync --frozen	2026-10-06T02:02:07.7629880Z  + truststore==0.10.4
browser-continuity	Run uv sync --frozen	2026-10-06T02:02:07.7630377Z  + typing-extensions==4.16.0
browser-continuity	Run uv sync --frozen	2026-10-06T02:02:07.7630798Z  + typing-inspection==0.4.4
browser-continuity	Run uv sync --frozen	2026-10-06T02:02:07.7631180Z  + tzdata==2026.4
browser-continuity	Run uv sync --frozen	2026-10-06T02:02:07.7631500Z  + tzlocal==5.4.4
browser-continuity	Run uv sync --frozen	2026-10-06T02:02:07.7631819Z  + urllib3==2.8.0
browser-continuity	Run uv sync --frozen	2026-10-06T02:02:07.7632137Z  + uuid-utils==0.17.1
browser-continuity	Run uv sync --frozen	2026-10-06T02:02:07.7632700Z  + uvicorn==0.53.0
browser-continuity	Run uv sync --frozen	2026-10-06T02:02:07.7633024Z  + vine==5.1.0
browser-continuity	Run uv sync --frozen	2026-10-06T02:02:07.7633340Z  + wcwidth==0.8.3
browser-continuity	Run uv sync --frozen	2026-10-06T02:02:07.7633676Z  + websockets==16.1.1
browser-continuity	Run uv sync --frozen	2026-10-06T02:02:07.7634024Z  + xxhash==4.0.1
browser-continuity	Run uv sync --frozen	2026-10-06T02:02:07.7634365Z  + zstandard==0.25.0
browser-continuity	Run pnpm exec playwright install --with-deps chromium	﻿2026-10-06T02:02:07.7772925Z ##[group]Run pnpm exec playwright install --with-deps chromium
browser-continuity	Run pnpm exec playwright install --with-deps chromium	2026-10-06T02:02:07.7773764Z ^[[36;1mpnpm exec playwright install --with-deps chromium^[[0m
browser-continuity	Run pnpm exec playwright install --with-deps chromium	2026-10-06T02:02:07.7840317Z shell: /usr/bin/bash -e {0}
browser-continuity	Run pnpm exec playwright install --with-deps chromium	2026-10-06T02:02:07.7840592Z env:
browser-continuity	Run pnpm exec playwright install --with-deps chromium	2026-10-06T02:02:07.7840794Z   BUYEROS_STRICT_INTEGRATION: 1
browser-continuity	Run pnpm exec playwright install --with-deps chromium	2026-10-06T02:02:07.7841129Z   PLAYWRIGHT_JUNIT_OUTPUT_FILE: test-results/t30-browser.xml
browser-continuity	Run pnpm exec playwright install --with-deps chromium	2026-10-06T02:02:07.7841542Z   PNPM_HOME: /home/runner/setup-pnpm/node_modules/.bin
browser-continuity	Run pnpm exec playwright install --with-deps chromium	2026-10-06T02:02:07.7841912Z   pythonLocation: /opt/hostedtoolcache/Python/3.12.14/x64
browser-continuity	Run pnpm exec playwright install --with-deps chromium	2026-10-06T02:02:07.7842593Z   PKG_CONFIG_PATH: /opt/hostedtoolcache/Python/3.12.14/x64/lib/pkgconfig
browser-continuity	Run pnpm exec playwright install --with-deps chromium	2026-10-06T02:02:07.7843063Z   Python_ROOT_DIR: /opt/hostedtoolcache/Python/3.12.14/x64
browser-continuity	Run pnpm exec playwright install --with-deps chromium	2026-10-06T02:02:07.7843448Z   Python2_ROOT_DIR: /opt/hostedtoolcache/Python/3.12.14/x64
browser-continuity	Run pnpm exec playwright install --with-deps chromium	2026-10-06T02:02:07.7843827Z   Python3_ROOT_DIR: /opt/hostedtoolcache/Python/3.12.14/x64
browser-continuity	Run pnpm exec playwright install --with-deps chromium	2026-10-06T02:02:07.7844213Z   LD_LIBRARY_PATH: /opt/hostedtoolcache/Python/3.12.14/x64/lib
browser-continuity	Run pnpm exec playwright install --with-deps chromium	2026-10-06T02:02:07.7844579Z ##[endgroup]
browser-continuity	Run pnpm exec playwright install --with-deps chromium	2026-10-06T02:02:08.7209446Z Installing dependencies...
browser-continuity	Run pnpm exec playwright install --with-deps chromium	2026-10-06T02:02:08.7293561Z Switching to root user to install dependencies...
browser-continuity	Run pnpm exec playwright install --with-deps chromium	2026-10-06T02:02:08.8244217Z Get:1 file:/etc/apt/apt-mirrors.txt Mirrorlist [144 B]
browser-continuity	Run pnpm exec playwright install --with-deps chromium	2026-10-06T02:02:08.8584418Z Hit:2 http://azure.archive.ubuntu.com/ubuntu noble InRelease
browser-continuity	Run pnpm exec playwright install --with-deps chromium	2026-10-06T02:02:08.8585924Z Get:6 https://packages.microsoft.com/ubuntu/24.04/prod noble InRelease [3600 B]
browser-continuity	Run pnpm exec playwright install --with-deps chromium	2026-10-06T02:02:08.8603633Z Get:3 http://azure.archive.ubuntu.com/ubuntu noble-updates InRelease [126 kB]
browser-continuity	Run pnpm exec playwright install --with-deps chromium	2026-10-06T02:02:08.8636287Z Get:4 http://azure.archive.ubuntu.com/ubuntu noble-backports InRelease [126 kB]
browser-continuity	Run pnpm exec playwright install --with-deps chromium	2026-10-06T02:02:08.8673590Z Get:5 http://azure.archive.ubuntu.com/ubuntu noble-security InRelease [126 kB]
browser-continuity	Run pnpm exec playwright install --with-deps chromium	2026-10-06T02:02:08.9855103Z Get:7 https://packages.microsoft.com/ubuntu/24.04/prod noble/main armhf Packages [12.6 kB]
browser-continuity	Run pnpm exec playwright install --with-deps chromium	2026-10-06T02:02:08.9950807Z Get:8 https://packages.microsoft.com/ubuntu/24.04/prod noble/main amd64 Packages [515 kB]
browser-continuity	Run pnpm exec playwright install --with-deps chromium	2026-10-06T02:02:09.0044273Z Get:9 https://packages.microsoft.com/ubuntu/24.04/prod noble/main arm64 Packages [458 kB]
browser-continuity	Run pnpm exec playwright install --with-deps chromium	2026-10-06T02:02:09.0373963Z Get:10 http://azure.archive.ubuntu.com/ubuntu noble-updates/main amd64 Packages [1370 kB]
browser-continuity	Run pnpm exec playwright install --with-deps chromium	2026-10-06T02:02:09.0456273Z Get:11 http://azure.archive.ubuntu.com/ubuntu noble-updates/main Translation-en [305 kB]
browser-continuity	Run pnpm exec playwright install --with-deps chromium	2026-10-06T02:02:09.0475754Z Get:12 http://azure.archive.ubuntu.com/ubuntu noble-updates/main amd64 Components [181 kB]
browser-continuity	Run pnpm exec playwright install --with-deps chromium	2026-10-06T02:02:09.0491533Z Get:13 http://azure.archive.ubuntu.com/ubuntu noble-updates/universe amd64 Packages [1701 kB]
browser-continuity	Run pnpm exec playwright install --with-deps chromium	2026-10-06T02:02:09.0613953Z Get:14 http://azure.archive.ubuntu.com/ubuntu noble-updates/universe Translation-en [341 kB]
browser-continuity	Run pnpm exec playwright install --with-deps chromium	2026-10-06T02:02:09.0645630Z Get:15 http://azure.archive.ubuntu.com/ubuntu noble-updates/universe amd64 Components [388 kB]
browser-continuity	Run pnpm exec playwright install --with-deps chromium	2026-10-06T02:02:09.0671383Z Get:16 http://azure.archive.ubuntu.com/ubuntu noble-updates/restricted amd64 Packages [1728 kB]
browser-continuity	Run pnpm exec playwright install --with-deps chromium	2026-10-06T02:02:09.0776216Z Get:17 http://azure.archive.ubuntu.com/ubuntu noble-updates/restricted Translation-en [395 kB]
browser-continuity	Run pnpm exec playwright install --with-deps chromium	2026-10-06T02:02:09.0784016Z Get:18 http://azure.archive.ubuntu.com/ubuntu noble-updates/multiverse Translation-en [13.3 kB]
browser-continuity	Run pnpm exec playwright install --with-deps chromium	2026-10-06T02:02:09.0794487Z Get:19 http://azure.archive.ubuntu.com/ubuntu noble-updates/multiverse amd64 Components [940 B]
browser-continuity	Run pnpm exec playwright install --with-deps chromium	2026-10-06T02:02:09.1437809Z Get:20 http://azure.archive.ubuntu.com/ubuntu noble-backports/main amd64 Components [5764 B]
browser-continuity	Run pnpm exec playwright install --with-deps chromium	2026-10-06T02:02:09.1447690Z Get:21 http://azure.archive.ubuntu.com/ubuntu noble-backports/universe amd64 Components [12.6 kB]
browser-continuity	Run pnpm exec playwright install --with-deps chromium	2026-10-06T02:02:09.1458869Z Get:22 http://azure.archive.ubuntu.com/ubuntu noble-security/main amd64 Packages [1071 kB]
browser-continuity	Run pnpm exec playwright install --with-deps chromium	2026-10-06T02:02:09.1510389Z Get:23 http://azure.archive.ubuntu.com/ubuntu noble-security/main Translation-en [222 kB]
browser-continuity	Run pnpm exec playwright install --with-deps chromium	2026-10-06T02:02:09.1527386Z Get:24 http://azure.archive.ubuntu.com/ubuntu noble-security/main amd64 Components [46.4 kB]
browser-continuity	Run pnpm exec playwright install --with-deps chromium	2026-10-06T02:02:09.1537534Z Get:25 http://azure.archive.ubuntu.com/ubuntu noble-security/universe amd64 Packages [1216 kB]
browser-continuity	Run pnpm exec playwright install --with-deps chromium	2026-10-06T02:02:09.1593027Z Get:26 http://azure.archive.ubuntu.com/ubuntu noble-security/universe Translation-en [244 kB]
browser-continuity	Run pnpm exec playwright install --with-deps chromium	2026-10-06T02:02:09.1611451Z Get:27 http://azure.archive.ubuntu.com/ubuntu noble-security/universe amd64 Components [76.3 kB]
browser-continuity	Run pnpm exec playwright install --with-deps chromium	2026-10-06T02:02:09.1627722Z Get:28 http://azure.archive.ubuntu.com/ubuntu noble-security/restricted amd64 Packages [1566 kB]
browser-continuity	Run pnpm exec playwright install --with-deps chromium	2026-10-06T02:02:09.1697638Z Get:29 http://azure.archive.ubuntu.com/ubuntu noble-security/restricted Translation-en [361 kB]
browser-continuity	Run pnpm exec playwright install --with-deps chromium	2026-10-06T02:02:14.7883654Z Fetched 12.6 MB in 1s (9093 kB/s)
browser-continuity	Run pnpm exec playwright install --with-deps chromium	2026-10-06T02:02:15.6030497Z Reading package lists...
browser-continuity	Run pnpm exec playwright install --with-deps chromium	2026-10-06T02:02:15.6269816Z Reading package lists...
browser-continuity	Run pnpm exec playwright install --with-deps chromium	2026-10-06T02:02:15.8068713Z Building dependency tree...
browser-continuity	Run pnpm exec playwright install --with-deps chromium	2026-10-06T02:02:15.8076409Z Reading state information...
browser-continuity	Run pnpm exec playwright install --with-deps chromium	2026-10-06T02:02:15.9449409Z libasound2t64 is already the newest version (1.2.11-1ubuntu0.3).
browser-continuity	Run pnpm exec playwright install --with-deps chromium	2026-10-06T02:02:15.9450285Z libasound2t64 set to manually installed.
browser-continuity	Run pnpm exec playwright install --with-deps chromium	2026-10-06T02:02:15.9451083Z libatk-bridge2.0-0t64 is already the newest version (2.52.0-1build1).
browser-continuity	Run pnpm exec playwright install --with-deps chromium	2026-10-06T02:02:15.9451906Z libatk-bridge2.0-0t64 set to manually installed.
browser-continuity	Run pnpm exec playwright install --with-deps chromium	2026-10-06T02:02:15.9452928Z libatk1.0-0t64 is already the newest version (2.52.0-1build1).
browser-continuity	Run pnpm exec playwright install --with-deps chromium	2026-10-06T02:02:15.9453641Z libatk1.0-0t64 set to manually installed.
browser-continuity	Run pnpm exec playwright install --with-deps chromium	2026-10-06T02:02:15.9454402Z libatspi2.0-0t64 is already the newest version (2.52.0-1build1).
browser-continuity	Run pnpm exec playwright install --with-deps chromium	2026-10-06T02:02:15.9455125Z libatspi2.0-0t64 set to manually installed.
browser-continuity	Run pnpm exec playwright install --with-deps chromium	2026-10-06T02:02:15.9455820Z libcairo2 is already the newest version (1.18.0-3build1).
browser-continuity	Run pnpm exec playwright install --with-deps chromium	2026-10-06T02:02:15.9456480Z libcairo2 set to manually installed.
browser-continuity	Run pnpm exec playwright install --with-deps chromium	2026-10-06T02:02:15.9457211Z libcups2t64 is already the newest version (2.4.7-1.2ubuntu7.14).
browser-continuity	Run pnpm exec playwright install --with-deps chromium	2026-10-06T02:02:15.9457932Z libcups2t64 set to manually installed.
browser-continuity	Run pnpm exec playwright install --with-deps chromium	2026-10-06T02:02:15.9458700Z libdbus-1-3 is already the newest version (1.14.10-4ubuntu4.1).
browser-continuity	Run pnpm exec playwright install --with-deps chromium	2026-10-06T02:02:15.9459491Z libdbus-1-3 set to manually installed.
browser-continuity	Run pnpm exec playwright install --with-deps chromium	2026-10-06T02:02:15.9460296Z libdrm2 is already the newest version (2.4.125-1ubuntu0.1~24.04.2).
browser-continuity	Run pnpm exec playwright install --with-deps chromium	2026-10-06T02:02:15.9461013Z libdrm2 set to manually installed.
browser-continuity	Run pnpm exec playwright install --with-deps chromium	2026-10-06T02:02:15.9461730Z libglib2.0-0t64 is already the newest version (2.80.0-6ubuntu3.9).
browser-continuity	Run pnpm exec playwright install --with-deps chromium	2026-10-06T02:02:15.9462619Z libglib2.0-0t64 set to manually installed.
browser-continuity	Run pnpm exec playwright install --with-deps chromium	2026-10-06T02:02:15.9463740Z libnspr4 is already the newest version (2:4.35-1.1build1).
browser-continuity	Run pnpm exec playwright install --with-deps chromium	2026-10-06T02:02:15.9464150Z libnspr4 set to manually installed.
browser-continuity	Run pnpm exec playwright install --with-deps chromium	2026-10-06T02:02:15.9464558Z libnss3 is already the newest version (2:3.98-1ubuntu0.2).
browser-continuity	Run pnpm exec playwright install --with-deps chromium	2026-10-06T02:02:15.9464932Z libnss3 set to manually installed.
browser-continuity	Run pnpm exec playwright install --with-deps chromium	2026-10-06T02:02:15.9465341Z libpango-1.0-0 is already the newest version (1.52.1+ds-1build1).
browser-continuity	Run pnpm exec playwright install --with-deps chromium	2026-10-06T02:02:15.9465765Z libpango-1.0-0 set to manually installed.
browser-continuity	Run pnpm exec playwright install --with-deps chromium	2026-10-06T02:02:15.9466166Z libx11-6 is already the newest version (2:1.8.7-1build1).
browser-continuity	Run pnpm exec playwright install --with-deps chromium	2026-10-06T02:02:15.9466671Z libx11-6 set to manually installed.
browser-continuity	Run pnpm exec playwright install --with-deps chromium	2026-10-06T02:02:15.9467205Z libxcb1 is already the newest version (1.15-1ubuntu2).
browser-continuity	Run pnpm exec playwright install --with-deps chromium	2026-10-06T02:02:15.9467570Z libxcb1 set to manually installed.
browser-continuity	Run pnpm exec playwright install --with-deps chromium	2026-10-06T02:02:15.9467990Z libxcomposite1 is already the newest version (1:0.4.5-1build3).
browser-continuity	Run pnpm exec playwright install --with-deps chromium	2026-10-06T02:02:15.9468425Z libxcomposite1 set to manually installed.
browser-continuity	Run pnpm exec playwright install --with-deps chromium	2026-10-06T02:02:15.9468846Z libxdamage1 is already the newest version (1:1.1.6-1build1).
browser-continuity	Run pnpm exec playwright install --with-deps chromium	2026-10-06T02:02:15.9469238Z libxdamage1 set to manually installed.
browser-continuity	Run pnpm exec playwright install --with-deps chromium	2026-10-06T02:02:15.9469634Z libxext6 is already the newest version (2:1.3.4-1build2).
browser-continuity	Run pnpm exec playwright install --with-deps chromium	2026-10-06T02:02:15.9470001Z libxext6 set to manually installed.
browser-continuity	Run pnpm exec playwright install --with-deps chromium	2026-10-06T02:02:15.9470384Z libxfixes3 is already the newest version (1:6.0.0-2build1).
browser-continuity	Run pnpm exec playwright install --with-deps chromium	2026-10-06T02:02:15.9470762Z libxfixes3 set to manually installed.
browser-continuity	Run pnpm exec playwright install --with-deps chromium	2026-10-06T02:02:15.9471377Z libxkbcommon0 is already the newest version (1.6.0-1build1).
browser-continuity	Run pnpm exec playwright install --with-deps chromium	2026-10-06T02:02:15.9471798Z libxkbcommon0 set to manually installed.
browser-continuity	Run pnpm exec playwright install --with-deps chromium	2026-10-06T02:02:15.9472201Z libxrandr2 is already the newest version (2:1.5.2-2build1).
browser-continuity	Run pnpm exec playwright install --with-deps chromium	2026-10-06T02:02:15.9472884Z libxrandr2 set to manually installed.
browser-continuity	Run pnpm exec playwright install --with-deps chromium	2026-10-06T02:02:15.9473290Z xvfb is already the newest version (2:21.1.12-1ubuntu1.8).
browser-continuity	Run pnpm exec playwright install --with-deps chromium	2026-10-06T02:02:15.9474304Z fonts-noto-color-emoji is already the newest version (2.047-0ubuntu0.24.04.1).
browser-continuity	Run pnpm exec playwright install --with-deps chromium	2026-10-06T02:02:15.9475277Z libfontconfig1 is already the newest version (2.15.0-1.1ubuntu2).
browser-continuity	Run pnpm exec playwright install --with-deps chromium	2026-10-06T02:02:15.9476042Z libfontconfig1 set to manually installed.
browser-continuity	Run pnpm exec playwright install --with-deps chromium	2026-10-06T02:02:15.9476829Z libfreetype6 is already the newest version (2.13.2+dfsg-1ubuntu0.1).
browser-continuity	Run pnpm exec playwright install --with-deps chromium	2026-10-06T02:02:15.9477348Z libfreetype6 set to manually installed.
browser-continuity	Run pnpm exec playwright install --with-deps chromium	2026-10-06T02:02:15.9477773Z fonts-liberation is already the newest version (1:2.1.5-3).
browser-continuity	Run pnpm exec playwright install --with-deps chromium	2026-10-06T02:02:15.9478190Z fonts-liberation set to manually installed.
browser-continuity	Run pnpm exec playwright install --with-deps chromium	2026-10-06T02:02:15.9478605Z The following additional packages will be installed:
browser-continuity	Run pnpm exec playwright install --with-deps chromium	2026-10-06T02:02:15.9479113Z   libgl1-mesa-dri libglx-mesa0 mesa-libgallium xfonts-encodings xfonts-utils
browser-continuity	Run pnpm exec playwright install --with-deps chromium	2026-10-06T02:02:15.9479543Z Recommended packages:
browser-continuity	Run pnpm exec playwright install --with-deps chromium	2026-10-06T02:02:15.9479825Z   fonts-ipafont-mincho fonts-tlwg-loma
browser-continuity	Run pnpm exec playwright install --with-deps chromium	2026-10-06T02:02:15.9664799Z The following NEW packages will be installed:
browser-continuity	Run pnpm exec playwright install --with-deps chromium	2026-10-06T02:02:15.9665745Z   fonts-freefont-ttf fonts-ipafont-gothic fonts-tlwg-loma-otf fonts-unifont
browser-continuity	Run pnpm exec playwright install --with-deps chromium	2026-10-06T02:02:15.9670656Z   fonts-wqy-zenhei xfonts-cyrillic xfonts-encodings xfonts-scalable
browser-continuity	Run pnpm exec playwright install --with-deps chromium	2026-10-06T02:02:15.9671323Z   xfonts-utils
browser-continuity	Run pnpm exec playwright install --with-deps chromium	2026-10-06T02:02:15.9675396Z The following packages will be upgraded:
browser-continuity	Run pnpm exec playwright install --with-deps chromium	2026-10-06T02:02:15.9679956Z   libgbm1 libgl1-mesa-dri libglx-mesa0 mesa-libgallium
browser-continuity	Run pnpm exec playwright install --with-deps chromium	2026-10-06T02:02:15.9841708Z 4 upgraded, 9 newly installed, 0 to remove and 21 not upgraded.
browser-continuity	Run pnpm exec playwright install --with-deps chromium	2026-10-06T02:02:15.9842203Z Need to get 32.1 MB of archives.
browser-continuity	Run pnpm exec playwright install --with-deps chromium	2026-10-06T02:02:15.9842961Z After this operation, 79.5 MB of additional disk space will be used.
browser-continuity	Run pnpm exec playwright install --with-deps chromium	2026-10-06T02:02:15.9843843Z Get:1 file:/etc/apt/apt-mirrors.txt Mirrorlist [144 B]
browser-continuity	Run pnpm exec playwright install --with-deps chromium	2026-10-06T02:02:16.0138521Z Get:2 http://azure.archive.ubuntu.com/ubuntu noble/universe amd64 fonts-ipafont-gothic all 00303-21ubuntu1 [3513 kB]
browser-continuity	Run pnpm exec playwright install --with-deps chromium	2026-10-06T02:02:16.0570974Z Get:3 http://azure.archive.ubuntu.com/ubuntu noble/main amd64 fonts-freefont-ttf all 20211204+svn4273-2 [5641 kB]
browser-continuity	Run pnpm exec playwright install --with-deps chromium	2026-10-06T02:02:16.1059596Z Get:4 http://azure.archive.ubuntu.com/ubuntu noble/universe amd64 fonts-tlwg-loma-otf all 1:0.7.3-1 [107 kB]
browser-continuity	Run pnpm exec playwright install --with-deps chromium	2026-10-06T02:02:16.1209953Z Get:5 http://azure.archive.ubuntu.com/ubuntu noble/universe amd64 fonts-unifont all 1:15.1.01-1build1 [2993 kB]
browser-continuity	Run pnpm exec playwright install --with-deps chromium	2026-10-06T02:02:16.1586274Z Get:6 http://azure.archive.ubuntu.com/ubuntu noble/universe amd64 fonts-wqy-zenhei all 0.9.45-8 [7472 kB]
browser-continuity	Run pnpm exec playwright install --with-deps chromium	2026-10-06T02:02:16.2199623Z Get:7 http://azure.archive.ubuntu.com/ubuntu noble-updates/main amd64 libgl1-mesa-dri amd64 25.2.8-0ubuntu0.24.04.4 [38.0 kB]
browser-continuity	Run pnpm exec playwright install --with-deps chromium	2026-10-06T02:02:16.2346614Z Get:8 http://azure.archive.ubuntu.com/ubuntu noble-updates/main amd64 libglx-mesa0 amd64 25.2.8-0ubuntu0.24.04.4 [110 kB]
browser-continuity	Run pnpm exec playwright install --with-deps chromium	2026-10-06T02:02:16.2493316Z Get:9 http://azure.archive.ubuntu.com/ubuntu noble-updates/main amd64 libgbm1 amd64 25.2.8-0ubuntu0.24.04.4 [34.2 kB]
browser-continuity	Run pnpm exec playwright install --with-deps chromium	2026-10-06T02:02:16.2638310Z Get:10 http://azure.archive.ubuntu.com/ubuntu noble-updates/main amd64 mesa-libgallium amd64 25.2.8-0ubuntu0.24.04.4 [10.8 MB]
browser-continuity	Run pnpm exec playwright install --with-deps chromium	2026-10-06T02:02:16.3396922Z Get:11 http://azure.archive.ubuntu.com/ubuntu noble/main amd64 xfonts-encodings all 1:1.0.5-0ubuntu2 [578 kB]
browser-continuity	Run pnpm exec playwright install --with-deps chromium	2026-10-06T02:02:16.3573537Z Get:12 http://azure.archive.ubuntu.com/ubuntu noble/main amd64 xfonts-utils amd64 1:7.7+6build3 [94.4 kB]
browser-continuity	Run pnpm exec playwright install --with-deps chromium	2026-10-06T02:02:16.3720488Z Get:13 http://azure.archive.ubuntu.com/ubuntu noble/universe amd64 xfonts-cyrillic all 1:1.0.5+nmu1 [384 kB]
browser-continuity	Run pnpm exec playwright install --with-deps chromium	2026-10-06T02:02:16.3882225Z Get:14 http://azure.archive.ubuntu.com/ubuntu noble/main amd64 xfonts-scalable all 1:1.0.3-1.3 [304 kB]
browser-continuity	Run pnpm exec playwright install --with-deps chromium	2026-10-06T02:02:16.6537412Z Fetched 32.1 MB in 0s (77.0 MB/s)
browser-continuity	Run pnpm exec playwright install --with-deps chromium	2026-10-06T02:02:16.6769988Z Selecting previously unselected package fonts-ipafont-gothic.
browser-continuity	Run pnpm exec playwright install --with-deps chromium	2026-10-06T02:02:16.7107704Z (Reading database ... 
browser-continuity	Run pnpm exec playwright install --with-deps chromium	2026-10-06T02:02:16.7108316Z (Reading database ... 5%
browser-continuity	Run pnpm exec playwright install --with-deps chromium	2026-10-06T02:02:16.7108777Z (Reading database ... 10%
browser-continuity	Run pnpm exec playwright install --with-deps chromium	2026-10-06T02:02:16.7109209Z (Reading database ... 15%
browser-continuity	Run pnpm exec playwright install --with-deps chromium	2026-10-06T02:02:16.7109613Z (Reading database ... 20%
browser-continuity	Run pnpm exec playwright install --with-deps chromium	2026-10-06T02:02:16.7109870Z (Reading database ... 25%
browser-continuity	Run pnpm exec playwright install --with-deps chromium	2026-10-06T02:02:16.7110128Z (Reading database ... 30%
browser-continuity	Run pnpm exec playwright install --with-deps chromium	2026-10-06T02:02:16.7110691Z (Reading database ... 35%
browser-continuity	Run pnpm exec playwright install --with-deps chromium	2026-10-06T02:02:16.7110963Z (Reading database ... 40%
browser-continuity	Run pnpm exec playwright install --with-deps chromium	2026-10-06T02:02:16.7111217Z (Reading database ... 45%
browser-continuity	Run pnpm exec playwright install --with-deps chromium	2026-10-06T02:02:16.7111464Z (Reading database ... 50%
browser-continuity	Run pnpm exec playwright install --with-deps chromium	2026-10-06T02:02:16.7170553Z (Reading database ... 55%
browser-continuity	Run pnpm exec playwright install --with-deps chromium	2026-10-06T02:02:16.8445089Z (Reading database ... 60%
browser-continuity	Run pnpm exec playwright install --with-deps chromium	2026-10-06T02:02:17.0350489Z (Reading database ... 65%
browser-continuity	Run pnpm exec playwright install --with-deps chromium	2026-10-06T02:02:17.2408258Z (Reading database ... 70%
browser-continuity	Run pnpm exec playwright install --with-deps chromium	2026-10-06T02:02:17.4435372Z (Reading database ... 75%
browser-continuity	Run pnpm exec playwright install --with-deps chromium	2026-10-06T02:02:17.5883387Z (Reading database ... 80%
browser-continuity	Run pnpm exec playwright install --with-deps chromium	2026-10-06T02:02:17.7918305Z (Reading database ... 85%
browser-continuity	Run pnpm exec playwright install --with-deps chromium	2026-10-06T02:02:17.9812657Z (Reading database ... 90%
browser-continuity	Run pnpm exec playwright install --with-deps chromium	2026-10-06T02:02:18.1502663Z (Reading database ... 95%
browser-continuity	Run pnpm exec playwright install --with-deps chromium	2026-10-06T02:02:18.1503351Z (Reading database ... 100%
browser-continuity	Run pnpm exec playwright install --with-deps chromium	2026-10-06T02:02:18.1504280Z (Reading database ... 202296 files and directories currently installed.)
browser-continuity	Run pnpm exec playwright install --with-deps chromium	2026-10-06T02:02:18.1545236Z Preparing to unpack .../00-fonts-ipafont-gothic_00303-21ubuntu1_all.deb ...
browser-continuity	Run pnpm exec playwright install --with-deps chromium	2026-10-06T02:02:18.1632767Z Unpacking fonts-ipafont-gothic (00303-21ubuntu1) ...
browser-continuity	Run pnpm exec playwright install --with-deps chromium	2026-10-06T02:02:18.3934203Z Selecting previously unselected package fonts-freefont-ttf.
browser-continuity	Run pnpm exec playwright install --with-deps chromium	2026-10-06T02:02:18.4058595Z Preparing to unpack .../01-fonts-freefont-ttf_20211204+svn4273-2_all.deb ...
browser-continuity	Run pnpm exec playwright install --with-deps chromium	2026-10-06T02:02:18.4066760Z Unpacking fonts-freefont-ttf (20211204+svn4273-2) ...
browser-continuity	Run pnpm exec playwright install --with-deps chromium	2026-10-06T02:02:18.4851488Z Selecting previously unselected package fonts-tlwg-loma-otf.
browser-continuity	Run pnpm exec playwright install --with-deps chromium	2026-10-06T02:02:18.4975730Z Preparing to unpack .../02-fonts-tlwg-loma-otf_1%3a0.7.3-1_all.deb ...
browser-continuity	Run pnpm exec playwright install --with-deps chromium	2026-10-06T02:02:18.4983729Z Unpacking fonts-tlwg-loma-otf (1:0.7.3-1) ...
browser-continuity	Run pnpm exec playwright install --with-deps chromium	2026-10-06T02:02:18.5184706Z Selecting previously unselected package fonts-unifont.
browser-continuity	Run pnpm exec playwright install --with-deps chromium	2026-10-06T02:02:18.5310611Z Preparing to unpack .../03-fonts-unifont_1%3a15.1.01-1build1_all.deb ...
browser-continuity	Run pnpm exec playwright install --with-deps chromium	2026-10-06T02:02:18.5319365Z Unpacking fonts-unifont (1:15.1.01-1build1) ...
browser-continuity	Run pnpm exec playwright install --with-deps chromium	2026-10-06T02:02:18.6447516Z Selecting previously unselected package fonts-wqy-zenhei.
browser-continuity	Run pnpm exec playwright install --with-deps chromium	2026-10-06T02:02:18.6573075Z Preparing to unpack .../04-fonts-wqy-zenhei_0.9.45-8_all.deb ...
browser-continuity	Run pnpm exec playwright install --with-deps chromium	2026-10-06T02:02:18.6678067Z Unpacking fonts-wqy-zenhei (0.9.45-8) ...
browser-continuity	Run pnpm exec playwright install --with-deps chromium	2026-10-06T02:02:19.1493921Z Preparing to unpack .../05-libgl1-mesa-dri_25.2.8-0ubuntu0.24.04.4_amd64.deb ...
browser-continuity	Run pnpm exec playwright install --with-deps chromium	2026-10-06T02:02:19.1640339Z Unpacking libgl1-mesa-dri:amd64 (25.2.8-0ubuntu0.24.04.4) over (25.2.8-0ubuntu0.24.04.2) ...
browser-continuity	Run pnpm exec playwright install --with-deps chromium	2026-10-06T02:02:19.2123602Z Preparing to unpack .../06-libglx-mesa0_25.2.8-0ubuntu0.24.04.4_amd64.deb ...
browser-continuity	Run pnpm exec playwright install --with-deps chromium	2026-10-06T02:02:19.2154375Z Unpacking libglx-mesa0:amd64 (25.2.8-0ubuntu0.24.04.4) over (25.2.8-0ubuntu0.24.04.2) ...
browser-continuity	Run pnpm exec playwright install --with-deps chromium	2026-10-06T02:02:19.2504217Z Preparing to unpack .../07-libgbm1_25.2.8-0ubuntu0.24.04.4_amd64.deb ...
browser-continuity	Run pnpm exec playwright install --with-deps chromium	2026-10-06T02:02:19.2529536Z Unpacking libgbm1:amd64 (25.2.8-0ubuntu0.24.04.4) over (25.2.8-0ubuntu0.24.04.2) ...
browser-continuity	Run pnpm exec playwright install --with-deps chromium	2026-10-06T02:02:19.2886484Z Preparing to unpack .../08-mesa-libgallium_25.2.8-0ubuntu0.24.04.4_amd64.deb ...
browser-continuity	Run pnpm exec playwright install --with-deps chromium	2026-10-06T02:02:19.2909544Z Unpacking mesa-libgallium:amd64 (25.2.8-0ubuntu0.24.04.4) over (25.2.8-0ubuntu0.24.04.2) ...
browser-continuity	Run pnpm exec playwright install --with-deps chromium	2026-10-06T02:02:19.4603565Z Selecting previously unselected package xfonts-encodings.
browser-continuity	Run pnpm exec playwright install --with-deps chromium	2026-10-06T02:02:19.4730063Z Preparing to unpack .../09-xfonts-encodings_1%3a1.0.5-0ubuntu2_all.deb ...
browser-continuity	Run pnpm exec playwright install --with-deps chromium	2026-10-06T02:02:19.4737950Z Unpacking xfonts-encodings (1:1.0.5-0ubuntu2) ...
browser-continuity	Run pnpm exec playwright install --with-deps chromium	2026-10-06T02:02:19.5015222Z Selecting previously unselected package xfonts-utils.
browser-continuity	Run pnpm exec playwright install --with-deps chromium	2026-10-06T02:02:19.5139765Z Preparing to unpack .../10-xfonts-utils_1%3a7.7+6build3_amd64.deb ...
browser-continuity	Run pnpm exec playwright install --with-deps chromium	2026-10-06T02:02:19.5146861Z Unpacking xfonts-utils (1:7.7+6build3) ...
browser-continuity	Run pnpm exec playwright install --with-deps chromium	2026-10-06T02:02:19.5539926Z Selecting previously unselected package xfonts-cyrillic.
browser-continuity	Run pnpm exec playwright install --with-deps chromium	2026-10-06T02:02:19.5664863Z Preparing to unpack .../11-xfonts-cyrillic_1%3a1.0.5+nmu1_all.deb ...
browser-continuity	Run pnpm exec playwright install --with-deps chromium	2026-10-06T02:02:19.5675027Z Unpacking xfonts-cyrillic (1:1.0.5+nmu1) ...
browser-continuity	Run pnpm exec playwright install --with-deps chromium	2026-10-06T02:02:19.5997975Z Selecting previously unselected package xfonts-scalable.
browser-continuity	Run pnpm exec playwright install --with-deps chromium	2026-10-06T02:02:19.6122684Z Preparing to unpack .../12-xfonts-scalable_1%3a1.0.3-1.3_all.deb ...
browser-continuity	Run pnpm exec playwright install --with-deps chromium	2026-10-06T02:02:19.6128854Z Unpacking xfonts-scalable (1:1.0.3-1.3) ...
browser-continuity	Run pnpm exec playwright install --with-deps chromium	2026-10-06T02:02:19.6553630Z Setting up mesa-libgallium:amd64 (25.2.8-0ubuntu0.24.04.4) ...
browser-continuity	Run pnpm exec playwright install --with-deps chromium	2026-10-06T02:02:19.6573844Z Setting up libgbm1:amd64 (25.2.8-0ubuntu0.24.04.4) ...
browser-continuity	Run pnpm exec playwright install --with-deps chromium	2026-10-06T02:02:19.6590628Z Setting up libgl1-mesa-dri:amd64 (25.2.8-0ubuntu0.24.04.4) ...
browser-continuity	Run pnpm exec playwright install --with-deps chromium	2026-10-06T02:02:19.6662023Z Setting up fonts-wqy-zenhei (0.9.45-8) ...
browser-continuity	Run pnpm exec playwright install --with-deps chromium	2026-10-06T02:02:19.6771803Z Setting up fonts-freefont-ttf (20211204+svn4273-2) ...
browser-continuity	Run pnpm exec playwright install --with-deps chromium	2026-10-06T02:02:19.6788078Z Setting up fonts-tlwg-loma-otf (1:0.7.3-1) ...
browser-continuity	Run pnpm exec playwright install --with-deps chromium	2026-10-06T02:02:19.6807698Z Setting up xfonts-encodings (1:1.0.5-0ubuntu2) ...
browser-continuity	Run pnpm exec playwright install --with-deps chromium	2026-10-06T02:02:19.6825905Z Setting up fonts-ipafont-gothic (00303-21ubuntu1) ...
browser-continuity	Run pnpm exec playwright install --with-deps chromium	2026-10-06T02:02:19.6891548Z update-alternatives: using /usr/share/fonts/opentype/ipafont-gothic/ipag.ttf to provide /usr/share/fonts/truetype/fonts-japanese-gothic.ttf (fonts-japanese-gothic.ttf) in auto mode
browser-continuity	Run pnpm exec playwright install --with-deps chromium	2026-10-06T02:02:19.6908248Z Setting up fonts-unifont (1:15.1.01-1build1) ...
browser-continuity	Run pnpm exec playwright install --with-deps chromium	2026-10-06T02:02:19.6929045Z Setting up libglx-mesa0:amd64 (25.2.8-0ubuntu0.24.04.4) ...
browser-continuity	Run pnpm exec playwright install --with-deps chromium	2026-10-06T02:02:19.6949460Z Setting up xfonts-utils (1:7.7+6build3) ...
browser-continuity	Run pnpm exec playwright install --with-deps chromium	2026-10-06T02:02:19.6989232Z Setting up xfonts-cyrillic (1:1.0.5+nmu1) ...
browser-continuity	Run pnpm exec playwright install --with-deps chromium	2026-10-06T02:02:19.7289273Z Setting up xfonts-scalable (1:1.0.3-1.3) ...
browser-continuity	Run pnpm exec playwright install --with-deps chromium	2026-10-06T02:02:19.7563496Z Processing triggers for libc-bin (2.39-0ubuntu8.9) ...
browser-continuity	Run pnpm exec playwright install --with-deps chromium	2026-10-06T02:02:19.7925809Z Processing triggers for man-db (2.12.0-4build2) ...
browser-continuity	Run pnpm exec playwright install --with-deps chromium	2026-10-06T02:02:19.7947312Z Not building database; man-db/auto-update is not 'true'.
browser-continuity	Run pnpm exec playwright install --with-deps chromium	2026-10-06T02:02:19.7957680Z Processing triggers for fontconfig (2.15.0-1.1ubuntu2) ...
browser-continuity	Run pnpm exec playwright install --with-deps chromium	2026-10-06T02:02:20.5345190Z 
browser-continuity	Run pnpm exec playwright install --with-deps chromium	2026-10-06T02:02:20.5345899Z Running kernel seems to be up-to-date.
browser-continuity	Run pnpm exec playwright install --with-deps chromium	2026-10-06T02:02:20.5346322Z 
browser-continuity	Run pnpm exec playwright install --with-deps chromium	2026-10-06T02:02:20.5346584Z No services need to be restarted.
browser-continuity	Run pnpm exec playwright install --with-deps chromium	2026-10-06T02:02:20.5346887Z 
browser-continuity	Run pnpm exec playwright install --with-deps chromium	2026-10-06T02:02:20.5347147Z No containers need to be restarted.
browser-continuity	Run pnpm exec playwright install --with-deps chromium	2026-10-06T02:02:20.5347475Z 
browser-continuity	Run pnpm exec playwright install --with-deps chromium	2026-10-06T02:02:20.5347780Z No user sessions are running outdated binaries.
browser-continuity	Run pnpm exec playwright install --with-deps chromium	2026-10-06T02:02:20.5348149Z 
browser-continuity	Run pnpm exec playwright install --with-deps chromium	2026-10-06T02:02:20.5348657Z No VM guests are running outdated hypervisor (qemu) binaries on this host.
browser-continuity	Run pnpm exec playwright install --with-deps chromium	2026-10-06T02:02:21.3882879Z Downloading Chrome for Testing 153.0.8010.12 (playwright chromium v1243) from https://cdn.playwright.dev/builds/cft/153.0.8010.12/linux64/chrome-linux64.zip
browser-continuity	Run pnpm exec playwright install --with-deps chromium	2026-10-06T02:02:21.7720382Z |                                                                                |   0% of 186.8 MiB
browser-continuity	Run pnpm exec playwright install --with-deps chromium	2026-10-06T02:02:21.9601210Z |■■■■■■■■                                                                        |  10% of 186.8 MiB
browser-continuity	Run pnpm exec playwright install --with-deps chromium	2026-10-06T02:02:22.0640592Z |■■■■■■■■■■■■■■■■                                                                |  20% of 186.8 MiB
browser-continuity	Run pnpm exec playwright install --with-deps chromium	2026-10-06T02:02:22.1696732Z |■■■■■■■■■■■■■■■■■■■■■■■■                                                        |  30% of 186.8 MiB
browser-continuity	Run pnpm exec playwright install --with-deps chromium	2026-10-06T02:02:22.2353199Z |■■■■■■■■■■■■■■■■■■■■■■■■■■■■■■■■                                                |  40% of 186.8 MiB
browser-continuity	Run pnpm exec playwright install --with-deps chromium	2026-10-06T02:02:22.3183617Z |■■■■■■■■■■■■■■■■■■■■■■■■■■■■■■■■■■■■■■■■                                        |  50% of 186.8 MiB
browser-continuity	Run pnpm exec playwright install --with-deps chromium	2026-10-06T02:02:22.4001989Z |■■■■■■■■■■■■■■■■■■■■■■■■■■■■■■■■■■■■■■■■■■■■■■■■                                |  60% of 186.8 MiB
browser-continuity	Run pnpm exec playwright install --with-deps chromium	2026-10-06T02:02:22.4665398Z |■■■■■■■■■■■■■■■■■■■■■■■■■■■■■■■■■■■■■■■■■■■■■■■■■■■■■■■■                        |  70% of 186.8 MiB
browser-continuity	Run pnpm exec playwright install --with-deps chromium	2026-10-06T02:02:22.5563865Z |■■■■■■■■■■■■■■■■■■■■■■■■■■■■■■■■■■■■■■■■■■■■■■■■■■■■■■■■■■■■■■■■                |  80% of 186.8 MiB
browser-continuity	Run pnpm exec playwright install --with-deps chromium	2026-10-06T02:02:22.6244124Z |■■■■■■■■■■■■■■■■■■■■■■■■■■■■■■■■■■■■■■■■■■■■■■■■■■■■■■■■■■■■■■■■■■■■■■■■        |  90% of 186.8 MiB
browser-continuity	Run pnpm exec playwright install --with-deps chromium	2026-10-06T02:02:22.7009230Z |■■■■■■■■■■■■■■■■■■■■■■■■■■■■■■■■■■■■■■■■■■■■■■■■■■■■■■■■■■■■■■■■■■■■■■■■■■■■■■■■| 100% of 186.8 MiB
browser-continuity	Run pnpm exec playwright install --with-deps chromium	2026-10-06T02:02:25.8185149Z Chrome for Testing 153.0.8010.12 (playwright chromium v1243) downloaded to /home/runner/.cache/ms-playwright/chromium-1243
browser-continuity	Run pnpm exec playwright install --with-deps chromium	2026-10-06T02:02:25.8189311Z Downloading FFmpeg (playwright ffmpeg v1011) from https://cdn.playwright.dev/dbazure/download/playwright/builds/ffmpeg/1011/ffmpeg-linux.zip
browser-continuity	Run pnpm exec playwright install --with-deps chromium	2026-10-06T02:02:26.1613880Z |                                                                                |   0% of 2.3 MiB
browser-continuity	Run pnpm exec playwright install --with-deps chromium	2026-10-06T02:02:26.1654029Z |■■■■■■■■                                                                        |  10% of 2.3 MiB
browser-continuity	Run pnpm exec playwright install --with-deps chromium	2026-10-06T02:02:26.1672510Z |■■■■■■■■■■■■■■■■                                                                |  20% of 2.3 MiB
browser-continuity	Run pnpm exec playwright install --with-deps chromium	2026-10-06T02:02:26.1697687Z |■■■■■■■■■■■■■■■■■■■■■■■■                                                        |  30% of 2.3 MiB
browser-continuity	Run pnpm exec playwright install --with-deps chromium	2026-10-06T02:02:26.1711704Z |■■■■■■■■■■■■■■■■■■■■■■■■■■■■■■■■                                                |  40% of 2.3 MiB
browser-continuity	Run pnpm exec playwright install --with-deps chromium	2026-10-06T02:02:26.1726932Z |■■■■■■■■■■■■■■■■■■■■■■■■■■■■■■■■■■■■■■■■                                        |  50% of 2.3 MiB
browser-continuity	Run pnpm exec playwright install --with-deps chromium	2026-10-06T02:02:26.1743558Z |■■■■■■■■■■■■■■■■■■■■■■■■■■■■■■■■■■■■■■■■■■■■■■■■                                |  60% of 2.3 MiB
browser-continuity	Run pnpm exec playwright install --with-deps chromium	2026-10-06T02:02:26.1753575Z |■■■■■■■■■■■■■■■■■■■■■■■■■■■■■■■■■■■■■■■■■■■■■■■■■■■■■■■■                        |  70% of 2.3 MiB
browser-continuity	Run pnpm exec playwright install --with-deps chromium	2026-10-06T02:02:26.1784391Z |■■■■■■■■■■■■■■■■■■■■■■■■■■■■■■■■■■■■■■■■■■■■■■■■■■■■■■■■■■■■■■■■                |  80% of 2.3 MiB
browser-continuity	Run pnpm exec playwright install --with-deps chromium	2026-10-06T02:02:26.1791833Z |■■■■■■■■■■■■■■■■■■■■■■■■■■■■■■■■■■■■■■■■■■■■■■■■■■■■■■■■■■■■■■■■■■■■■■■■        |  90% of 2.3 MiB
browser-continuity	Run pnpm exec playwright install --with-deps chromium	2026-10-06T02:02:26.1801431Z |■■■■■■■■■■■■■■■■■■■■■■■■■■■■■■■■■■■■■■■■■■■■■■■■■■■■■■■■■■■■■■■■■■■■■■■■■■■■■■■■| 100% of 2.3 MiB
browser-continuity	Run pnpm exec playwright install --with-deps chromium	2026-10-06T02:02:26.2408560Z FFmpeg (playwright ffmpeg v1011) downloaded to /home/runner/.cache/ms-playwright/ffmpeg-1011
browser-continuity	Run pnpm exec playwright install --with-deps chromium	2026-10-06T02:02:26.2411466Z Downloading Chrome Headless Shell 153.0.8010.12 (playwright chromium-headless-shell v1243) from https://cdn.playwright.dev/builds/cft/153.0.8010.12/linux64/chrome-headless-shell-linux64.zip
browser-continuity	Run pnpm exec playwright install --with-deps chromium	2026-10-06T02:02:26.6153594Z |                                                                                |   0% of 114.3 MiB
browser-continuity	Run pnpm exec playwright install --with-deps chromium	2026-10-06T02:02:26.8497454Z |■■■■■■■■                                                                        |  10% of 114.3 MiB
browser-continuity	Run pnpm exec playwright install --with-deps chromium	2026-10-06T02:02:27.0014164Z |■■■■■■■■■■■■■■■■                                                                |  20% of 114.3 MiB
browser-continuity	Run pnpm exec playwright install --with-deps chromium	2026-10-06T02:02:27.0616394Z |■■■■■■■■■■■■■■■■■■■■■■■■                                                        |  30% of 114.3 MiB
browser-continuity	Run pnpm exec playwright install --with-deps chromium	2026-10-06T02:02:27.1260350Z |■■■■■■■■■■■■■■■■■■■■■■■■■■■■■■■■                                                |  40% of 114.3 MiB
browser-continuity	Run pnpm exec playwright install --with-deps chromium	2026-10-06T02:02:27.1877290Z |■■■■■■■■■■■■■■■■■■■■■■■■■■■■■■■■■■■■■■■■                                        |  50% of 114.3 MiB
browser-continuity	Run pnpm exec playwright install --with-deps chromium	2026-10-06T02:02:27.2253924Z |■■■■■■■■■■■■■■■■■■■■■■■■■■■■■■■■■■■■■■■■■■■■■■■■                                |  60% of 114.3 MiB
browser-continuity	Run pnpm exec playwright install --with-deps chromium	2026-10-06T02:02:27.2774161Z |■■■■■■■■■■■■■■■■■■■■■■■■■■■■■■■■■■■■■■■■■■■■■■■■■■■■■■■■                        |  70% of 114.3 MiB
browser-continuity	Run pnpm exec playwright install --with-deps chromium	2026-10-06T02:02:27.3195210Z |■■■■■■■■■■■■■■■■■■■■■■■■■■■■■■■■■■■■■■■■■■■■■■■■■■■■■■■■■■■■■■■■                |  80% of 114.3 MiB
browser-continuity	Run pnpm exec playwright install --with-deps chromium	2026-10-06T02:02:27.3575768Z |■■■■■■■■■■■■■■■■■■■■■■■■■■■■■■■■■■■■■■■■■■■■■■■■■■■■■■■■■■■■■■■■■■■■■■■■        |  90% of 114.3 MiB
browser-continuity	Run pnpm exec playwright install --with-deps chromium	2026-10-06T02:02:27.4155173Z |■■■■■■■■■■■■■■■■■■■■■■■■■■■■■■■■■■■■■■■■■■■■■■■■■■■■■■■■■■■■■■■■■■■■■■■■■■■■■■■■| 100% of 114.3 MiB
browser-continuity	Run pnpm exec playwright install --with-deps chromium	2026-10-06T02:02:29.6651670Z Chrome Headless Shell 153.0.8010.12 (playwright chromium-headless-shell v1243) downloaded to /home/runner/.cache/ms-playwright/chromium_headless_shell-1243
browser-continuity	Run pnpm exec playwright test --config playwright.mvp-research.config.ts tests/e2e/mvp-a-research.spec.ts --reporter=line,junit	﻿2026-10-06T02:02:29.7032981Z ##[group]Run pnpm exec playwright test --config playwright.mvp-research.config.ts tests/e2e/mvp-a-research.spec.ts --reporter=line,junit
browser-continuity	Run pnpm exec playwright test --config playwright.mvp-research.config.ts tests/e2e/mvp-a-research.spec.ts --reporter=line,junit	2026-10-06T02:02:29.7034166Z ^[[36;1mpnpm exec playwright test --config playwright.mvp-research.config.ts tests/e2e/mvp-a-research.spec.ts --reporter=line,junit^[[0m
browser-continuity	Run pnpm exec playwright test --config playwright.mvp-research.config.ts tests/e2e/mvp-a-research.spec.ts --reporter=line,junit	2026-10-06T02:02:29.7098506Z shell: /usr/bin/bash -e {0}
browser-continuity	Run pnpm exec playwright test --config playwright.mvp-research.config.ts tests/e2e/mvp-a-research.spec.ts --reporter=line,junit	2026-10-06T02:02:29.7098791Z env:
browser-continuity	Run pnpm exec playwright test --config playwright.mvp-research.config.ts tests/e2e/mvp-a-research.spec.ts --reporter=line,junit	2026-10-06T02:02:29.7099011Z   BUYEROS_STRICT_INTEGRATION: 1
browser-continuity	Run pnpm exec playwright test --config playwright.mvp-research.config.ts tests/e2e/mvp-a-research.spec.ts --reporter=line,junit	2026-10-06T02:02:29.7099367Z   PLAYWRIGHT_JUNIT_OUTPUT_FILE: test-results/t30-browser.xml
browser-continuity	Run pnpm exec playwright test --config playwright.mvp-research.config.ts tests/e2e/mvp-a-research.spec.ts --reporter=line,junit	2026-10-06T02:02:29.7099815Z   PNPM_HOME: /home/runner/setup-pnpm/node_modules/.bin
browser-continuity	Run pnpm exec playwright test --config playwright.mvp-research.config.ts tests/e2e/mvp-a-research.spec.ts --reporter=line,junit	2026-10-06T02:02:29.7100241Z   pythonLocation: /opt/hostedtoolcache/Python/3.12.14/x64
browser-continuity	Run pnpm exec playwright test --config playwright.mvp-research.config.ts tests/e2e/mvp-a-research.spec.ts --reporter=line,junit	2026-10-06T02:02:29.7100729Z   PKG_CONFIG_PATH: /opt/hostedtoolcache/Python/3.12.14/x64/lib/pkgconfig
browser-continuity	Run pnpm exec playwright test --config playwright.mvp-research.config.ts tests/e2e/mvp-a-research.spec.ts --reporter=line,junit	2026-10-06T02:02:29.7101241Z   Python_ROOT_DIR: /opt/hostedtoolcache/Python/3.12.14/x64
browser-continuity	Run pnpm exec playwright test --config playwright.mvp-research.config.ts tests/e2e/mvp-a-research.spec.ts --reporter=line,junit	2026-10-06T02:02:29.7101701Z   Python2_ROOT_DIR: /opt/hostedtoolcache/Python/3.12.14/x64
browser-continuity	Run pnpm exec playwright test --config playwright.mvp-research.config.ts tests/e2e/mvp-a-research.spec.ts --reporter=line,junit	2026-10-06T02:02:29.7102510Z   Python3_ROOT_DIR: /opt/hostedtoolcache/Python/3.12.14/x64
browser-continuity	Run pnpm exec playwright test --config playwright.mvp-research.config.ts tests/e2e/mvp-a-research.spec.ts --reporter=line,junit	2026-10-06T02:02:29.7103016Z   LD_LIBRARY_PATH: /opt/hostedtoolcache/Python/3.12.14/x64/lib
browser-continuity	Run pnpm exec playwright test --config playwright.mvp-research.config.ts tests/e2e/mvp-a-research.spec.ts --reporter=line,junit	2026-10-06T02:02:29.7103408Z ##[endgroup]
browser-continuity	Run pnpm exec playwright test --config playwright.mvp-research.config.ts tests/e2e/mvp-a-research.spec.ts --reporter=line,junit	2026-10-06T02:02:44.6977018Z [WebServer] INFO  [alembic.runtime.migration] Context impl PostgresqlImpl.
browser-continuity	Run pnpm exec playwright test --config playwright.mvp-research.config.ts tests/e2e/mvp-a-research.spec.ts --reporter=line,junit	2026-10-06T02:02:44.6977732Z 
browser-continuity	Run pnpm exec playwright test --config playwright.mvp-research.config.ts tests/e2e/mvp-a-research.spec.ts --reporter=line,junit	2026-10-06T02:02:44.6978349Z [WebServer] INFO  [alembic.runtime.migration] Will assume transactional DDL.
browser-continuity	Run pnpm exec playwright test --config playwright.mvp-research.config.ts tests/e2e/mvp-a-research.spec.ts --reporter=line,junit	2026-10-06T02:02:44.6978905Z 
browser-continuity	Run pnpm exec playwright test --config playwright.mvp-research.config.ts tests/e2e/mvp-a-research.spec.ts --reporter=line,junit	2026-10-06T02:02:44.7441205Z [WebServer] INFO  [alembic.runtime.migration] Running upgrade  -> 0001_initial, initial tenant boundary: workspaces, users, memberships
browser-continuity	Run pnpm exec playwright test --config playwright.mvp-research.config.ts tests/e2e/mvp-a-research.spec.ts --reporter=line,junit	2026-10-06T02:02:44.7442165Z 
browser-continuity	Run pnpm exec playwright test --config playwright.mvp-research.config.ts tests/e2e/mvp-a-research.spec.ts --reporter=line,junit	2026-10-06T02:02:44.7591738Z [WebServer] INFO  [alembic.runtime.migration] Running upgrade 0001_initial -> 0002_rls_and_roles, row-level security and least-privilege runtime roles
browser-continuity	Run pnpm exec playwright test --config playwright.mvp-research.config.ts tests/e2e/mvp-a-research.spec.ts --reporter=line,junit	2026-10-06T02:02:44.7593009Z 
browser-continuity	Run pnpm exec playwright test --config playwright.mvp-research.config.ts tests/e2e/mvp-a-research.spec.ts --reporter=line,junit	2026-10-06T02:02:44.7636003Z [WebServer] INFO  [alembic.runtime.migration] Running upgrade 0002_rls_and_roles -> 0003_p2_tables, P2 domain tables (projects, buyers, evidence, policy, budget, outbox) + RLS
browser-continuity	Run pnpm exec playwright test --config playwright.mvp-research.config.ts tests/e2e/mvp-a-research.spec.ts --reporter=line,junit	2026-10-06T02:02:44.7637239Z 
browser-continuity	Run pnpm exec playwright test --config playwright.mvp-research.config.ts tests/e2e/mvp-a-research.spec.ts --reporter=line,junit	2026-10-06T02:02:44.8921816Z [WebServer] INFO  [alembic.runtime.migration] Running upgrade 0003_p2_tables -> 0004_p4_p5_tables, P4/P5 tables (quotes, provider ops, drafts, approvals, outcomes) + RLS
browser-continuity	Run pnpm exec playwright test --config playwright.mvp-research.config.ts tests/e2e/mvp-a-research.spec.ts --reporter=line,junit	2026-10-06T02:02:44.8923580Z 
browser-continuity	Run pnpm exec playwright test --config playwright.mvp-research.config.ts tests/e2e/mvp-a-research.spec.ts --reporter=line,junit	2026-10-06T02:02:44.9802718Z [WebServer] INFO  [alembic.runtime.migration] Running upgrade 0004_p4_p5_tables -> 0005_p3_tables, P3 tables (runs, events, candidates, aliases, contacts) + RLS
browser-continuity	Run pnpm exec playwright test --config playwright.mvp-research.config.ts tests/e2e/mvp-a-research.spec.ts --reporter=line,junit	2026-10-06T02:02:44.9803872Z 
browser-continuity	Run pnpm exec playwright test --config playwright.mvp-research.config.ts tests/e2e/mvp-a-research.spec.ts --reporter=line,junit	2026-10-06T02:02:45.0295882Z [WebServer] INFO  [alembic.runtime.migration] Running upgrade 0005_p3_tables -> 0006_worker_leases, worker leases and outbox dispatch columns
browser-continuity	Run pnpm exec playwright test --config playwright.mvp-research.config.ts tests/e2e/mvp-a-research.spec.ts --reporter=line,junit	2026-10-06T02:02:45.0296905Z 
browser-continuity	Run pnpm exec playwright test --config playwright.mvp-research.config.ts tests/e2e/mvp-a-research.spec.ts --reporter=line,junit	2026-10-06T02:02:45.0410609Z [WebServer] INFO  [alembic.runtime.migration] Running upgrade 0006_worker_leases -> 0007_outbox_terminal_state, terminal outbox states, claim index and dispatcher workspace read
browser-continuity	Run pnpm exec playwright test --config playwright.mvp-research.config.ts tests/e2e/mvp-a-research.spec.ts --reporter=line,junit	2026-10-06T02:02:45.0411611Z 
browser-continuity	Run pnpm exec playwright test --config playwright.mvp-research.config.ts tests/e2e/mvp-a-research.spec.ts --reporter=line,junit	2026-10-06T02:02:45.0443288Z [WebServer] INFO  [alembic.runtime.migration] Running upgrade 0007_outbox_terminal_state -> 0008_grant_users_select, grant SELECT on users to the API role
browser-continuity	Run pnpm exec playwright test --config playwright.mvp-research.config.ts tests/e2e/mvp-a-research.spec.ts --reporter=line,junit	2026-10-06T02:02:45.0443961Z 
browser-continuity	Run pnpm exec playwright test --config playwright.mvp-research.config.ts tests/e2e/mvp-a-research.spec.ts --reporter=line,junit	2026-10-06T02:02:45.0454184Z [WebServer] INFO  [alembic.runtime.migration] Running upgrade 0008_grant_users_select -> 0009_project_profile_columns, project profile columns and ICP supersession
browser-continuity	Run pnpm exec playwright test --config playwright.mvp-research.config.ts tests/e2e/mvp-a-research.spec.ts --reporter=line,junit	2026-10-06T02:02:45.0454893Z 
browser-continuity	Run pnpm exec playwright test --config playwright.mvp-research.config.ts tests/e2e/mvp-a-research.spec.ts --reporter=line,junit	2026-10-06T02:02:45.0546496Z [WebServer] INFO  [alembic.runtime.migration] Running upgrade 0009_project_profile_columns -> 0010_widen_idempotency_key, widen idempotency_records.key to the contract's 200 chars
browser-continuity	Run pnpm exec playwright test --config playwright.mvp-research.config.ts tests/e2e/mvp-a-research.spec.ts --reporter=line,junit	2026-10-06T02:02:45.0547724Z 
browser-continuity	Run pnpm exec playwright test --config playwright.mvp-research.config.ts tests/e2e/mvp-a-research.spec.ts --reporter=line,junit	2026-10-06T02:02:45.0567255Z [WebServer] INFO  [alembic.runtime.migration] Running upgrade 0010_widen_idempotency_key -> 0011_project_buyer_version, buyer version and idempotency response storage
browser-continuity	Run pnpm exec playwright test --config playwright.mvp-research.config.ts tests/e2e/mvp-a-research.spec.ts --reporter=line,junit	2026-10-06T02:02:45.0567926Z 
browser-continuity	Run pnpm exec playwright test --config playwright.mvp-research.config.ts tests/e2e/mvp-a-research.spec.ts --reporter=line,junit	2026-10-06T02:02:45.0610296Z [WebServer] INFO  [alembic.runtime.migration] Running upgrade 0011_project_buyer_version -> 0012_offer_basis_revision, Track the offer revision used by immutable ICP versions.
browser-continuity	Run pnpm exec playwright test --config playwright.mvp-research.config.ts tests/e2e/mvp-a-research.spec.ts --reporter=line,junit	2026-10-06T02:02:45.0611948Z 
browser-continuity	Run pnpm exec playwright test --config playwright.mvp-research.config.ts tests/e2e/mvp-a-research.spec.ts --reporter=line,junit	2026-10-06T02:02:45.0637840Z [WebServer] INFO  [alembic.runtime.migration] Running upgrade 0012_offer_basis_revision -> 0013_project_link_constraints, Constrain project-bound links across a shared workspace.
browser-continuity	Run pnpm exec playwright test --config playwright.mvp-research.config.ts tests/e2e/mvp-a-research.spec.ts --reporter=line,junit	2026-10-06T02:02:45.0639025Z 
browser-continuity	Run pnpm exec playwright test --config playwright.mvp-research.config.ts tests/e2e/mvp-a-research.spec.ts --reporter=line,junit	2026-10-06T02:02:45.1017296Z [WebServer] INFO  [alembic.runtime.migration] Running upgrade 0013_project_link_constraints -> 0014_buyer_management, Version buyer lists and persist actor-scoped presets under tenant RLS.
browser-continuity	Run pnpm exec playwright test --config playwright.mvp-research.config.ts tests/e2e/mvp-a-research.spec.ts --reporter=line,junit	2026-10-06T02:02:45.1018487Z 
browser-continuity	Run pnpm exec playwright test --config playwright.mvp-research.config.ts tests/e2e/mvp-a-research.spec.ts --reporter=line,junit	2026-10-06T02:02:45.1242715Z [WebServer] INFO  [alembic.runtime.migration] Running upgrade 0014_buyer_management -> 0015_policy_lifecycle, Give policy and suppression the full purpose/subject lifecycle contract.
browser-continuity	Run pnpm exec playwright test --config playwright.mvp-research.config.ts tests/e2e/mvp-a-research.spec.ts --reporter=line,junit	2026-10-06T02:02:45.1243990Z 
browser-continuity	Run pnpm exec playwright test --config playwright.mvp-research.config.ts tests/e2e/mvp-a-research.spec.ts --reporter=line,junit	2026-10-06T02:02:45.1487244Z [WebServer] INFO  [alembic.runtime.migration] Running upgrade 0015_policy_lifecycle -> 0016_bulk_jobs, Durable actor-bound bulk jobs and per-buyer results.
browser-continuity	Run pnpm exec playwright test --config playwright.mvp-research.config.ts tests/e2e/mvp-a-research.spec.ts --reporter=line,junit	2026-10-06T02:02:45.1488324Z 
browser-continuity	Run pnpm exec playwright test --config playwright.mvp-research.config.ts tests/e2e/mvp-a-research.spec.ts --reporter=line,junit	2026-10-06T02:02:45.2319838Z [WebServer] INFO  [alembic.runtime.migration] Running upgrade 0016_bulk_jobs -> 0017_settings_audit, Version existing memberships and persist actor preferences and audit request IDs.
browser-continuity	Run pnpm exec playwright test --config playwright.mvp-research.config.ts tests/e2e/mvp-a-research.spec.ts --reporter=line,junit	2026-10-06T02:02:45.2320898Z 
browser-continuity	Run pnpm exec playwright test --config playwright.mvp-research.config.ts tests/e2e/mvp-a-research.spec.ts --reporter=line,junit	2026-10-06T02:02:45.2484282Z [WebServer] INFO  [alembic.runtime.migration] Running upgrade 0017_settings_audit -> 0018_budget_ledger, Versioned UTC budget scopes, one operation hold and economic-event identity.
browser-continuity	Run pnpm exec playwright test --config playwright.mvp-research.config.ts tests/e2e/mvp-a-research.spec.ts --reporter=line,junit	2026-10-06T02:02:45.2485517Z 
browser-continuity	Run pnpm exec playwright test --config playwright.mvp-research.config.ts tests/e2e/mvp-a-research.spec.ts --reporter=line,junit	2026-10-06T02:02:45.2817503Z [WebServer] INFO  [alembic.runtime.migration] Running upgrade 0018_budget_ledger -> 0019_offer_documents, Private offer documents and fetched-source retention metadata.
browser-continuity	Run pnpm exec playwright test --config playwright.mvp-research.config.ts tests/e2e/mvp-a-research.spec.ts --reporter=line,junit	2026-10-06T02:02:45.2818328Z 
browser-continuity	Run pnpm exec playwright test --config playwright.mvp-research.config.ts tests/e2e/mvp-a-research.spec.ts --reporter=line,junit	2026-10-06T02:02:45.2948779Z [WebServer] INFO  [alembic.runtime.migration] Running upgrade 0019_offer_documents -> 0020_research_provenance, Bind canonical candidates and evidence to one tenant/run/provider context.
browser-continuity	Run pnpm exec playwright test --config playwright.mvp-research.config.ts tests/e2e/mvp-a-research.spec.ts --reporter=line,junit	2026-10-06T02:02:45.2950112Z 
browser-continuity	Run pnpm exec playwright test --config playwright.mvp-research.config.ts tests/e2e/mvp-a-research.spec.ts --reporter=line,junit	2026-10-06T02:02:45.3217127Z [WebServer] INFO  [alembic.runtime.migration] Running upgrade 0020_research_provenance -> 0021_run_bounds, Persist immutable run admission basis and cumulative execution counters.
browser-continuity	Run pnpm exec playwright test --config playwright.mvp-research.config.ts tests/e2e/mvp-a-research.spec.ts --reporter=line,junit	2026-10-06T02:02:45.3218446Z 
browser-continuity	Run pnpm exec playwright test --config playwright.mvp-research.config.ts tests/e2e/mvp-a-research.spec.ts --reporter=line,junit	2026-10-06T02:02:45.3285770Z [WebServer] INFO  [alembic.runtime.migration] Running upgrade 0021_run_bounds -> 0022_research_checkpoints, Own LangGraph Postgres saver 3.1.2 schema in Alembic, never at runtime.
browser-continuity	Run pnpm exec playwright test --config playwright.mvp-research.config.ts tests/e2e/mvp-a-research.spec.ts --reporter=line,junit	2026-10-06T02:02:45.3287035Z 
browser-continuity	Run pnpm exec playwright test --config playwright.mvp-research.config.ts tests/e2e/mvp-a-research.spec.ts --reporter=line,junit	2026-10-06T02:02:45.3473277Z [WebServer] INFO  [alembic.runtime.migration] Running upgrade 0022_research_checkpoints -> 0023_contact_quote_basis, Bind optional contact quotes to actor, project and immutable eligibility basis.
browser-continuity	Run pnpm exec playwright test --config playwright.mvp-research.config.ts tests/e2e/mvp-a-research.spec.ts --reporter=line,junit	2026-10-06T02:02:45.3474655Z 
browser-continuity	Run pnpm exec playwright test --config playwright.mvp-research.config.ts tests/e2e/mvp-a-research.spec.ts --reporter=line,junit	2026-10-06T02:02:45.3532166Z [WebServer] INFO  [alembic.runtime.migration] Running upgrade 0023_contact_quote_basis -> 0024_contact_job_execution, Persist contact job versions and provider intent/result ownership.
browser-continuity	Run pnpm exec playwright test --config playwright.mvp-research.config.ts tests/e2e/mvp-a-research.spec.ts --reporter=line,junit	2026-10-06T02:02:45.3533687Z 
browser-continuity	Run pnpm exec playwright test --config playwright.mvp-research.config.ts tests/e2e/mvp-a-research.spec.ts --reporter=line,junit	2026-10-06T02:02:45.3690492Z [WebServer] INFO  [alembic.runtime.migration] Running upgrade 0024_contact_job_execution -> 0025_provider_callback_route, Narrow, non-PII callback routing index for verified vendor references.
browser-continuity	Run pnpm exec playwright test --config playwright.mvp-research.config.ts tests/e2e/mvp-a-research.spec.ts --reporter=line,junit	2026-10-06T02:02:45.3692082Z 
browser-continuity	Run pnpm exec playwright test --config playwright.mvp-research.config.ts tests/e2e/mvp-a-research.spec.ts --reporter=line,junit	2026-10-06T02:02:45.3746468Z [WebServer] INFO  [alembic.runtime.migration] Running upgrade 0025_provider_callback_route -> 0026_sender_identity_versions, Bind reviewed sender metadata to an active project-owned version.
browser-continuity	Run pnpm exec playwright test --config playwright.mvp-research.config.ts tests/e2e/mvp-a-research.spec.ts --reporter=line,junit	2026-10-06T02:02:45.3747234Z 
browser-continuity	Run pnpm exec playwright test --config playwright.mvp-research.config.ts tests/e2e/mvp-a-research.spec.ts --reporter=line,junit	2026-10-06T02:02:45.3829548Z [WebServer] INFO  [alembic.runtime.migration] Running upgrade 0026_sender_identity_versions -> 0027_draft_integrity, Constrain draft buyer scope and make written revisions immutable.
browser-continuity	Run pnpm exec playwright test --config playwright.mvp-research.config.ts tests/e2e/mvp-a-research.spec.ts --reporter=line,junit	2026-10-06T02:02:45.3830432Z 
browser-continuity	Run pnpm exec playwright test --config playwright.mvp-research.config.ts tests/e2e/mvp-a-research.spec.ts --reporter=line,junit	2026-10-06T02:02:45.3886522Z [WebServer] INFO  [alembic.runtime.migration] Running upgrade 0027_draft_integrity -> 0028_draft_approval_context, Bind draft approval review and recipient context without rewriting historical approvals.
browser-continuity	Run pnpm exec playwright test --config playwright.mvp-research.config.ts tests/e2e/mvp-a-research.spec.ts --reporter=line,junit	2026-10-06T02:02:45.3887856Z 
browser-continuity	Run pnpm exec playwright test --config playwright.mvp-research.config.ts tests/e2e/mvp-a-research.spec.ts --reporter=line,junit	2026-10-06T02:02:45.4063187Z [WebServer] INFO  [alembic.runtime.migration] Running upgrade 0028_draft_approval_context -> 0029_export_authorization, Keep actor-bound export manifests so every content read can reauthorize live data.
browser-continuity	Run pnpm exec playwright test --config playwright.mvp-research.config.ts tests/e2e/mvp-a-research.spec.ts --reporter=line,junit	2026-10-06T02:02:45.4065050Z 
browser-continuity	Run pnpm exec playwright test --config playwright.mvp-research.config.ts tests/e2e/mvp-a-research.spec.ts --reporter=line,junit	2026-10-06T02:02:45.4205205Z [WebServer] INFO  [alembic.runtime.migration] Running upgrade 0029_export_authorization -> 0030_manual_outcome_provenance, Bind manual outcomes to project and make runtime writes append-only.
browser-continuity	Run pnpm exec playwright test --config playwright.mvp-research.config.ts tests/e2e/mvp-a-research.spec.ts --reporter=line,junit	2026-10-06T02:02:45.4206482Z 
browser-continuity	Run pnpm exec playwright test --config playwright.mvp-research.config.ts tests/e2e/mvp-a-research.spec.ts --reporter=line,junit	2026-10-06T02:02:45.4330561Z [WebServer] INFO  [alembic.runtime.migration] Running upgrade 0030_manual_outcome_provenance -> 0031_retention_redaction, Allow narrow, irreversible retention redaction of derived draft and approval payloads.
browser-continuity	Run pnpm exec playwright test --config playwright.mvp-research.config.ts tests/e2e/mvp-a-research.spec.ts --reporter=line,junit	2026-10-06T02:02:45.4331977Z 
browser-continuity	Run pnpm exec playwright test --config playwright.mvp-research.config.ts tests/e2e/mvp-a-research.spec.ts --reporter=line,junit	2026-10-06T02:02:45.4349051Z [WebServer] INFO  [alembic.runtime.migration] Running upgrade 0031_retention_redaction -> 0032_contact_retention, Add explicit contact expiry and one-way addressed-draft redaction.
browser-continuity	Run pnpm exec playwright test --config playwright.mvp-research.config.ts tests/e2e/mvp-a-research.spec.ts --reporter=line,junit	2026-10-06T02:02:45.4350321Z 
browser-continuity	Run pnpm exec playwright test --config playwright.mvp-research.config.ts tests/e2e/mvp-a-research.spec.ts --reporter=line,junit	2026-10-06T02:02:45.4383115Z [WebServer] INFO  [alembic.runtime.migration] Running upgrade 0032_contact_retention -> 0033_api_rate_windows, Durable per-actor API rate windows under tenant RLS.
browser-continuity	Run pnpm exec playwright test --config playwright.mvp-research.config.ts tests/e2e/mvp-a-research.spec.ts --reporter=line,junit	2026-10-06T02:02:45.4384133Z 
browser-continuity	Run pnpm exec playwright test --config playwright.mvp-research.config.ts tests/e2e/mvp-a-research.spec.ts --reporter=line,junit	2026-10-06T02:02:45.4444286Z [WebServer] INFO  [alembic.runtime.migration] Running upgrade 0033_api_rate_windows -> 0034_worker_execution, Add disabled runtime selector, fenced step receipts and machine replay guard.
browser-continuity	Run pnpm exec playwright test --config playwright.mvp-research.config.ts tests/e2e/mvp-a-research.spec.ts --reporter=line,junit	2026-10-06T02:02:45.4445669Z 
browser-continuity	Run pnpm exec playwright test --config playwright.mvp-research.config.ts tests/e2e/mvp-a-research.spec.ts --reporter=line,junit	2026-10-06T02:02:45.4613621Z [WebServer] INFO  [alembic.runtime.migration] Running upgrade 0034_worker_execution -> 0035_worker_recovery_probe, Bounded recovery cursor and minimal Queue/Workflow operational receipt.
browser-continuity	Run pnpm exec playwright test --config playwright.mvp-research.config.ts tests/e2e/mvp-a-research.spec.ts --reporter=line,junit	2026-10-06T02:02:45.4614554Z 
browser-continuity	Run pnpm exec playwright test --config playwright.mvp-research.config.ts tests/e2e/mvp-a-research.spec.ts --reporter=line,junit	2026-10-06T02:02:45.4662109Z [WebServer] INFO  [alembic.runtime.migration] Running upgrade 0035_worker_recovery_probe -> 0036_checkpoint_schema_grants, Keep the pinned saver schema-version table read-only for native workers.
browser-continuity	Run pnpm exec playwright test --config playwright.mvp-research.config.ts tests/e2e/mvp-a-research.spec.ts --reporter=line,junit	2026-10-06T02:02:45.4663256Z 
browser-continuity	Run pnpm exec playwright test --config playwright.mvp-research.config.ts tests/e2e/mvp-a-research.spec.ts --reporter=line,junit	2026-10-06T02:02:45.4677718Z [WebServer] INFO  [alembic.runtime.migration] Running upgrade 0036_checkpoint_schema_grants -> 0037_bulk_manifests, Actor-bound frozen maintenance manifests, preserving ordinary snapshot bounds.
browser-continuity	Run pnpm exec playwright test --config playwright.mvp-research.config.ts tests/e2e/mvp-a-research.spec.ts --reporter=line,junit	2026-10-06T02:02:45.4678503Z 
browser-continuity	Run pnpm exec playwright test --config playwright.mvp-research.config.ts tests/e2e/mvp-a-research.spec.ts --reporter=line,junit	2026-10-06T02:02:46.4045794Z [WebServer] $ node scripts/run-framework.mjs dev
browser-continuity	Run pnpm exec playwright test --config playwright.mvp-research.config.ts tests/e2e/mvp-a-research.spec.ts --reporter=line,junit	2026-10-06T02:02:46.4046143Z 
browser-continuity	Run pnpm exec playwright test --config playwright.mvp-research.config.ts tests/e2e/mvp-a-research.spec.ts --reporter=line,junit	2026-10-06T02:03:06.7844146Z 
browser-continuity	Run pnpm exec playwright test --config playwright.mvp-research.config.ts tests/e2e/mvp-a-research.spec.ts --reporter=line,junit	2026-10-06T02:03:06.7846913Z Running 4 tests using 1 worker
browser-continuity	Run pnpm exec playwright test --config playwright.mvp-research.config.ts tests/e2e/mvp-a-research.spec.ts --reporter=line,junit	2026-10-06T02:03:06.7847345Z 
browser-continuity	Run pnpm exec playwright test --config playwright.mvp-research.config.ts tests/e2e/mvp-a-research.spec.ts --reporter=line,junit	2026-10-06T02:03:07.2083980Z [1/4] tests/e2e/fixtures/staff-journey.ts:109:1 › T30 en desktop UI-created offer through research, grounded addressed approval, export and outcome on one dataset
browser-continuity	Run pnpm exec playwright test --config playwright.mvp-research.config.ts tests/e2e/mvp-a-research.spec.ts --reporter=line,junit	2026-10-06T02:03:43.4360190Z [2/4] tests/e2e/fixtures/staff-journey.ts:109:1 › T30 en mobile UI-created offer through research, grounded addressed approval, export and outcome on one dataset
browser-continuity	Run pnpm exec playwright test --config playwright.mvp-research.config.ts tests/e2e/mvp-a-research.spec.ts --reporter=line,junit	2026-10-06T02:04:12.4973398Z [3/4] tests/e2e/fixtures/staff-journey.ts:109:1 › T30 zh-HK desktop UI-created offer through research, grounded addressed approval, export and outcome on one dataset
browser-continuity	Run pnpm exec playwright test --config playwright.mvp-research.config.ts tests/e2e/mvp-a-research.spec.ts --reporter=line,junit	2026-10-06T02:04:41.7315168Z [4/4] tests/e2e/fixtures/staff-journey.ts:109:1 › T30 zh-HK mobile UI-created offer through research, grounded addressed approval, export and outcome on one dataset
browser-continuity	Run pnpm exec playwright test --config playwright.mvp-research.config.ts tests/e2e/mvp-a-research.spec.ts --reporter=line,junit	2026-10-06T02:05:11.0015232Z   4 passed (2.7m)
browser-continuity	Run python scripts/check-required-tests.py --junit test-results/t30-browser.xml	﻿2026-10-06T02:05:11.0288637Z ##[group]Run python scripts/check-required-tests.py --junit test-results/t30-browser.xml
browser-continuity	Run python scripts/check-required-tests.py --junit test-results/t30-browser.xml	2026-10-06T02:05:11.0289323Z ^[[36;1mpython scripts/check-required-tests.py --junit test-results/t30-browser.xml^[[0m
browser-continuity	Run python scripts/check-required-tests.py --junit test-results/t30-browser.xml	2026-10-06T02:05:11.0352256Z shell: /usr/bin/bash -e {0}
browser-continuity	Run python scripts/check-required-tests.py --junit test-results/t30-browser.xml	2026-10-06T02:05:11.0352780Z env:
browser-continuity	Run python scripts/check-required-tests.py --junit test-results/t30-browser.xml	2026-10-06T02:05:11.0352986Z   BUYEROS_STRICT_INTEGRATION: 1
browser-continuity	Run python scripts/check-required-tests.py --junit test-results/t30-browser.xml	2026-10-06T02:05:11.0353329Z   PLAYWRIGHT_JUNIT_OUTPUT_FILE: test-results/t30-browser.xml
browser-continuity	Run python scripts/check-required-tests.py --junit test-results/t30-browser.xml	2026-10-06T02:05:11.0353727Z   PNPM_HOME: /home/runner/setup-pnpm/node_modules/.bin
browser-continuity	Run python scripts/check-required-tests.py --junit test-results/t30-browser.xml	2026-10-06T02:05:11.0354102Z   pythonLocation: /opt/hostedtoolcache/Python/3.12.14/x64
browser-continuity	Run python scripts/check-required-tests.py --junit test-results/t30-browser.xml	2026-10-06T02:05:11.0354534Z   PKG_CONFIG_PATH: /opt/hostedtoolcache/Python/3.12.14/x64/lib/pkgconfig
browser-continuity	Run python scripts/check-required-tests.py --junit test-results/t30-browser.xml	2026-10-06T02:05:11.0354978Z   Python_ROOT_DIR: /opt/hostedtoolcache/Python/3.12.14/x64
browser-continuity	Run python scripts/check-required-tests.py --junit test-results/t30-browser.xml	2026-10-06T02:05:11.0355348Z   Python2_ROOT_DIR: /opt/hostedtoolcache/Python/3.12.14/x64
browser-continuity	Run python scripts/check-required-tests.py --junit test-results/t30-browser.xml	2026-10-06T02:05:11.0355736Z   Python3_ROOT_DIR: /opt/hostedtoolcache/Python/3.12.14/x64
browser-continuity	Run python scripts/check-required-tests.py --junit test-results/t30-browser.xml	2026-10-06T02:05:11.0356108Z   LD_LIBRARY_PATH: /opt/hostedtoolcache/Python/3.12.14/x64/lib
browser-continuity	Run python scripts/check-required-tests.py --junit test-results/t30-browser.xml	2026-10-06T02:05:11.0356468Z ##[endgroup]
browser-continuity	Run python scripts/check-required-tests.py --junit test-results/t30-browser.xml	2026-10-06T02:05:11.0751475Z passed=4 failed=0 errors=0 skipped=0
browser-continuity	Run mkdir -p artifacts/ci-t30/continuity	﻿2026-10-06T02:05:11.0831335Z ##[group]Run mkdir -p artifacts/ci-t30/continuity
browser-continuity	Run mkdir -p artifacts/ci-t30/continuity	2026-10-06T02:05:11.0831759Z ^[[36;1mmkdir -p artifacts/ci-t30/continuity^[[0m
browser-continuity	Run mkdir -p artifacts/ci-t30/continuity	2026-10-06T02:05:11.0832124Z ^[[36;1mcp -r test-results/. artifacts/ci-t30/continuity/^[[0m
browser-continuity	Run mkdir -p artifacts/ci-t30/continuity	2026-10-06T02:05:11.0895650Z shell: /usr/bin/bash -e {0}
browser-continuity	Run mkdir -p artifacts/ci-t30/continuity	2026-10-06T02:05:11.0895902Z env:
browser-continuity	Run mkdir -p artifacts/ci-t30/continuity	2026-10-06T02:05:11.0896105Z   BUYEROS_STRICT_INTEGRATION: 1
browser-continuity	Run mkdir -p artifacts/ci-t30/continuity	2026-10-06T02:05:11.0896446Z   PLAYWRIGHT_JUNIT_OUTPUT_FILE: test-results/t30-browser.xml
browser-continuity	Run mkdir -p artifacts/ci-t30/continuity	2026-10-06T02:05:11.0896846Z   PNPM_HOME: /home/runner/setup-pnpm/node_modules/.bin
browser-continuity	Run mkdir -p artifacts/ci-t30/continuity	2026-10-06T02:05:11.0897217Z   pythonLocation: /opt/hostedtoolcache/Python/3.12.14/x64
browser-continuity	Run mkdir -p artifacts/ci-t30/continuity	2026-10-06T02:05:11.0897637Z   PKG_CONFIG_PATH: /opt/hostedtoolcache/Python/3.12.14/x64/lib/pkgconfig
browser-continuity	Run mkdir -p artifacts/ci-t30/continuity	2026-10-06T02:05:11.0898249Z   Python_ROOT_DIR: /opt/hostedtoolcache/Python/3.12.14/x64
browser-continuity	Run mkdir -p artifacts/ci-t30/continuity	2026-10-06T02:05:11.0898633Z   Python2_ROOT_DIR: /opt/hostedtoolcache/Python/3.12.14/x64
browser-continuity	Run mkdir -p artifacts/ci-t30/continuity	2026-10-06T02:05:11.0899014Z   Python3_ROOT_DIR: /opt/hostedtoolcache/Python/3.12.14/x64
browser-continuity	Run mkdir -p artifacts/ci-t30/continuity	2026-10-06T02:05:11.0899436Z   LD_LIBRARY_PATH: /opt/hostedtoolcache/Python/3.12.14/x64/lib
browser-continuity	Run mkdir -p artifacts/ci-t30/continuity	2026-10-06T02:05:11.0899753Z ##[endgroup]
browser-continuity	Run pnpm exec playwright test --config playwright.workbench.config.ts tests/e2e/daily-workbench.spec.ts --reporter=line,junit	﻿2026-10-06T02:05:11.1055492Z ##[group]Run pnpm exec playwright test --config playwright.workbench.config.ts tests/e2e/daily-workbench.spec.ts --reporter=line,junit
browser-continuity	Run pnpm exec playwright test --config playwright.workbench.config.ts tests/e2e/daily-workbench.spec.ts --reporter=line,junit	2026-10-06T02:05:11.1056483Z ^[[36;1mpnpm exec playwright test --config playwright.workbench.config.ts tests/e2e/daily-workbench.spec.ts --reporter=line,junit^[[0m
browser-continuity	Run pnpm exec playwright test --config playwright.workbench.config.ts tests/e2e/daily-workbench.spec.ts --reporter=line,junit	2026-10-06T02:05:11.1117389Z shell: /usr/bin/bash -e {0}
browser-continuity	Run pnpm exec playwright test --config playwright.workbench.config.ts tests/e2e/daily-workbench.spec.ts --reporter=line,junit	2026-10-06T02:05:11.1117641Z env:
browser-continuity	Run pnpm exec playwright test --config playwright.workbench.config.ts tests/e2e/daily-workbench.spec.ts --reporter=line,junit	2026-10-06T02:05:11.1117855Z   BUYEROS_STRICT_INTEGRATION: 1
browser-continuity	Run pnpm exec playwright test --config playwright.workbench.config.ts tests/e2e/daily-workbench.spec.ts --reporter=line,junit	2026-10-06T02:05:11.1118172Z   PLAYWRIGHT_JUNIT_OUTPUT_FILE: test-results/workbench.xml
browser-continuity	Run pnpm exec playwright test --config playwright.workbench.config.ts tests/e2e/daily-workbench.spec.ts --reporter=line,junit	2026-10-06T02:05:11.1118575Z   PNPM_HOME: /home/runner/setup-pnpm/node_modules/.bin
browser-continuity	Run pnpm exec playwright test --config playwright.workbench.config.ts tests/e2e/daily-workbench.spec.ts --reporter=line,junit	2026-10-06T02:05:11.1118943Z   pythonLocation: /opt/hostedtoolcache/Python/3.12.14/x64
browser-continuity	Run pnpm exec playwright test --config playwright.workbench.config.ts tests/e2e/daily-workbench.spec.ts --reporter=line,junit	2026-10-06T02:05:11.1119376Z   PKG_CONFIG_PATH: /opt/hostedtoolcache/Python/3.12.14/x64/lib/pkgconfig
browser-continuity	Run pnpm exec playwright test --config playwright.workbench.config.ts tests/e2e/daily-workbench.spec.ts --reporter=line,junit	2026-10-06T02:05:11.1119805Z   Python_ROOT_DIR: /opt/hostedtoolcache/Python/3.12.14/x64
browser-continuity	Run pnpm exec playwright test --config playwright.workbench.config.ts tests/e2e/daily-workbench.spec.ts --reporter=line,junit	2026-10-06T02:05:11.1120175Z   Python2_ROOT_DIR: /opt/hostedtoolcache/Python/3.12.14/x64
browser-continuity	Run pnpm exec playwright test --config playwright.workbench.config.ts tests/e2e/daily-workbench.spec.ts --reporter=line,junit	2026-10-06T02:05:11.1120547Z   Python3_ROOT_DIR: /opt/hostedtoolcache/Python/3.12.14/x64
browser-continuity	Run pnpm exec playwright test --config playwright.workbench.config.ts tests/e2e/daily-workbench.spec.ts --reporter=line,junit	2026-10-06T02:05:11.1120964Z   LD_LIBRARY_PATH: /opt/hostedtoolcache/Python/3.12.14/x64/lib
browser-continuity	Run pnpm exec playwright test --config playwright.workbench.config.ts tests/e2e/daily-workbench.spec.ts --reporter=line,junit	2026-10-06T02:05:11.1121287Z ##[endgroup]
browser-continuity	Run pnpm exec playwright test --config playwright.workbench.config.ts tests/e2e/daily-workbench.spec.ts --reporter=line,junit	2026-10-06T02:05:14.8216710Z [WebServer] INFO  [alembic.runtime.migration] Context impl PostgresqlImpl.
browser-continuity	Run pnpm exec playwright test --config playwright.workbench.config.ts tests/e2e/daily-workbench.spec.ts --reporter=line,junit	2026-10-06T02:05:14.8217378Z 
browser-continuity	Run pnpm exec playwright test --config playwright.workbench.config.ts tests/e2e/daily-workbench.spec.ts --reporter=line,junit	2026-10-06T02:05:14.8219029Z [WebServer] INFO  [alembic.runtime.migration] Will assume transactional DDL.
browser-continuity	Run pnpm exec playwright test --config playwright.workbench.config.ts tests/e2e/daily-workbench.spec.ts --reporter=line,junit	2026-10-06T02:05:14.8219611Z 
browser-continuity	Run pnpm exec playwright test --config playwright.workbench.config.ts tests/e2e/daily-workbench.spec.ts --reporter=line,junit	2026-10-06T02:05:14.8399959Z [WebServer] INFO  [alembic.runtime.migration] Running upgrade  -> 0001_initial, initial tenant boundary: workspaces, users, memberships
browser-continuity	Run pnpm exec playwright test --config playwright.workbench.config.ts tests/e2e/daily-workbench.spec.ts --reporter=line,junit	2026-10-06T02:05:14.8400646Z 
browser-continuity	Run pnpm exec playwright test --config playwright.workbench.config.ts tests/e2e/daily-workbench.spec.ts --reporter=line,junit	2026-10-06T02:05:14.8541750Z [WebServer] INFO  [alembic.runtime.migration] Running upgrade 0001_initial -> 0002_rls_and_roles, row-level security and least-privilege runtime roles
browser-continuity	Run pnpm exec playwright test --config playwright.workbench.config.ts tests/e2e/daily-workbench.spec.ts --reporter=line,junit	2026-10-06T02:05:14.8542937Z 
browser-continuity	Run pnpm exec playwright test --config playwright.workbench.config.ts tests/e2e/daily-workbench.spec.ts --reporter=line,junit	2026-10-06T02:05:14.8584173Z [WebServer] INFO  [alembic.runtime.migration] Running upgrade 0002_rls_and_roles -> 0003_p2_tables, P2 domain tables (projects, buyers, evidence, policy, budget, outbox) + RLS
browser-continuity	Run pnpm exec playwright test --config playwright.workbench.config.ts tests/e2e/daily-workbench.spec.ts --reporter=line,junit	2026-10-06T02:05:14.8585305Z 
browser-continuity	Run pnpm exec playwright test --config playwright.workbench.config.ts tests/e2e/daily-workbench.spec.ts --reporter=line,junit	2026-10-06T02:05:14.9774396Z [WebServer] INFO  [alembic.runtime.migration] Running upgrade 0003_p2_tables -> 0004_p4_p5_tables, P4/P5 tables (quotes, provider ops, drafts, approvals, outcomes) + RLS
browser-continuity	Run pnpm exec playwright test --config playwright.workbench.config.ts tests/e2e/daily-workbench.spec.ts --reporter=line,junit	2026-10-06T02:05:14.9775212Z 
browser-continuity	Run pnpm exec playwright test --config playwright.workbench.config.ts tests/e2e/daily-workbench.spec.ts --reporter=line,junit	2026-10-06T02:05:15.0671395Z [WebServer] INFO  [alembic.runtime.migration] Running upgrade 0004_p4_p5_tables -> 0005_p3_tables, P3 tables (runs, events, candidates, aliases, contacts) + RLS
browser-continuity	Run pnpm exec playwright test --config playwright.workbench.config.ts tests/e2e/daily-workbench.spec.ts --reporter=line,junit	2026-10-06T02:05:15.0672142Z 
browser-continuity	Run pnpm exec playwright test --config playwright.workbench.config.ts tests/e2e/daily-workbench.spec.ts --reporter=line,junit	2026-10-06T02:05:15.1112804Z [WebServer] INFO  [alembic.runtime.migration] Running upgrade 0005_p3_tables -> 0006_worker_leases, worker leases and outbox dispatch columns
browser-continuity	Run pnpm exec playwright test --config playwright.workbench.config.ts tests/e2e/daily-workbench.spec.ts --reporter=line,junit	2026-10-06T02:05:15.1113839Z 
browser-continuity	Run pnpm exec playwright test --config playwright.workbench.config.ts tests/e2e/daily-workbench.spec.ts --reporter=line,junit	2026-10-06T02:05:15.1220329Z [WebServer] INFO  [alembic.runtime.migration] Running upgrade 0006_worker_leases -> 0007_outbox_terminal_state, terminal outbox states, claim index and dispatcher workspace read
browser-continuity	Run pnpm exec playwright test --config playwright.workbench.config.ts tests/e2e/daily-workbench.spec.ts --reporter=line,junit	2026-10-06T02:05:15.1221125Z 
browser-continuity	Run pnpm exec playwright test --config playwright.workbench.config.ts tests/e2e/daily-workbench.spec.ts --reporter=line,junit	2026-10-06T02:05:15.1253947Z [WebServer] INFO  [alembic.runtime.migration] Running upgrade 0007_outbox_terminal_state -> 0008_grant_users_select, grant SELECT on users to the API role
browser-continuity	Run pnpm exec playwright test --config playwright.workbench.config.ts tests/e2e/daily-workbench.spec.ts --reporter=line,junit	2026-10-06T02:05:15.1254781Z 
browser-continuity	Run pnpm exec playwright test --config playwright.workbench.config.ts tests/e2e/daily-workbench.spec.ts --reporter=line,junit	2026-10-06T02:05:15.1265218Z [WebServer] INFO  [alembic.runtime.migration] Running upgrade 0008_grant_users_select -> 0009_project_profile_columns, project profile columns and ICP supersession
browser-continuity	Run pnpm exec playwright test --config playwright.workbench.config.ts tests/e2e/daily-workbench.spec.ts --reporter=line,junit	2026-10-06T02:05:15.1265908Z 
browser-continuity	Run pnpm exec playwright test --config playwright.workbench.config.ts tests/e2e/daily-workbench.spec.ts --reporter=line,junit	2026-10-06T02:05:15.1355885Z [WebServer] INFO  [alembic.runtime.migration] Running upgrade 0009_project_profile_columns -> 0010_widen_idempotency_key, widen idempotency_records.key to the contract's 200 chars
browser-continuity	Run pnpm exec playwright test --config playwright.workbench.config.ts tests/e2e/daily-workbench.spec.ts --reporter=line,junit	2026-10-06T02:05:15.1357544Z 
browser-continuity	Run pnpm exec playwright test --config playwright.workbench.config.ts tests/e2e/daily-workbench.spec.ts --reporter=line,junit	2026-10-06T02:05:15.1375419Z [WebServer] INFO  [alembic.runtime.migration] Running upgrade 0010_widen_idempotency_key -> 0011_project_buyer_version, buyer version and idempotency response storage
browser-continuity	Run pnpm exec playwright test --config playwright.workbench.config.ts tests/e2e/daily-workbench.spec.ts --reporter=line,junit	2026-10-06T02:05:15.1376571Z 
browser-continuity	Run pnpm exec playwright test --config playwright.workbench.config.ts tests/e2e/daily-workbench.spec.ts --reporter=line,junit	2026-10-06T02:05:15.1419908Z [WebServer] INFO  [alembic.runtime.migration] Running upgrade 0011_project_buyer_version -> 0012_offer_basis_revision, Track the offer revision used by immutable ICP versions.
browser-continuity	Run pnpm exec playwright test --config playwright.workbench.config.ts tests/e2e/daily-workbench.spec.ts --reporter=line,junit	2026-10-06T02:05:15.1421488Z 
browser-continuity	Run pnpm exec playwright test --config playwright.workbench.config.ts tests/e2e/daily-workbench.spec.ts --reporter=line,junit	2026-10-06T02:05:15.1446818Z [WebServer] INFO  [alembic.runtime.migration] Running upgrade 0012_offer_basis_revision -> 0013_project_link_constraints, Constrain project-bound links across a shared workspace.
browser-continuity	Run pnpm exec playwright test --config playwright.workbench.config.ts tests/e2e/daily-workbench.spec.ts --reporter=line,junit	2026-10-06T02:05:15.1447970Z 
browser-continuity	Run pnpm exec playwright test --config playwright.workbench.config.ts tests/e2e/daily-workbench.spec.ts --reporter=line,junit	2026-10-06T02:05:15.2310541Z [WebServer] INFO  [alembic.runtime.migration] Running upgrade 0013_project_link_constraints -> 0014_buyer_management, Version buyer lists and persist actor-scoped presets under tenant RLS.
browser-continuity	Run pnpm exec playwright test --config playwright.workbench.config.ts tests/e2e/daily-workbench.spec.ts --reporter=line,junit	2026-10-06T02:05:15.2311851Z 
browser-continuity	Run pnpm exec playwright test --config playwright.workbench.config.ts tests/e2e/daily-workbench.spec.ts --reporter=line,junit	2026-10-06T02:05:15.2474115Z 
browser-continuity	Run pnpm exec playwright test --config playwright.workbench.config.ts tests/e2e/daily-workbench.spec.ts --reporter=line,junit	2026-10-06T02:05:15.2475893Z [WebServer] INFO  [alembic.runtime.migration] Running upgrade 0014_buyer_management -> 0015_policy_lifecycle, Give policy and suppression the full purpose/subject lifecycle contract.
browser-continuity	Run pnpm exec playwright test --config playwright.workbench.config.ts tests/e2e/daily-workbench.spec.ts --reporter=line,junit	2026-10-06T02:05:15.2700232Z [WebServer] INFO  [alembic.runtime.migration] Running upgrade 0015_policy_lifecycle -> 0016_bulk_jobs, Durable actor-bound bulk jobs and per-buyer results.
browser-continuity	Run pnpm exec playwright test --config playwright.workbench.config.ts tests/e2e/daily-workbench.spec.ts --reporter=line,junit	2026-10-06T02:05:15.2701311Z 
browser-continuity	Run pnpm exec playwright test --config playwright.workbench.config.ts tests/e2e/daily-workbench.spec.ts --reporter=line,junit	2026-10-06T02:05:15.3064018Z [WebServer] INFO  [alembic.runtime.migration] Running upgrade 0016_bulk_jobs -> 0017_settings_audit, Version existing memberships and persist actor preferences and audit request IDs.
browser-continuity	Run pnpm exec playwright test --config playwright.workbench.config.ts tests/e2e/daily-workbench.spec.ts --reporter=line,junit	2026-10-06T02:05:15.3065303Z 
browser-continuity	Run pnpm exec playwright test --config playwright.workbench.config.ts tests/e2e/daily-workbench.spec.ts --reporter=line,junit	2026-10-06T02:05:15.3208059Z [WebServer] INFO  [alembic.runtime.migration] Running upgrade 0017_settings_audit -> 0018_budget_ledger, Versioned UTC budget scopes, one operation hold and economic-event identity.
browser-continuity	Run pnpm exec playwright test --config playwright.workbench.config.ts tests/e2e/daily-workbench.spec.ts --reporter=line,junit	2026-10-06T02:05:15.3209280Z 
browser-continuity	Run pnpm exec playwright test --config playwright.workbench.config.ts tests/e2e/daily-workbench.spec.ts --reporter=line,junit	2026-10-06T02:05:15.3537711Z [WebServer] INFO  [alembic.runtime.migration] Running upgrade 0018_budget_ledger -> 0019_offer_documents, Private offer documents and fetched-source retention metadata.
browser-continuity	Run pnpm exec playwright test --config playwright.workbench.config.ts tests/e2e/daily-workbench.spec.ts --reporter=line,junit	2026-10-06T02:05:15.3538931Z 
browser-continuity	Run pnpm exec playwright test --config playwright.workbench.config.ts tests/e2e/daily-workbench.spec.ts --reporter=line,junit	2026-10-06T02:05:15.3672265Z [WebServer] INFO  [alembic.runtime.migration] Running upgrade 0019_offer_documents -> 0020_research_provenance, Bind canonical candidates and evidence to one tenant/run/provider context.
browser-continuity	Run pnpm exec playwright test --config playwright.workbench.config.ts tests/e2e/daily-workbench.spec.ts --reporter=line,junit	2026-10-06T02:05:15.3673787Z 
browser-continuity	Run pnpm exec playwright test --config playwright.workbench.config.ts tests/e2e/daily-workbench.spec.ts --reporter=line,junit	2026-10-06T02:05:15.3935643Z [WebServer] INFO  [alembic.runtime.migration] Running upgrade 0020_research_provenance -> 0021_run_bounds, Persist immutable run admission basis and cumulative execution counters.
browser-continuity	Run pnpm exec playwright test --config playwright.workbench.config.ts tests/e2e/daily-workbench.spec.ts --reporter=line,junit	2026-10-06T02:05:15.3936891Z 
browser-continuity	Run pnpm exec playwright test --config playwright.workbench.config.ts tests/e2e/daily-workbench.spec.ts --reporter=line,junit	2026-10-06T02:05:15.4001809Z [WebServer] INFO  [alembic.runtime.migration] Running upgrade 0021_run_bounds -> 0022_research_checkpoints, Own LangGraph Postgres saver 3.1.2 schema in Alembic, never at runtime.
browser-continuity	Run pnpm exec playwright test --config playwright.workbench.config.ts tests/e2e/daily-workbench.spec.ts --reporter=line,junit	2026-10-06T02:05:15.4003217Z 
browser-continuity	Run pnpm exec playwright test --config playwright.workbench.config.ts tests/e2e/daily-workbench.spec.ts --reporter=line,junit	2026-10-06T02:05:15.4189682Z [WebServer] INFO  [alembic.runtime.migration] Running upgrade 0022_research_checkpoints -> 0023_contact_quote_basis, Bind optional contact quotes to actor, project and immutable eligibility basis.
browser-continuity	Run pnpm exec playwright test --config playwright.workbench.config.ts tests/e2e/daily-workbench.spec.ts --reporter=line,junit	2026-10-06T02:05:15.4191061Z 
browser-continuity	Run pnpm exec playwright test --config playwright.workbench.config.ts tests/e2e/daily-workbench.spec.ts --reporter=line,junit	2026-10-06T02:05:15.4249956Z [WebServer] INFO  [alembic.runtime.migration] Running upgrade 0023_contact_quote_basis -> 0024_contact_job_execution, Persist contact job versions and provider intent/result ownership.
browser-continuity	Run pnpm exec playwright test --config playwright.workbench.config.ts tests/e2e/daily-workbench.spec.ts --reporter=line,junit	2026-10-06T02:05:15.4251200Z 
browser-continuity	Run pnpm exec playwright test --config playwright.workbench.config.ts tests/e2e/daily-workbench.spec.ts --reporter=line,junit	2026-10-06T02:05:15.4371212Z [WebServer] INFO  [alembic.runtime.migration] Running upgrade 0024_contact_job_execution -> 0025_provider_callback_route, Narrow, non-PII callback routing index for verified vendor references.
browser-continuity	Run pnpm exec playwright test --config playwright.workbench.config.ts tests/e2e/daily-workbench.spec.ts --reporter=line,junit	2026-10-06T02:05:15.4372086Z 
browser-continuity	Run pnpm exec playwright test --config playwright.workbench.config.ts tests/e2e/daily-workbench.spec.ts --reporter=line,junit	2026-10-06T02:05:15.4426036Z [WebServer] INFO  [alembic.runtime.migration] Running upgrade 0025_provider_callback_route -> 0026_sender_identity_versions, Bind reviewed sender metadata to an active project-owned version.
browser-continuity	Run pnpm exec playwright test --config playwright.workbench.config.ts tests/e2e/daily-workbench.spec.ts --reporter=line,junit	2026-10-06T02:05:15.4426792Z 
browser-continuity	Run pnpm exec playwright test --config playwright.workbench.config.ts tests/e2e/daily-workbench.spec.ts --reporter=line,junit	2026-10-06T02:05:15.4504593Z [WebServer] INFO  [alembic.runtime.migration] Running upgrade 0026_sender_identity_versions -> 0027_draft_integrity, Constrain draft buyer scope and make written revisions immutable.
browser-continuity	Run pnpm exec playwright test --config playwright.workbench.config.ts tests/e2e/daily-workbench.spec.ts --reporter=line,junit	2026-10-06T02:05:15.4506375Z 
browser-continuity	Run pnpm exec playwright test --config playwright.workbench.config.ts tests/e2e/daily-workbench.spec.ts --reporter=line,junit	2026-10-06T02:05:15.4560930Z [WebServer] INFO  [alembic.runtime.migration] Running upgrade 0027_draft_integrity -> 0028_draft_approval_context, Bind draft approval review and recipient context without rewriting historical approvals.
browser-continuity	Run pnpm exec playwright test --config playwright.workbench.config.ts tests/e2e/daily-workbench.spec.ts --reporter=line,junit	2026-10-06T02:05:15.4562602Z 
browser-continuity	Run pnpm exec playwright test --config playwright.workbench.config.ts tests/e2e/daily-workbench.spec.ts --reporter=line,junit	2026-10-06T02:05:15.4729995Z [WebServer] INFO  [alembic.runtime.migration] Running upgrade 0028_draft_approval_context -> 0029_export_authorization, Keep actor-bound export manifests so every content read can reauthorize live data.
browser-continuity	Run pnpm exec playwright test --config playwright.workbench.config.ts tests/e2e/daily-workbench.spec.ts --reporter=line,junit	2026-10-06T02:05:15.4731853Z 
browser-continuity	Run pnpm exec playwright test --config playwright.workbench.config.ts tests/e2e/daily-workbench.spec.ts --reporter=line,junit	2026-10-06T02:05:15.4863528Z [WebServer] INFO  [alembic.runtime.migration] Running upgrade 0029_export_authorization -> 0030_manual_outcome_provenance, Bind manual outcomes to project and make runtime writes append-only.
browser-continuity	Run pnpm exec playwright test --config playwright.workbench.config.ts tests/e2e/daily-workbench.spec.ts --reporter=line,junit	2026-10-06T02:05:15.4864762Z 
browser-continuity	Run pnpm exec playwright test --config playwright.workbench.config.ts tests/e2e/daily-workbench.spec.ts --reporter=line,junit	2026-10-06T02:05:15.4984463Z [WebServer] INFO  [alembic.runtime.migration] Running upgrade 0030_manual_outcome_provenance -> 0031_retention_redaction, Allow narrow, irreversible retention redaction of derived draft and approval payloads.
browser-continuity	Run pnpm exec playwright test --config playwright.workbench.config.ts tests/e2e/daily-workbench.spec.ts --reporter=line,junit	2026-10-06T02:05:15.4985829Z 
browser-continuity	Run pnpm exec playwright test --config playwright.workbench.config.ts tests/e2e/daily-workbench.spec.ts --reporter=line,junit	2026-10-06T02:05:15.5010696Z [WebServer] INFO  [alembic.runtime.migration] Running upgrade 0031_retention_redaction -> 0032_contact_retention, Add explicit contact expiry and one-way addressed-draft redaction.
browser-continuity	Run pnpm exec playwright test --config playwright.workbench.config.ts tests/e2e/daily-workbench.spec.ts --reporter=line,junit	2026-10-06T02:05:15.5011948Z 
browser-continuity	Run pnpm exec playwright test --config playwright.workbench.config.ts tests/e2e/daily-workbench.spec.ts --reporter=line,junit	2026-10-06T02:05:15.5044269Z [WebServer] INFO  [alembic.runtime.migration] Running upgrade 0032_contact_retention -> 0033_api_rate_windows, Durable per-actor API rate windows under tenant RLS.
browser-continuity	Run pnpm exec playwright test --config playwright.workbench.config.ts tests/e2e/daily-workbench.spec.ts --reporter=line,junit	2026-10-06T02:05:15.5045398Z 
browser-continuity	Run pnpm exec playwright test --config playwright.workbench.config.ts tests/e2e/daily-workbench.spec.ts --reporter=line,junit	2026-10-06T02:05:15.5101417Z [WebServer] INFO  [alembic.runtime.migration] Running upgrade 0033_api_rate_windows -> 0034_worker_execution, Add disabled runtime selector, fenced step receipts and machine replay guard.
browser-continuity	Run pnpm exec playwright test --config playwright.workbench.config.ts tests/e2e/daily-workbench.spec.ts --reporter=line,junit	2026-10-06T02:05:15.5102899Z 
browser-continuity	Run pnpm exec playwright test --config playwright.workbench.config.ts tests/e2e/daily-workbench.spec.ts --reporter=line,junit	2026-10-06T02:05:15.5263610Z [WebServer] INFO  [alembic.runtime.migration] Running upgrade 0034_worker_execution -> 0035_worker_recovery_probe, Bounded recovery cursor and minimal Queue/Workflow operational receipt.
browser-continuity	Run pnpm exec playwright test --config playwright.workbench.config.ts tests/e2e/daily-workbench.spec.ts --reporter=line,junit	2026-10-06T02:05:15.5264876Z 
browser-continuity	Run pnpm exec playwright test --config playwright.workbench.config.ts tests/e2e/daily-workbench.spec.ts --reporter=line,junit	2026-10-06T02:05:15.5329115Z [WebServer] INFO  [alembic.runtime.migration] Running upgrade 0035_worker_recovery_probe -> 0036_checkpoint_schema_grants, Keep the pinned saver schema-version table read-only for native workers.
browser-continuity	Run pnpm exec playwright test --config playwright.workbench.config.ts tests/e2e/daily-workbench.spec.ts --reporter=line,junit	2026-10-06T02:05:15.5330439Z 
browser-continuity	Run pnpm exec playwright test --config playwright.workbench.config.ts tests/e2e/daily-workbench.spec.ts --reporter=line,junit	2026-10-06T02:05:15.5344189Z [WebServer] INFO  [alembic.runtime.migration] Running upgrade 0036_checkpoint_schema_grants -> 0037_bulk_manifests, Actor-bound frozen maintenance manifests, preserving ordinary snapshot bounds.
browser-continuity	Run pnpm exec playwright test --config playwright.workbench.config.ts tests/e2e/daily-workbench.spec.ts --reporter=line,junit	2026-10-06T02:05:15.5345498Z 
browser-continuity	Run pnpm exec playwright test --config playwright.workbench.config.ts tests/e2e/daily-workbench.spec.ts --reporter=line,junit	2026-10-06T02:05:16.5548138Z [WebServer] $ node scripts/run-framework.mjs dev
browser-continuity	Run pnpm exec playwright test --config playwright.workbench.config.ts tests/e2e/daily-workbench.spec.ts --reporter=line,junit	2026-10-06T02:05:16.5548626Z 
browser-continuity	Run pnpm exec playwright test --config playwright.workbench.config.ts tests/e2e/daily-workbench.spec.ts --reporter=line,junit	2026-10-06T02:05:37.6190167Z 
browser-continuity	Run pnpm exec playwright test --config playwright.workbench.config.ts tests/e2e/daily-workbench.spec.ts --reporter=line,junit	2026-10-06T02:05:37.6190842Z Running 8 tests using 1 worker
browser-continuity	Run pnpm exec playwright test --config playwright.workbench.config.ts tests/e2e/daily-workbench.spec.ts --reporter=line,junit	2026-10-06T02:05:37.6191284Z 
browser-continuity	Run pnpm exec playwright test --config playwright.workbench.config.ts tests/e2e/daily-workbench.spec.ts --reporter=line,junit	2026-10-06T02:05:38.0284159Z [1/8] tests/e2e/daily-workbench.spec.ts:7:1 › T27 usage, queue filters and manual outcome history survive refresh in both locales
browser-continuity	Run pnpm exec playwright test --config playwright.workbench.config.ts tests/e2e/daily-workbench.spec.ts --reporter=line,junit	2026-10-06T02:05:45.8600943Z [2/8] tests/e2e/daily-workbench.spec.ts:63:3 › T29 API-backed workbench reflows across routes and widths in en
browser-continuity	Run pnpm exec playwright test --config playwright.workbench.config.ts tests/e2e/daily-workbench.spec.ts --reporter=line,junit	2026-10-06T02:05:50.7083709Z [3/8] tests/e2e/daily-workbench.spec.ts:63:3 › T29 API-backed workbench reflows across routes and widths in zh-HK
browser-continuity	Run pnpm exec playwright test --config playwright.workbench.config.ts tests/e2e/daily-workbench.spec.ts --reporter=line,junit	2026-10-06T02:05:55.3664886Z [4/8] tests/e2e/daily-workbench.spec.ts:121:1 › T29 manual locale remains usable while preference loads and saves with its current version
browser-continuity	Run pnpm exec playwright test --config playwright.workbench.config.ts tests/e2e/daily-workbench.spec.ts --reporter=line,junit	2026-10-06T02:06:00.5394749Z [5/8] tests/e2e/daily-workbench.spec.ts:180:1 › T29 operations resolves a failed profile lookup without a permanent spinner
browser-continuity	Run pnpm exec playwright test --config playwright.workbench.config.ts tests/e2e/daily-workbench.spec.ts --reporter=line,junit	2026-10-06T02:06:03.6823256Z [6/8] tests/e2e/daily-workbench.spec.ts:211:1 › T29 live operations and results text meets measured AA contrast in both locales
browser-continuity	Run pnpm exec playwright test --config playwright.workbench.config.ts tests/e2e/daily-workbench.spec.ts --reporter=line,junit	2026-10-06T02:06:07.6231668Z [7/8] tests/e2e/daily-workbench.spec.ts:279:1 › T29 scope list timeout offers a bounded retry with current identity
browser-continuity	Run pnpm exec playwright test --config playwright.workbench.config.ts tests/e2e/daily-workbench.spec.ts --reporter=line,junit	2026-10-06T02:06:20.5896081Z [8/8] tests/e2e/daily-workbench.spec.ts:302:1 › T29 live form controls have a visible three-to-one boundary in both locales
browser-continuity	Run pnpm exec playwright test --config playwright.workbench.config.ts tests/e2e/daily-workbench.spec.ts --reporter=line,junit	2026-10-06T02:06:25.1010418Z   8 passed (1.2m)
browser-continuity	Run python scripts/check-required-tests.py --junit test-results/workbench.xml	﻿2026-10-06T02:06:25.1378103Z ##[group]Run python scripts/check-required-tests.py --junit test-results/workbench.xml
browser-continuity	Run python scripts/check-required-tests.py --junit test-results/workbench.xml	2026-10-06T02:06:25.1378956Z ^[[36;1mpython scripts/check-required-tests.py --junit test-results/workbench.xml^[[0m
browser-continuity	Run python scripts/check-required-tests.py --junit test-results/workbench.xml	2026-10-06T02:06:25.1379484Z ^[[36;1mmkdir -p artifacts/ci-t30/workbench^[[0m
browser-continuity	Run python scripts/check-required-tests.py --junit test-results/workbench.xml	2026-10-06T02:06:25.1379844Z ^[[36;1mcp -r test-results/. artifacts/ci-t30/workbench/^[[0m
browser-continuity	Run python scripts/check-required-tests.py --junit test-results/workbench.xml	2026-10-06T02:06:25.1444765Z shell: /usr/bin/bash -e {0}
browser-continuity	Run python scripts/check-required-tests.py --junit test-results/workbench.xml	2026-10-06T02:06:25.1445025Z env:
browser-continuity	Run python scripts/check-required-tests.py --junit test-results/workbench.xml	2026-10-06T02:06:25.1445232Z   BUYEROS_STRICT_INTEGRATION: 1
browser-continuity	Run python scripts/check-required-tests.py --junit test-results/workbench.xml	2026-10-06T02:06:25.1445567Z   PLAYWRIGHT_JUNIT_OUTPUT_FILE: test-results/t30-browser.xml
browser-continuity	Run python scripts/check-required-tests.py --junit test-results/workbench.xml	2026-10-06T02:06:25.1445969Z   PNPM_HOME: /home/runner/setup-pnpm/node_modules/.bin
browser-continuity	Run python scripts/check-required-tests.py --junit test-results/workbench.xml	2026-10-06T02:06:25.1446343Z   pythonLocation: /opt/hostedtoolcache/Python/3.12.14/x64
browser-continuity	Run python scripts/check-required-tests.py --junit test-results/workbench.xml	2026-10-06T02:06:25.1446774Z   PKG_CONFIG_PATH: /opt/hostedtoolcache/Python/3.12.14/x64/lib/pkgconfig
browser-continuity	Run python scripts/check-required-tests.py --junit test-results/workbench.xml	2026-10-06T02:06:25.1447194Z   Python_ROOT_DIR: /opt/hostedtoolcache/Python/3.12.14/x64
browser-continuity	Run python scripts/check-required-tests.py --junit test-results/workbench.xml	2026-10-06T02:06:25.1447584Z   Python2_ROOT_DIR: /opt/hostedtoolcache/Python/3.12.14/x64
browser-continuity	Run python scripts/check-required-tests.py --junit test-results/workbench.xml	2026-10-06T02:06:25.1448020Z   Python3_ROOT_DIR: /opt/hostedtoolcache/Python/3.12.14/x64
browser-continuity	Run python scripts/check-required-tests.py --junit test-results/workbench.xml	2026-10-06T02:06:25.1448399Z   LD_LIBRARY_PATH: /opt/hostedtoolcache/Python/3.12.14/x64/lib
browser-continuity	Run python scripts/check-required-tests.py --junit test-results/workbench.xml	2026-10-06T02:06:25.1448735Z ##[endgroup]
browser-continuity	Run python scripts/check-required-tests.py --junit test-results/workbench.xml	2026-10-06T02:06:25.1855813Z passed=8 failed=0 errors=0 skipped=0
browser-continuity	Run pnpm exec playwright test --config playwright.buyer.config.ts tests/e2e/buyer-results.spec.ts --workers=1 --reporter=line,junit	﻿2026-10-06T02:06:25.1983316Z ##[group]Run pnpm exec playwright test --config playwright.buyer.config.ts tests/e2e/buyer-results.spec.ts --workers=1 --reporter=line,junit
browser-continuity	Run pnpm exec playwright test --config playwright.buyer.config.ts tests/e2e/buyer-results.spec.ts --workers=1 --reporter=line,junit	2026-10-06T02:06:25.1984370Z ^[[36;1mpnpm exec playwright test --config playwright.buyer.config.ts tests/e2e/buyer-results.spec.ts --workers=1 --reporter=line,junit^[[0m
browser-continuity	Run pnpm exec playwright test --config playwright.buyer.config.ts tests/e2e/buyer-results.spec.ts --workers=1 --reporter=line,junit	2026-10-06T02:06:25.2047513Z shell: /usr/bin/bash -e {0}
browser-continuity	Run pnpm exec playwright test --config playwright.buyer.config.ts tests/e2e/buyer-results.spec.ts --workers=1 --reporter=line,junit	2026-10-06T02:06:25.2047770Z env:
browser-continuity	Run pnpm exec playwright test --config playwright.buyer.config.ts tests/e2e/buyer-results.spec.ts --workers=1 --reporter=line,junit	2026-10-06T02:06:25.2047975Z   BUYEROS_STRICT_INTEGRATION: 1
browser-continuity	Run pnpm exec playwright test --config playwright.buyer.config.ts tests/e2e/buyer-results.spec.ts --workers=1 --reporter=line,junit	2026-10-06T02:06:25.2048289Z   PLAYWRIGHT_JUNIT_OUTPUT_FILE: test-results/buyers.xml
browser-continuity	Run pnpm exec playwright test --config playwright.buyer.config.ts tests/e2e/buyer-results.spec.ts --workers=1 --reporter=line,junit	2026-10-06T02:06:25.2048665Z   PNPM_HOME: /home/runner/setup-pnpm/node_modules/.bin
browser-continuity	Run pnpm exec playwright test --config playwright.buyer.config.ts tests/e2e/buyer-results.spec.ts --workers=1 --reporter=line,junit	2026-10-06T02:06:25.2049038Z   pythonLocation: /opt/hostedtoolcache/Python/3.12.14/x64
browser-continuity	Run pnpm exec playwright test --config playwright.buyer.config.ts tests/e2e/buyer-results.spec.ts --workers=1 --reporter=line,junit	2026-10-06T02:06:25.2049487Z   PKG_CONFIG_PATH: /opt/hostedtoolcache/Python/3.12.14/x64/lib/pkgconfig
browser-continuity	Run pnpm exec playwright test --config playwright.buyer.config.ts tests/e2e/buyer-results.spec.ts --workers=1 --reporter=line,junit	2026-10-06T02:06:25.2049909Z   Python_ROOT_DIR: /opt/hostedtoolcache/Python/3.12.14/x64
browser-continuity	Run pnpm exec playwright test --config playwright.buyer.config.ts tests/e2e/buyer-results.spec.ts --workers=1 --reporter=line,junit	2026-10-06T02:06:25.2050289Z   Python2_ROOT_DIR: /opt/hostedtoolcache/Python/3.12.14/x64
browser-continuity	Run pnpm exec playwright test --config playwright.buyer.config.ts tests/e2e/buyer-results.spec.ts --workers=1 --reporter=line,junit	2026-10-06T02:06:25.2050712Z   Python3_ROOT_DIR: /opt/hostedtoolcache/Python/3.12.14/x64
browser-continuity	Run pnpm exec playwright test --config playwright.buyer.config.ts tests/e2e/buyer-results.spec.ts --workers=1 --reporter=line,junit	2026-10-06T02:06:25.2051094Z   LD_LIBRARY_PATH: /opt/hostedtoolcache/Python/3.12.14/x64/lib
browser-continuity	Run pnpm exec playwright test --config playwright.buyer.config.ts tests/e2e/buyer-results.spec.ts --workers=1 --reporter=line,junit	2026-10-06T02:06:25.2051417Z ##[endgroup]
browser-continuity	Run pnpm exec playwright test --config playwright.buyer.config.ts tests/e2e/buyer-results.spec.ts --workers=1 --reporter=line,junit	2026-10-06T02:06:28.9541228Z [WebServer] INFO  [alembic.runtime.migration] Context impl PostgresqlImpl.
browser-continuity	Run pnpm exec playwright test --config playwright.buyer.config.ts tests/e2e/buyer-results.spec.ts --workers=1 --reporter=line,junit	2026-10-06T02:06:28.9543475Z [WebServer] INFO  [alembic.runtime.migration] Will assume transactional DDL.
browser-continuity	Run pnpm exec playwright test --config playwright.buyer.config.ts tests/e2e/buyer-results.spec.ts --workers=1 --reporter=line,junit	2026-10-06T02:06:28.9544129Z 
browser-continuity	Run pnpm exec playwright test --config playwright.buyer.config.ts tests/e2e/buyer-results.spec.ts --workers=1 --reporter=line,junit	2026-10-06T02:06:28.9544506Z 
browser-continuity	Run pnpm exec playwright test --config playwright.buyer.config.ts tests/e2e/buyer-results.spec.ts --workers=1 --reporter=line,junit	2026-10-06T02:06:28.9719577Z [WebServer] INFO  [alembic.runtime.migration] Running upgrade  -> 0001_initial, initial tenant boundary: workspaces, users, memberships
browser-continuity	Run pnpm exec playwright test --config playwright.buyer.config.ts tests/e2e/buyer-results.spec.ts --workers=1 --reporter=line,junit	2026-10-06T02:06:28.9720466Z 
browser-continuity	Run pnpm exec playwright test --config playwright.buyer.config.ts tests/e2e/buyer-results.spec.ts --workers=1 --reporter=line,junit	2026-10-06T02:06:28.9875941Z [WebServer] INFO  [alembic.runtime.migration] Running upgrade 0001_initial -> 0002_rls_and_roles, row-level security and least-privilege runtime roles
browser-continuity	Run pnpm exec playwright test --config playwright.buyer.config.ts tests/e2e/buyer-results.spec.ts --workers=1 --reporter=line,junit	2026-10-06T02:06:28.9876965Z 
browser-continuity	Run pnpm exec playwright test --config playwright.buyer.config.ts tests/e2e/buyer-results.spec.ts --workers=1 --reporter=line,junit	2026-10-06T02:06:28.9918749Z [WebServer] INFO  [alembic.runtime.migration] Running upgrade 0002_rls_and_roles -> 0003_p2_tables, P2 domain tables (projects, buyers, evidence, policy, budget, outbox) + RLS
browser-continuity	Run pnpm exec playwright test --config playwright.buyer.config.ts tests/e2e/buyer-results.spec.ts --workers=1 --reporter=line,junit	2026-10-06T02:06:28.9919966Z 
browser-continuity	Run pnpm exec playwright test --config playwright.buyer.config.ts tests/e2e/buyer-results.spec.ts --workers=1 --reporter=line,junit	2026-10-06T02:06:29.1225064Z [WebServer] INFO  [alembic.runtime.migration] Running upgrade 0003_p2_tables -> 0004_p4_p5_tables, P4/P5 tables (quotes, provider ops, drafts, approvals, outcomes) + RLS
browser-continuity	Run pnpm exec playwright test --config playwright.buyer.config.ts tests/e2e/buyer-results.spec.ts --workers=1 --reporter=line,junit	2026-10-06T02:06:29.1226284Z 
browser-continuity	Run pnpm exec playwright test --config playwright.buyer.config.ts tests/e2e/buyer-results.spec.ts --workers=1 --reporter=line,junit	2026-10-06T02:06:29.2165294Z [WebServer] INFO  [alembic.runtime.migration] Running upgrade 0004_p4_p5_tables -> 0005_p3_tables, P3 tables (runs, events, candidates, aliases, contacts) + RLS
browser-continuity	Run pnpm exec playwright test --config playwright.buyer.config.ts tests/e2e/buyer-results.spec.ts --workers=1 --reporter=line,junit	2026-10-06T02:06:29.2166098Z 
browser-continuity	Run pnpm exec playwright test --config playwright.buyer.config.ts tests/e2e/buyer-results.spec.ts --workers=1 --reporter=line,junit	2026-10-06T02:06:29.2607819Z [WebServer] INFO  [alembic.runtime.migration] Running upgrade 0005_p3_tables -> 0006_worker_leases, worker leases and outbox dispatch columns
browser-continuity	Run pnpm exec playwright test --config playwright.buyer.config.ts tests/e2e/buyer-results.spec.ts --workers=1 --reporter=line,junit	2026-10-06T02:06:29.2609225Z 
browser-continuity	Run pnpm exec playwright test --config playwright.buyer.config.ts tests/e2e/buyer-results.spec.ts --workers=1 --reporter=line,junit	2026-10-06T02:06:29.2708847Z [WebServer] INFO  [alembic.runtime.migration] Running upgrade 0006_worker_leases -> 0007_outbox_terminal_state, terminal outbox states, claim index and dispatcher workspace read
browser-continuity	Run pnpm exec playwright test --config playwright.buyer.config.ts tests/e2e/buyer-results.spec.ts --workers=1 --reporter=line,junit	2026-10-06T02:06:29.2710105Z 
browser-continuity	Run pnpm exec playwright test --config playwright.buyer.config.ts tests/e2e/buyer-results.spec.ts --workers=1 --reporter=line,junit	2026-10-06T02:06:29.2740569Z [WebServer] INFO  [alembic.runtime.migration] Running upgrade 0007_outbox_terminal_state -> 0008_grant_users_select, grant SELECT on users to the API role
browser-continuity	Run pnpm exec playwright test --config playwright.buyer.config.ts tests/e2e/buyer-results.spec.ts --workers=1 --reporter=line,junit	2026-10-06T02:06:29.2741574Z 
browser-continuity	Run pnpm exec playwright test --config playwright.buyer.config.ts tests/e2e/buyer-results.spec.ts --workers=1 --reporter=line,junit	2026-10-06T02:06:29.2752284Z [WebServer] INFO  [alembic.runtime.migration] Running upgrade 0008_grant_users_select -> 0009_project_profile_columns, project profile columns and ICP supersession
browser-continuity	Run pnpm exec playwright test --config playwright.buyer.config.ts tests/e2e/buyer-results.spec.ts --workers=1 --reporter=line,junit	2026-10-06T02:06:29.2753349Z 
browser-continuity	Run pnpm exec playwright test --config playwright.buyer.config.ts tests/e2e/buyer-results.spec.ts --workers=1 --reporter=line,junit	2026-10-06T02:06:29.2841707Z [WebServer] INFO  [alembic.runtime.migration] Running upgrade 0009_project_profile_columns -> 0010_widen_idempotency_key, widen idempotency_records.key to the contract's 200 chars
browser-continuity	Run pnpm exec playwright test --config playwright.buyer.config.ts tests/e2e/buyer-results.spec.ts --workers=1 --reporter=line,junit	2026-10-06T02:06:29.2842938Z 
browser-continuity	Run pnpm exec playwright test --config playwright.buyer.config.ts tests/e2e/buyer-results.spec.ts --workers=1 --reporter=line,junit	2026-10-06T02:06:29.2859998Z [WebServer] INFO  [alembic.runtime.migration] Running upgrade 0010_widen_idempotency_key -> 0011_project_buyer_version, buyer version and idempotency response storage
browser-continuity	Run pnpm exec playwright test --config playwright.buyer.config.ts tests/e2e/buyer-results.spec.ts --workers=1 --reporter=line,junit	2026-10-06T02:06:29.2860686Z 
browser-continuity	Run pnpm exec playwright test --config playwright.buyer.config.ts tests/e2e/buyer-results.spec.ts --workers=1 --reporter=line,junit	2026-10-06T02:06:29.2903075Z [WebServer] INFO  [alembic.runtime.migration] Running upgrade 0011_project_buyer_version -> 0012_offer_basis_revision, Track the offer revision used by immutable ICP versions.
browser-continuity	Run pnpm exec playwright test --config playwright.buyer.config.ts tests/e2e/buyer-results.spec.ts --workers=1 --reporter=line,junit	2026-10-06T02:06:29.2904437Z 
browser-continuity	Run pnpm exec playwright test --config playwright.buyer.config.ts tests/e2e/buyer-results.spec.ts --workers=1 --reporter=line,junit	2026-10-06T02:06:29.2930762Z [WebServer] INFO  [alembic.runtime.migration] Running upgrade 0012_offer_basis_revision -> 0013_project_link_constraints, Constrain project-bound links across a shared workspace.
browser-continuity	Run pnpm exec playwright test --config playwright.buyer.config.ts tests/e2e/buyer-results.spec.ts --workers=1 --reporter=line,junit	2026-10-06T02:06:29.2931631Z 
browser-continuity	Run pnpm exec playwright test --config playwright.buyer.config.ts tests/e2e/buyer-results.spec.ts --workers=1 --reporter=line,junit	2026-10-06T02:06:29.3797443Z [WebServer] INFO  [alembic.runtime.migration] Running upgrade 0013_project_link_constraints -> 0014_buyer_management, Version buyer lists and persist actor-scoped presets under tenant RLS.
browser-continuity	Run pnpm exec playwright test --config playwright.buyer.config.ts tests/e2e/buyer-results.spec.ts --workers=1 --reporter=line,junit	2026-10-06T02:06:29.3798514Z 
browser-continuity	Run pnpm exec playwright test --config playwright.buyer.config.ts tests/e2e/buyer-results.spec.ts --workers=1 --reporter=line,junit	2026-10-06T02:06:29.3970684Z [WebServer] INFO  [alembic.runtime.migration] Running upgrade 0014_buyer_management -> 0015_policy_lifecycle, Give policy and suppression the full purpose/subject lifecycle contract.
browser-continuity	Run pnpm exec playwright test --config playwright.buyer.config.ts tests/e2e/buyer-results.spec.ts --workers=1 --reporter=line,junit	2026-10-06T02:06:29.3972188Z 
browser-continuity	Run pnpm exec playwright test --config playwright.buyer.config.ts tests/e2e/buyer-results.spec.ts --workers=1 --reporter=line,junit	2026-10-06T02:06:29.4219372Z [WebServer] INFO  [alembic.runtime.migration] Running upgrade 0015_policy_lifecycle -> 0016_bulk_jobs, Durable actor-bound bulk jobs and per-buyer results.
browser-continuity	Run pnpm exec playwright test --config playwright.buyer.config.ts tests/e2e/buyer-results.spec.ts --workers=1 --reporter=line,junit	2026-10-06T02:06:29.4220150Z 
browser-continuity	Run pnpm exec playwright test --config playwright.buyer.config.ts tests/e2e/buyer-results.spec.ts --workers=1 --reporter=line,junit	2026-10-06T02:06:29.4446606Z [WebServer] INFO  [alembic.runtime.migration] Running upgrade 0016_bulk_jobs -> 0017_settings_audit, Version existing memberships and persist actor preferences and audit request IDs.
browser-continuity	Run pnpm exec playwright test --config playwright.buyer.config.ts tests/e2e/buyer-results.spec.ts --workers=1 --reporter=line,junit	2026-10-06T02:06:29.4447567Z 
browser-continuity	Run pnpm exec playwright test --config playwright.buyer.config.ts tests/e2e/buyer-results.spec.ts --workers=1 --reporter=line,junit	2026-10-06T02:06:29.4590930Z [WebServer] INFO  [alembic.runtime.migration] Running upgrade 0017_settings_audit -> 0018_budget_ledger, Versioned UTC budget scopes, one operation hold and economic-event identity.
browser-continuity	Run pnpm exec playwright test --config playwright.buyer.config.ts tests/e2e/buyer-results.spec.ts --workers=1 --reporter=line,junit	2026-10-06T02:06:29.4591776Z 
browser-continuity	Run pnpm exec playwright test --config playwright.buyer.config.ts tests/e2e/buyer-results.spec.ts --workers=1 --reporter=line,junit	2026-10-06T02:06:29.4963794Z [WebServer] INFO  [alembic.runtime.migration] Running upgrade 0018_budget_ledger -> 0019_offer_documents, Private offer documents and fetched-source retention metadata.
browser-continuity	Run pnpm exec playwright test --config playwright.buyer.config.ts tests/e2e/buyer-results.spec.ts --workers=1 --reporter=line,junit	2026-10-06T02:06:29.4964618Z 
browser-continuity	Run pnpm exec playwright test --config playwright.buyer.config.ts tests/e2e/buyer-results.spec.ts --workers=1 --reporter=line,junit	2026-10-06T02:06:29.5101245Z [WebServer] INFO  [alembic.runtime.migration] Running upgrade 0019_offer_documents -> 0020_research_provenance, Bind canonical candidates and evidence to one tenant/run/provider context.
browser-continuity	Run pnpm exec playwright test --config playwright.buyer.config.ts tests/e2e/buyer-results.spec.ts --workers=1 --reporter=line,junit	2026-10-06T02:06:29.5102099Z 
browser-continuity	Run pnpm exec playwright test --config playwright.buyer.config.ts tests/e2e/buyer-results.spec.ts --workers=1 --reporter=line,junit	2026-10-06T02:06:29.5367068Z 
browser-continuity	Run pnpm exec playwright test --config playwright.buyer.config.ts tests/e2e/buyer-results.spec.ts --workers=1 --reporter=line,junit	2026-10-06T02:06:29.5368645Z [WebServer] INFO  [alembic.runtime.migration] Running upgrade 0020_research_provenance -> 0021_run_bounds, Persist immutable run admission basis and cumulative execution counters.
browser-continuity	Run pnpm exec playwright test --config playwright.buyer.config.ts tests/e2e/buyer-results.spec.ts --workers=1 --reporter=line,junit	2026-10-06T02:06:29.5435961Z [WebServer] INFO  [alembic.runtime.migration] Running upgrade 0021_run_bounds -> 0022_research_checkpoints, Own LangGraph Postgres saver 3.1.2 schema in Alembic, never at runtime.
browser-continuity	Run pnpm exec playwright test --config playwright.buyer.config.ts tests/e2e/buyer-results.spec.ts --workers=1 --reporter=line,junit	2026-10-06T02:06:29.5437169Z 
browser-continuity	Run pnpm exec playwright test --config playwright.buyer.config.ts tests/e2e/buyer-results.spec.ts --workers=1 --reporter=line,junit	2026-10-06T02:06:29.5620736Z [WebServer] INFO  [alembic.runtime.migration] Running upgrade 0022_research_checkpoints -> 0023_contact_quote_basis, Bind optional contact quotes to actor, project and immutable eligibility basis.
browser-continuity	Run pnpm exec playwright test --config playwright.buyer.config.ts tests/e2e/buyer-results.spec.ts --workers=1 --reporter=line,junit	2026-10-06T02:06:29.5622071Z 
browser-continuity	Run pnpm exec playwright test --config playwright.buyer.config.ts tests/e2e/buyer-results.spec.ts --workers=1 --reporter=line,junit	2026-10-06T02:06:29.5679265Z [WebServer] INFO  [alembic.runtime.migration] Running upgrade 0023_contact_quote_basis -> 0024_contact_job_execution, Persist contact job versions and provider intent/result ownership.
browser-continuity	Run pnpm exec playwright test --config playwright.buyer.config.ts tests/e2e/buyer-results.spec.ts --workers=1 --reporter=line,junit	2026-10-06T02:06:29.5680886Z 
browser-continuity	Run pnpm exec playwright test --config playwright.buyer.config.ts tests/e2e/buyer-results.spec.ts --workers=1 --reporter=line,junit	2026-10-06T02:06:29.5834431Z [WebServer] INFO  [alembic.runtime.migration] Running upgrade 0024_contact_job_execution -> 0025_provider_callback_route, Narrow, non-PII callback routing index for verified vendor references.
browser-continuity	Run pnpm exec playwright test --config playwright.buyer.config.ts tests/e2e/buyer-results.spec.ts --workers=1 --reporter=line,junit	2026-10-06T02:06:29.5835738Z 
browser-continuity	Run pnpm exec playwright test --config playwright.buyer.config.ts tests/e2e/buyer-results.spec.ts --workers=1 --reporter=line,junit	2026-10-06T02:06:29.5891257Z [WebServer] INFO  [alembic.runtime.migration] Running upgrade 0025_provider_callback_route -> 0026_sender_identity_versions, Bind reviewed sender metadata to an active project-owned version.
browser-continuity	Run pnpm exec playwright test --config playwright.buyer.config.ts tests/e2e/buyer-results.spec.ts --workers=1 --reporter=line,junit	2026-10-06T02:06:29.5892765Z 
browser-continuity	Run pnpm exec playwright test --config playwright.buyer.config.ts tests/e2e/buyer-results.spec.ts --workers=1 --reporter=line,junit	2026-10-06T02:06:29.5969137Z [WebServer] INFO  [alembic.runtime.migration] Running upgrade 0026_sender_identity_versions -> 0027_draft_integrity, Constrain draft buyer scope and make written revisions immutable.
browser-continuity	Run pnpm exec playwright test --config playwright.buyer.config.ts tests/e2e/buyer-results.spec.ts --workers=1 --reporter=line,junit	2026-10-06T02:06:29.5970338Z 
browser-continuity	Run pnpm exec playwright test --config playwright.buyer.config.ts tests/e2e/buyer-results.spec.ts --workers=1 --reporter=line,junit	2026-10-06T02:06:29.6024036Z [WebServer] INFO  [alembic.runtime.migration] Running upgrade 0027_draft_integrity -> 0028_draft_approval_context, Bind draft approval review and recipient context without rewriting historical approvals.
browser-continuity	Run pnpm exec playwright test --config playwright.buyer.config.ts tests/e2e/buyer-results.spec.ts --workers=1 --reporter=line,junit	2026-10-06T02:06:29.6025210Z 
browser-continuity	Run pnpm exec playwright test --config playwright.buyer.config.ts tests/e2e/buyer-results.spec.ts --workers=1 --reporter=line,junit	2026-10-06T02:06:29.6196759Z [WebServer] INFO  [alembic.runtime.migration] Running upgrade 0028_draft_approval_context -> 0029_export_authorization, Keep actor-bound export manifests so every content read can reauthorize live data.
browser-continuity	Run pnpm exec playwright test --config playwright.buyer.config.ts tests/e2e/buyer-results.spec.ts --workers=1 --reporter=line,junit	2026-10-06T02:06:29.6198249Z 
browser-continuity	Run pnpm exec playwright test --config playwright.buyer.config.ts tests/e2e/buyer-results.spec.ts --workers=1 --reporter=line,junit	2026-10-06T02:06:29.6334455Z [WebServer] INFO  [alembic.runtime.migration] Running upgrade 0029_export_authorization -> 0030_manual_outcome_provenance, Bind manual outcomes to project and make runtime writes append-only.
browser-continuity	Run pnpm exec playwright test --config playwright.buyer.config.ts tests/e2e/buyer-results.spec.ts --workers=1 --reporter=line,junit	2026-10-06T02:06:29.6335306Z 
browser-continuity	Run pnpm exec playwright test --config playwright.buyer.config.ts tests/e2e/buyer-results.spec.ts --workers=1 --reporter=line,junit	2026-10-06T02:06:29.6477542Z [WebServer] INFO  [alembic.runtime.migration] Running upgrade 0030_manual_outcome_provenance -> 0031_retention_redaction, Allow narrow, irreversible retention redaction of derived draft and approval payloads.
browser-continuity	Run pnpm exec playwright test --config playwright.buyer.config.ts tests/e2e/buyer-results.spec.ts --workers=1 --reporter=line,junit	2026-10-06T02:06:29.6478779Z 
browser-continuity	Run pnpm exec playwright test --config playwright.buyer.config.ts tests/e2e/buyer-results.spec.ts --workers=1 --reporter=line,junit	2026-10-06T02:06:29.6503349Z [WebServer] INFO  [alembic.runtime.migration] Running upgrade 0031_retention_redaction -> 0032_contact_retention, Add explicit contact expiry and one-way addressed-draft redaction.
browser-continuity	Run pnpm exec playwright test --config playwright.buyer.config.ts tests/e2e/buyer-results.spec.ts --workers=1 --reporter=line,junit	2026-10-06T02:06:29.6504129Z 
browser-continuity	Run pnpm exec playwright test --config playwright.buyer.config.ts tests/e2e/buyer-results.spec.ts --workers=1 --reporter=line,junit	2026-10-06T02:06:29.6537356Z [WebServer] INFO  [alembic.runtime.migration] Running upgrade 0032_contact_retention -> 0033_api_rate_windows, Durable per-actor API rate windows under tenant RLS.
browser-continuity	Run pnpm exec playwright test --config playwright.buyer.config.ts tests/e2e/buyer-results.spec.ts --workers=1 --reporter=line,junit	2026-10-06T02:06:29.6538147Z 
browser-continuity	Run pnpm exec playwright test --config playwright.buyer.config.ts tests/e2e/buyer-results.spec.ts --workers=1 --reporter=line,junit	2026-10-06T02:06:29.6593348Z [WebServer] INFO  [alembic.runtime.migration] Running upgrade 0033_api_rate_windows -> 0034_worker_execution, Add disabled runtime selector, fenced step receipts and machine replay guard.
browser-continuity	Run pnpm exec playwright test --config playwright.buyer.config.ts tests/e2e/buyer-results.spec.ts --workers=1 --reporter=line,junit	2026-10-06T02:06:29.6594595Z 
browser-continuity	Run pnpm exec playwright test --config playwright.buyer.config.ts tests/e2e/buyer-results.spec.ts --workers=1 --reporter=line,junit	2026-10-06T02:06:29.6780019Z [WebServer] INFO  [alembic.runtime.migration] Running upgrade 0034_worker_execution -> 0035_worker_recovery_probe, Bounded recovery cursor and minimal Queue/Workflow operational receipt.
browser-continuity	Run pnpm exec playwright test --config playwright.buyer.config.ts tests/e2e/buyer-results.spec.ts --workers=1 --reporter=line,junit	2026-10-06T02:06:29.6780804Z 
browser-continuity	Run pnpm exec playwright test --config playwright.buyer.config.ts tests/e2e/buyer-results.spec.ts --workers=1 --reporter=line,junit	2026-10-06T02:06:29.6827492Z [WebServer] INFO  [alembic.runtime.migration] Running upgrade 0035_worker_recovery_probe -> 0036_checkpoint_schema_grants, Keep the pinned saver schema-version table read-only for native workers.
browser-continuity	Run pnpm exec playwright test --config playwright.buyer.config.ts tests/e2e/buyer-results.spec.ts --workers=1 --reporter=line,junit	2026-10-06T02:06:29.6828808Z 
browser-continuity	Run pnpm exec playwright test --config playwright.buyer.config.ts tests/e2e/buyer-results.spec.ts --workers=1 --reporter=line,junit	2026-10-06T02:06:29.6842598Z [WebServer] INFO  [alembic.runtime.migration] Running upgrade 0036_checkpoint_schema_grants -> 0037_bulk_manifests, Actor-bound frozen maintenance manifests, preserving ordinary snapshot bounds.
browser-continuity	Run pnpm exec playwright test --config playwright.buyer.config.ts tests/e2e/buyer-results.spec.ts --workers=1 --reporter=line,junit	2026-10-06T02:06:29.6843943Z 
browser-continuity	Run pnpm exec playwright test --config playwright.buyer.config.ts tests/e2e/buyer-results.spec.ts --workers=1 --reporter=line,junit	2026-10-06T02:06:30.6578855Z [WebServer] $ node scripts/run-framework.mjs dev
browser-continuity	Run pnpm exec playwright test --config playwright.buyer.config.ts tests/e2e/buyer-results.spec.ts --workers=1 --reporter=line,junit	2026-10-06T02:06:30.6579349Z 
browser-continuity	Run pnpm exec playwright test --config playwright.buyer.config.ts tests/e2e/buyer-results.spec.ts --workers=1 --reporter=line,junit	2026-10-06T02:06:51.4480477Z 
browser-continuity	Run pnpm exec playwright test --config playwright.buyer.config.ts tests/e2e/buyer-results.spec.ts --workers=1 --reporter=line,junit	2026-10-06T02:06:51.4483474Z Running 1 test using 1 worker
browser-continuity	Run pnpm exec playwright test --config playwright.buyer.config.ts tests/e2e/buyer-results.spec.ts --workers=1 --reporter=line,junit	2026-10-06T02:06:51.4484142Z 
browser-continuity	Run pnpm exec playwright test --config playwright.buyer.config.ts tests/e2e/buyer-results.spec.ts --workers=1 --reporter=line,junit	2026-10-06T02:06:51.8447372Z [1/1] tests/e2e/buyer-results.spec.ts:22:1 › T08 real snapshot pages, selection scope, URL filters and dossier
browser-continuity	Run pnpm exec playwright test --config playwright.buyer.config.ts tests/e2e/buyer-results.spec.ts --workers=1 --reporter=line,junit	2026-10-06T02:06:59.7058477Z   1 passed (33.4s)
browser-continuity	Run python scripts/check-required-tests.py --junit test-results/buyers.xml	﻿2026-10-06T02:06:59.7395539Z ##[group]Run python scripts/check-required-tests.py --junit test-results/buyers.xml
browser-continuity	Run python scripts/check-required-tests.py --junit test-results/buyers.xml	2026-10-06T02:06:59.7396200Z ^[[36;1mpython scripts/check-required-tests.py --junit test-results/buyers.xml^[[0m
browser-continuity	Run python scripts/check-required-tests.py --junit test-results/buyers.xml	2026-10-06T02:06:59.7396854Z ^[[36;1mmkdir -p artifacts/ci-t30/buyers^[[0m
browser-continuity	Run python scripts/check-required-tests.py --junit test-results/buyers.xml	2026-10-06T02:06:59.7397202Z ^[[36;1mcp -r test-results/. artifacts/ci-t30/buyers/^[[0m
browser-continuity	Run python scripts/check-required-tests.py --junit test-results/buyers.xml	2026-10-06T02:06:59.7462205Z shell: /usr/bin/bash -e {0}
browser-continuity	Run python scripts/check-required-tests.py --junit test-results/buyers.xml	2026-10-06T02:06:59.7462766Z env:
browser-continuity	Run python scripts/check-required-tests.py --junit test-results/buyers.xml	2026-10-06T02:06:59.7462975Z   BUYEROS_STRICT_INTEGRATION: 1
browser-continuity	Run python scripts/check-required-tests.py --junit test-results/buyers.xml	2026-10-06T02:06:59.7463309Z   PLAYWRIGHT_JUNIT_OUTPUT_FILE: test-results/t30-browser.xml
browser-continuity	Run python scripts/check-required-tests.py --junit test-results/buyers.xml	2026-10-06T02:06:59.7463743Z   PNPM_HOME: /home/runner/setup-pnpm/node_modules/.bin
browser-continuity	Run python scripts/check-required-tests.py --junit test-results/buyers.xml	2026-10-06T02:06:59.7464127Z   pythonLocation: /opt/hostedtoolcache/Python/3.12.14/x64
browser-continuity	Run python scripts/check-required-tests.py --junit test-results/buyers.xml	2026-10-06T02:06:59.7464556Z   PKG_CONFIG_PATH: /opt/hostedtoolcache/Python/3.12.14/x64/lib/pkgconfig
browser-continuity	Run python scripts/check-required-tests.py --junit test-results/buyers.xml	2026-10-06T02:06:59.7464984Z   Python_ROOT_DIR: /opt/hostedtoolcache/Python/3.12.14/x64
browser-continuity	Run python scripts/check-required-tests.py --junit test-results/buyers.xml	2026-10-06T02:06:59.7465362Z   Python2_ROOT_DIR: /opt/hostedtoolcache/Python/3.12.14/x64
browser-continuity	Run python scripts/check-required-tests.py --junit test-results/buyers.xml	2026-10-06T02:06:59.7465839Z   Python3_ROOT_DIR: /opt/hostedtoolcache/Python/3.12.14/x64
browser-continuity	Run python scripts/check-required-tests.py --junit test-results/buyers.xml	2026-10-06T02:06:59.7466229Z   LD_LIBRARY_PATH: /opt/hostedtoolcache/Python/3.12.14/x64/lib
browser-continuity	Run python scripts/check-required-tests.py --junit test-results/buyers.xml	2026-10-06T02:06:59.7466564Z ##[endgroup]
browser-continuity	Run python scripts/check-required-tests.py --junit test-results/buyers.xml	2026-10-06T02:06:59.7858468Z passed=1 failed=0 errors=0 skipped=0
browser-continuity	Run pnpm exec playwright test --config playwright.buyer-management.config.ts tests/e2e/buyer-management.spec.ts --workers=1 --reporter=line,junit	﻿2026-10-06T02:06:59.7977638Z ##[group]Run pnpm exec playwright test --config playwright.buyer-management.config.ts tests/e2e/buyer-management.spec.ts --workers=1 --reporter=line,junit
browser-continuity	Run pnpm exec playwright test --config playwright.buyer-management.config.ts tests/e2e/buyer-management.spec.ts --workers=1 --reporter=line,junit	2026-10-06T02:06:59.7978806Z ^[[36;1mpnpm exec playwright test --config playwright.buyer-management.config.ts tests/e2e/buyer-management.spec.ts --workers=1 --reporter=line,junit^[[0m
browser-continuity	Run pnpm exec playwright test --config playwright.buyer-management.config.ts tests/e2e/buyer-management.spec.ts --workers=1 --reporter=line,junit	2026-10-06T02:06:59.8043995Z shell: /usr/bin/bash -e {0}
browser-continuity	Run pnpm exec playwright test --config playwright.buyer-management.config.ts tests/e2e/buyer-management.spec.ts --workers=1 --reporter=line,junit	2026-10-06T02:06:59.8044258Z env:
browser-continuity	Run pnpm exec playwright test --config playwright.buyer-management.config.ts tests/e2e/buyer-management.spec.ts --workers=1 --reporter=line,junit	2026-10-06T02:06:59.8044460Z   BUYEROS_STRICT_INTEGRATION: 1
browser-continuity	Run pnpm exec playwright test --config playwright.buyer-management.config.ts tests/e2e/buyer-management.spec.ts --workers=1 --reporter=line,junit	2026-10-06T02:06:59.8044813Z   PLAYWRIGHT_JUNIT_OUTPUT_FILE: test-results/buyer-management.xml
browser-continuity	Run pnpm exec playwright test --config playwright.buyer-management.config.ts tests/e2e/buyer-management.spec.ts --workers=1 --reporter=line,junit	2026-10-06T02:06:59.8045236Z   PNPM_HOME: /home/runner/setup-pnpm/node_modules/.bin
browser-continuity	Run pnpm exec playwright test --config playwright.buyer-management.config.ts tests/e2e/buyer-management.spec.ts --workers=1 --reporter=line,junit	2026-10-06T02:06:59.8045626Z   pythonLocation: /opt/hostedtoolcache/Python/3.12.14/x64
browser-continuity	Run pnpm exec playwright test --config playwright.buyer-management.config.ts tests/e2e/buyer-management.spec.ts --workers=1 --reporter=line,junit	2026-10-06T02:06:59.8046046Z   PKG_CONFIG_PATH: /opt/hostedtoolcache/Python/3.12.14/x64/lib/pkgconfig
browser-continuity	Run pnpm exec playwright test --config playwright.buyer-management.config.ts tests/e2e/buyer-management.spec.ts --workers=1 --reporter=line,junit	2026-10-06T02:06:59.8046471Z   Python_ROOT_DIR: /opt/hostedtoolcache/Python/3.12.14/x64
browser-continuity	Run pnpm exec playwright test --config playwright.buyer-management.config.ts tests/e2e/buyer-management.spec.ts --workers=1 --reporter=line,junit	2026-10-06T02:06:59.8046856Z   Python2_ROOT_DIR: /opt/hostedtoolcache/Python/3.12.14/x64
browser-continuity	Run pnpm exec playwright test --config playwright.buyer-management.config.ts tests/e2e/buyer-management.spec.ts --workers=1 --reporter=line,junit	2026-10-06T02:06:59.8047261Z   Python3_ROOT_DIR: /opt/hostedtoolcache/Python/3.12.14/x64
browser-continuity	Run pnpm exec playwright test --config playwright.buyer-management.config.ts tests/e2e/buyer-management.spec.ts --workers=1 --reporter=line,junit	2026-10-06T02:06:59.8047638Z   LD_LIBRARY_PATH: /opt/hostedtoolcache/Python/3.12.14/x64/lib
browser-continuity	Run pnpm exec playwright test --config playwright.buyer-management.config.ts tests/e2e/buyer-management.spec.ts --workers=1 --reporter=line,junit	2026-10-06T02:06:59.8047965Z ##[endgroup]
browser-continuity	Run pnpm exec playwright test --config playwright.buyer-management.config.ts tests/e2e/buyer-management.spec.ts --workers=1 --reporter=line,junit	2026-10-06T02:07:03.5165457Z [WebServer] INFO  [alembic.runtime.migration] Context impl PostgresqlImpl.
browser-continuity	Run pnpm exec playwright test --config playwright.buyer-management.config.ts tests/e2e/buyer-management.spec.ts --workers=1 --reporter=line,junit	2026-10-06T02:07:03.5166133Z 
browser-continuity	Run pnpm exec playwright test --config playwright.buyer-management.config.ts tests/e2e/buyer-management.spec.ts --workers=1 --reporter=line,junit	2026-10-06T02:07:03.5167535Z [WebServer] INFO  [alembic.runtime.migration] Will assume transactional DDL.
browser-continuity	Run pnpm exec playwright test --config playwright.buyer-management.config.ts tests/e2e/buyer-management.spec.ts --workers=1 --reporter=line,junit	2026-10-06T02:07:03.5168282Z 
browser-continuity	Run pnpm exec playwright test --config playwright.buyer-management.config.ts tests/e2e/buyer-management.spec.ts --workers=1 --reporter=line,junit	2026-10-06T02:07:03.5343724Z [WebServer] INFO  [alembic.runtime.migration] Running upgrade  -> 0001_initial, initial tenant boundary: workspaces, users, memberships
browser-continuity	Run pnpm exec playwright test --config playwright.buyer-management.config.ts tests/e2e/buyer-management.spec.ts --workers=1 --reporter=line,junit	2026-10-06T02:07:03.5344685Z 
browser-continuity	Run pnpm exec playwright test --config playwright.buyer-management.config.ts tests/e2e/buyer-management.spec.ts --workers=1 --reporter=line,junit	2026-10-06T02:07:03.5502017Z [WebServer] INFO  [alembic.runtime.migration] Running upgrade 0001_initial -> 0002_rls_and_roles, row-level security and least-privilege runtime roles
browser-continuity	Run pnpm exec playwright test --config playwright.buyer-management.config.ts tests/e2e/buyer-management.spec.ts --workers=1 --reporter=line,junit	2026-10-06T02:07:03.5503255Z 
browser-continuity	Run pnpm exec playwright test --config playwright.buyer-management.config.ts tests/e2e/buyer-management.spec.ts --workers=1 --reporter=line,junit	2026-10-06T02:07:03.5543051Z [WebServer] INFO  [alembic.runtime.migration] Running upgrade 0002_rls_and_roles -> 0003_p2_tables, P2 domain tables (projects, buyers, evidence, policy, budget, outbox) + RLS
browser-continuity	Run pnpm exec playwright test --config playwright.buyer-management.config.ts tests/e2e/buyer-management.spec.ts --workers=1 --reporter=line,junit	2026-10-06T02:07:03.5544219Z 
browser-continuity	Run pnpm exec playwright test --config playwright.buyer-management.config.ts tests/e2e/buyer-management.spec.ts --workers=1 --reporter=line,junit	2026-10-06T02:07:03.6781719Z [WebServer] INFO  [alembic.runtime.migration] Running upgrade 0003_p2_tables -> 0004_p4_p5_tables, P4/P5 tables (quotes, provider ops, drafts, approvals, outcomes) + RLS
browser-continuity	Run pnpm exec playwright test --config playwright.buyer-management.config.ts tests/e2e/buyer-management.spec.ts --workers=1 --reporter=line,junit	2026-10-06T02:07:03.6783033Z 
browser-continuity	Run pnpm exec playwright test --config playwright.buyer-management.config.ts tests/e2e/buyer-management.spec.ts --workers=1 --reporter=line,junit	2026-10-06T02:07:03.7630688Z [WebServer] INFO  [alembic.runtime.migration] Running upgrade 0004_p4_p5_tables -> 0005_p3_tables, P3 tables (runs, events, candidates, aliases, contacts) + RLS
browser-continuity	Run pnpm exec playwright test --config playwright.buyer-management.config.ts tests/e2e/buyer-management.spec.ts --workers=1 --reporter=line,junit	2026-10-06T02:07:03.7631561Z 
browser-continuity	Run pnpm exec playwright test --config playwright.buyer-management.config.ts tests/e2e/buyer-management.spec.ts --workers=1 --reporter=line,junit	2026-10-06T02:07:03.8068636Z [WebServer] INFO  [alembic.runtime.migration] Running upgrade 0005_p3_tables -> 0006_worker_leases, worker leases and outbox dispatch columns
browser-continuity	Run pnpm exec playwright test --config playwright.buyer-management.config.ts tests/e2e/buyer-management.spec.ts --workers=1 --reporter=line,junit	2026-10-06T02:07:03.8070044Z 
browser-continuity	Run pnpm exec playwright test --config playwright.buyer-management.config.ts tests/e2e/buyer-management.spec.ts --workers=1 --reporter=line,junit	2026-10-06T02:07:03.8168469Z [WebServer] INFO  [alembic.runtime.migration] Running upgrade 0006_worker_leases -> 0007_outbox_terminal_state, terminal outbox states, claim index and dispatcher workspace read
browser-continuity	Run pnpm exec playwright test --config playwright.buyer-management.config.ts tests/e2e/buyer-management.spec.ts --workers=1 --reporter=line,junit	2026-10-06T02:07:03.8169686Z 
browser-continuity	Run pnpm exec playwright test --config playwright.buyer-management.config.ts tests/e2e/buyer-management.spec.ts --workers=1 --reporter=line,junit	2026-10-06T02:07:03.8205700Z [WebServer] INFO  [alembic.runtime.migration] Running upgrade 0007_outbox_terminal_state -> 0008_grant_users_select, grant SELECT on users to the API role
browser-continuity	Run pnpm exec playwright test --config playwright.buyer-management.config.ts tests/e2e/buyer-management.spec.ts --workers=1 --reporter=line,junit	2026-10-06T02:07:03.8206621Z 
browser-continuity	Run pnpm exec playwright test --config playwright.buyer-management.config.ts tests/e2e/buyer-management.spec.ts --workers=1 --reporter=line,junit	2026-10-06T02:07:03.8215235Z [WebServer] INFO  [alembic.runtime.migration] Running upgrade 0008_grant_users_select -> 0009_project_profile_columns, project profile columns and ICP supersession
browser-continuity	Run pnpm exec playwright test --config playwright.buyer-management.config.ts tests/e2e/buyer-management.spec.ts --workers=1 --reporter=line,junit	2026-10-06T02:07:03.8216076Z 
browser-continuity	Run pnpm exec playwright test --config playwright.buyer-management.config.ts tests/e2e/buyer-management.spec.ts --workers=1 --reporter=line,junit	2026-10-06T02:07:03.8303797Z [WebServer] INFO  [alembic.runtime.migration] Running upgrade 0009_project_profile_columns -> 0010_widen_idempotency_key, widen idempotency_records.key to the contract's 200 chars
browser-continuity	Run pnpm exec playwright test --config playwright.buyer-management.config.ts tests/e2e/buyer-management.spec.ts --workers=1 --reporter=line,junit	2026-10-06T02:07:03.8304642Z 
browser-continuity	Run pnpm exec playwright test --config playwright.buyer-management.config.ts tests/e2e/buyer-management.spec.ts --workers=1 --reporter=line,junit	2026-10-06T02:07:03.8323046Z [WebServer] INFO  [alembic.runtime.migration] Running upgrade 0010_widen_idempotency_key -> 0011_project_buyer_version, buyer version and idempotency response storage
browser-continuity	Run pnpm exec playwright test --config playwright.buyer-management.config.ts tests/e2e/buyer-management.spec.ts --workers=1 --reporter=line,junit	2026-10-06T02:07:03.8324246Z 
browser-continuity	Run pnpm exec playwright test --config playwright.buyer-management.config.ts tests/e2e/buyer-management.spec.ts --workers=1 --reporter=line,junit	2026-10-06T02:07:03.8366753Z [WebServer] INFO  [alembic.runtime.migration] Running upgrade 0011_project_buyer_version -> 0012_offer_basis_revision, Track the offer revision used by immutable ICP versions.
browser-continuity	Run pnpm exec playwright test --config playwright.buyer-management.config.ts tests/e2e/buyer-management.spec.ts --workers=1 --reporter=line,junit	2026-10-06T02:07:03.8367753Z 
browser-continuity	Run pnpm exec playwright test --config playwright.buyer-management.config.ts tests/e2e/buyer-management.spec.ts --workers=1 --reporter=line,junit	2026-10-06T02:07:03.8393767Z [WebServer] INFO  [alembic.runtime.migration] Running upgrade 0012_offer_basis_revision -> 0013_project_link_constraints, Constrain project-bound links across a shared workspace.
browser-continuity	Run pnpm exec playwright test --config playwright.buyer-management.config.ts tests/e2e/buyer-management.spec.ts --workers=1 --reporter=line,junit	2026-10-06T02:07:03.8394866Z 
browser-continuity	Run pnpm exec playwright test --config playwright.buyer-management.config.ts tests/e2e/buyer-management.spec.ts --workers=1 --reporter=line,junit	2026-10-06T02:07:03.9310089Z [WebServer] INFO  [alembic.runtime.migration] Running upgrade 0013_project_link_constraints -> 0014_buyer_management, Version buyer lists and persist actor-scoped presets under tenant RLS.
browser-continuity	Run pnpm exec playwright test --config playwright.buyer-management.config.ts tests/e2e/buyer-management.spec.ts --workers=1 --reporter=line,junit	2026-10-06T02:07:03.9310989Z 
browser-continuity	Run pnpm exec playwright test --config playwright.buyer-management.config.ts tests/e2e/buyer-management.spec.ts --workers=1 --reporter=line,junit	2026-10-06T02:07:03.9476844Z [WebServer] INFO  [alembic.runtime.migration] Running upgrade 0014_buyer_management -> 0015_policy_lifecycle, Give policy and suppression the full purpose/subject lifecycle contract.
browser-continuity	Run pnpm exec playwright test --config playwright.buyer-management.config.ts tests/e2e/buyer-management.spec.ts --workers=1 --reporter=line,junit	2026-10-06T02:07:03.9477867Z 
browser-continuity	Run pnpm exec playwright test --config playwright.buyer-management.config.ts tests/e2e/buyer-management.spec.ts --workers=1 --reporter=line,junit	2026-10-06T02:07:03.9703702Z [WebServer] INFO  [alembic.runtime.migration] Running upgrade 0015_policy_lifecycle -> 0016_bulk_jobs, Durable actor-bound bulk jobs and per-buyer results.
browser-continuity	Run pnpm exec playwright test --config playwright.buyer-management.config.ts tests/e2e/buyer-management.spec.ts --workers=1 --reporter=line,junit	2026-10-06T02:07:03.9704987Z 
browser-continuity	Run pnpm exec playwright test --config playwright.buyer-management.config.ts tests/e2e/buyer-management.spec.ts --workers=1 --reporter=line,junit	2026-10-06T02:07:03.9898110Z [WebServer] INFO  [alembic.runtime.migration] Running upgrade 0016_bulk_jobs -> 0017_settings_audit, Version existing memberships and persist actor preferences and audit request IDs.
browser-continuity	Run pnpm exec playwright test --config playwright.buyer-management.config.ts tests/e2e/buyer-management.spec.ts --workers=1 --reporter=line,junit	2026-10-06T02:07:03.9899390Z 
browser-continuity	Run pnpm exec playwright test --config playwright.buyer-management.config.ts tests/e2e/buyer-management.spec.ts --workers=1 --reporter=line,junit	2026-10-06T02:07:04.0041128Z [WebServer] INFO  [alembic.runtime.migration] Running upgrade 0017_settings_audit -> 0018_budget_ledger, Versioned UTC budget scopes, one operation hold and economic-event identity.
browser-continuity	Run pnpm exec playwright test --config playwright.buyer-management.config.ts tests/e2e/buyer-management.spec.ts --workers=1 --reporter=line,junit	2026-10-06T02:07:04.0041897Z 
browser-continuity	Run pnpm exec playwright test --config playwright.buyer-management.config.ts tests/e2e/buyer-management.spec.ts --workers=1 --reporter=line,junit	2026-10-06T02:07:04.0366267Z [WebServer] INFO  [alembic.runtime.migration] Running upgrade 0018_budget_ledger -> 0019_offer_documents, Private offer documents and fetched-source retention metadata.
browser-continuity	Run pnpm exec playwright test --config playwright.buyer-management.config.ts tests/e2e/buyer-management.spec.ts --workers=1 --reporter=line,junit	2026-10-06T02:07:04.0366984Z 
browser-continuity	Run pnpm exec playwright test --config playwright.buyer-management.config.ts tests/e2e/buyer-management.spec.ts --workers=1 --reporter=line,junit	2026-10-06T02:07:04.0497988Z [WebServer] INFO  [alembic.runtime.migration] Running upgrade 0019_offer_documents -> 0020_research_provenance, Bind canonical candidates and evidence to one tenant/run/provider context.
browser-continuity	Run pnpm exec playwright test --config playwright.buyer-management.config.ts tests/e2e/buyer-management.spec.ts --workers=1 --reporter=line,junit	2026-10-06T02:07:04.0498809Z 
browser-continuity	Run pnpm exec playwright test --config playwright.buyer-management.config.ts tests/e2e/buyer-management.spec.ts --workers=1 --reporter=line,junit	2026-10-06T02:07:04.0774478Z [WebServer] INFO  [alembic.runtime.migration] Running upgrade 0020_research_provenance -> 0021_run_bounds, Persist immutable run admission basis and cumulative execution counters.
browser-continuity	Run pnpm exec playwright test --config playwright.buyer-management.config.ts tests/e2e/buyer-management.spec.ts --workers=1 --reporter=line,junit	2026-10-06T02:07:04.0775258Z 
browser-continuity	Run pnpm exec playwright test --config playwright.buyer-management.config.ts tests/e2e/buyer-management.spec.ts --workers=1 --reporter=line,junit	2026-10-06T02:07:04.0840069Z [WebServer] INFO  [alembic.runtime.migration] Running upgrade 0021_run_bounds -> 0022_research_checkpoints, Own LangGraph Postgres saver 3.1.2 schema in Alembic, never at runtime.
browser-continuity	Run pnpm exec playwright test --config playwright.buyer-management.config.ts tests/e2e/buyer-management.spec.ts --workers=1 --reporter=line,junit	2026-10-06T02:07:04.0841284Z 
browser-continuity	Run pnpm exec playwright test --config playwright.buyer-management.config.ts tests/e2e/buyer-management.spec.ts --workers=1 --reporter=line,junit	2026-10-06T02:07:04.1023179Z [WebServer] INFO  [alembic.runtime.migration] Running upgrade 0022_research_checkpoints -> 0023_contact_quote_basis, Bind optional contact quotes to actor, project and immutable eligibility basis.
browser-continuity	Run pnpm exec playwright test --config playwright.buyer-management.config.ts tests/e2e/buyer-management.spec.ts --workers=1 --reporter=line,junit	2026-10-06T02:07:04.1024555Z 
browser-continuity	Run pnpm exec playwright test --config playwright.buyer-management.config.ts tests/e2e/buyer-management.spec.ts --workers=1 --reporter=line,junit	2026-10-06T02:07:04.1080683Z [WebServer] INFO  [alembic.runtime.migration] Running upgrade 0023_contact_quote_basis -> 0024_contact_job_execution, Persist contact job versions and provider intent/result ownership.
browser-continuity	Run pnpm exec playwright test --config playwright.buyer-management.config.ts tests/e2e/buyer-management.spec.ts --workers=1 --reporter=line,junit	2026-10-06T02:07:04.1082618Z 
browser-continuity	Run pnpm exec playwright test --config playwright.buyer-management.config.ts tests/e2e/buyer-management.spec.ts --workers=1 --reporter=line,junit	2026-10-06T02:07:04.1201008Z [WebServer] INFO  [alembic.runtime.migration] Running upgrade 0024_contact_job_execution -> 0025_provider_callback_route, Narrow, non-PII callback routing index for verified vendor references.
browser-continuity	Run pnpm exec playwright test --config playwright.buyer-management.config.ts tests/e2e/buyer-management.spec.ts --workers=1 --reporter=line,junit	2026-10-06T02:07:04.1202571Z 
browser-continuity	Run pnpm exec playwright test --config playwright.buyer-management.config.ts tests/e2e/buyer-management.spec.ts --workers=1 --reporter=line,junit	2026-10-06T02:07:04.1256932Z [WebServer] INFO  [alembic.runtime.migration] Running upgrade 0025_provider_callback_route -> 0026_sender_identity_versions, Bind reviewed sender metadata to an active project-owned version.
browser-continuity	Run pnpm exec playwright test --config playwright.buyer-management.config.ts tests/e2e/buyer-management.spec.ts --workers=1 --reporter=line,junit	2026-10-06T02:07:04.1258256Z 
browser-continuity	Run pnpm exec playwright test --config playwright.buyer-management.config.ts tests/e2e/buyer-management.spec.ts --workers=1 --reporter=line,junit	2026-10-06T02:07:04.1334938Z [WebServer] INFO  [alembic.runtime.migration] Running upgrade 0026_sender_identity_versions -> 0027_draft_integrity, Constrain draft buyer scope and make written revisions immutable.
browser-continuity	Run pnpm exec playwright test --config playwright.buyer-management.config.ts tests/e2e/buyer-management.spec.ts --workers=1 --reporter=line,junit	2026-10-06T02:07:04.1336164Z 
browser-continuity	Run pnpm exec playwright test --config playwright.buyer-management.config.ts tests/e2e/buyer-management.spec.ts --workers=1 --reporter=line,junit	2026-10-06T02:07:04.1389101Z [WebServer] INFO  [alembic.runtime.migration] Running upgrade 0027_draft_integrity -> 0028_draft_approval_context, Bind draft approval review and recipient context without rewriting historical approvals.
browser-continuity	Run pnpm exec playwright test --config playwright.buyer-management.config.ts tests/e2e/buyer-management.spec.ts --workers=1 --reporter=line,junit	2026-10-06T02:07:04.1390548Z 
browser-continuity	Run pnpm exec playwright test --config playwright.buyer-management.config.ts tests/e2e/buyer-management.spec.ts --workers=1 --reporter=line,junit	2026-10-06T02:07:04.1557733Z [WebServer] INFO  [alembic.runtime.migration] Running upgrade 0028_draft_approval_context -> 0029_export_authorization, Keep actor-bound export manifests so every content read can reauthorize live data.
browser-continuity	Run pnpm exec playwright test --config playwright.buyer-management.config.ts tests/e2e/buyer-management.spec.ts --workers=1 --reporter=line,junit	2026-10-06T02:07:04.1559221Z 
browser-continuity	Run pnpm exec playwright test --config playwright.buyer-management.config.ts tests/e2e/buyer-management.spec.ts --workers=1 --reporter=line,junit	2026-10-06T02:07:04.1694314Z [WebServer] INFO  [alembic.runtime.migration] Running upgrade 0029_export_authorization -> 0030_manual_outcome_provenance, Bind manual outcomes to project and make runtime writes append-only.
browser-continuity	Run pnpm exec playwright test --config playwright.buyer-management.config.ts tests/e2e/buyer-management.spec.ts --workers=1 --reporter=line,junit	2026-10-06T02:07:04.1695184Z 
browser-continuity	Run pnpm exec playwright test --config playwright.buyer-management.config.ts tests/e2e/buyer-management.spec.ts --workers=1 --reporter=line,junit	2026-10-06T02:07:04.1840024Z [WebServer] INFO  [alembic.runtime.migration] Running upgrade 0030_manual_outcome_provenance -> 0031_retention_redaction, Allow narrow, irreversible retention redaction of derived draft and approval payloads.
browser-continuity	Run pnpm exec playwright test --config playwright.buyer-management.config.ts tests/e2e/buyer-management.spec.ts --workers=1 --reporter=line,junit	2026-10-06T02:07:04.1841120Z 
browser-continuity	Run pnpm exec playwright test --config playwright.buyer-management.config.ts tests/e2e/buyer-management.spec.ts --workers=1 --reporter=line,junit	2026-10-06T02:07:04.1865298Z [WebServer] INFO  [alembic.runtime.migration] Running upgrade 0031_retention_redaction -> 0032_contact_retention, Add explicit contact expiry and one-way addressed-draft redaction.
browser-continuity	Run pnpm exec playwright test --config playwright.buyer-management.config.ts tests/e2e/buyer-management.spec.ts --workers=1 --reporter=line,junit	2026-10-06T02:07:04.1866301Z 
browser-continuity	Run pnpm exec playwright test --config playwright.buyer-management.config.ts tests/e2e/buyer-management.spec.ts --workers=1 --reporter=line,junit	2026-10-06T02:07:04.1898704Z [WebServer] INFO  [alembic.runtime.migration] Running upgrade 0032_contact_retention -> 0033_api_rate_windows, Durable per-actor API rate windows under tenant RLS.
browser-continuity	Run pnpm exec playwright test --config playwright.buyer-management.config.ts tests/e2e/buyer-management.spec.ts --workers=1 --reporter=line,junit	2026-10-06T02:07:04.1899448Z 
browser-continuity	Run pnpm exec playwright test --config playwright.buyer-management.config.ts tests/e2e/buyer-management.spec.ts --workers=1 --reporter=line,junit	2026-10-06T02:07:04.1953622Z [WebServer] INFO  [alembic.runtime.migration] Running upgrade 0033_api_rate_windows -> 0034_worker_execution, Add disabled runtime selector, fenced step receipts and machine replay guard.
browser-continuity	Run pnpm exec playwright test --config playwright.buyer-management.config.ts tests/e2e/buyer-management.spec.ts --workers=1 --reporter=line,junit	2026-10-06T02:07:04.1954624Z 
browser-continuity	Run pnpm exec playwright test --config playwright.buyer-management.config.ts tests/e2e/buyer-management.spec.ts --workers=1 --reporter=line,junit	2026-10-06T02:07:04.2114344Z [WebServer] INFO  [alembic.runtime.migration] Running upgrade 0034_worker_execution -> 0035_worker_recovery_probe, Bounded recovery cursor and minimal Queue/Workflow operational receipt.
browser-continuity	Run pnpm exec playwright test --config playwright.buyer-management.config.ts tests/e2e/buyer-management.spec.ts --workers=1 --reporter=line,junit	2026-10-06T02:07:04.2115661Z 
browser-continuity	Run pnpm exec playwright test --config playwright.buyer-management.config.ts tests/e2e/buyer-management.spec.ts --workers=1 --reporter=line,junit	2026-10-06T02:07:04.2162230Z [WebServer] INFO  [alembic.runtime.migration] Running upgrade 0035_worker_recovery_probe -> 0036_checkpoint_schema_grants, Keep the pinned saver schema-version table read-only for native workers.
browser-continuity	Run pnpm exec playwright test --config playwright.buyer-management.config.ts tests/e2e/buyer-management.spec.ts --workers=1 --reporter=line,junit	2026-10-06T02:07:04.2163814Z 
browser-continuity	Run pnpm exec playwright test --config playwright.buyer-management.config.ts tests/e2e/buyer-management.spec.ts --workers=1 --reporter=line,junit	2026-10-06T02:07:04.2176235Z [WebServer] INFO  [alembic.runtime.migration] Running upgrade 0036_checkpoint_schema_grants -> 0037_bulk_manifests, Actor-bound frozen maintenance manifests, preserving ordinary snapshot bounds.
browser-continuity	Run pnpm exec playwright test --config playwright.buyer-management.config.ts tests/e2e/buyer-management.spec.ts --workers=1 --reporter=line,junit	2026-10-06T02:07:04.2177545Z 
browser-continuity	Run pnpm exec playwright test --config playwright.buyer-management.config.ts tests/e2e/buyer-management.spec.ts --workers=1 --reporter=line,junit	2026-10-06T02:07:05.2569225Z [WebServer] $ node scripts/run-framework.mjs dev
browser-continuity	Run pnpm exec playwright test --config playwright.buyer-management.config.ts tests/e2e/buyer-management.spec.ts --workers=1 --reporter=line,junit	2026-10-06T02:07:05.2569791Z 
browser-continuity	Run pnpm exec playwright test --config playwright.buyer-management.config.ts tests/e2e/buyer-management.spec.ts --workers=1 --reporter=line,junit	2026-10-06T02:07:26.2416624Z 
browser-continuity	Run pnpm exec playwright test --config playwright.buyer-management.config.ts tests/e2e/buyer-management.spec.ts --workers=1 --reporter=line,junit	2026-10-06T02:07:26.2417125Z Running 3 tests using 1 worker
browser-continuity	Run pnpm exec playwright test --config playwright.buyer-management.config.ts tests/e2e/buyer-management.spec.ts --workers=1 --reporter=line,junit	2026-10-06T02:07:26.2417392Z 
browser-continuity	Run pnpm exec playwright test --config playwright.buyer-management.config.ts tests/e2e/buyer-management.spec.ts --workers=1 --reporter=line,junit	2026-10-06T02:07:26.6411636Z [1/3] tests/e2e/buyer-management.spec.ts:23:1 › T09 durable list, preset, note, owner and individual review journey
browser-continuity	Run pnpm exec playwright test --config playwright.buyer-management.config.ts tests/e2e/buyer-management.spec.ts --workers=1 --reporter=line,junit	2026-10-06T02:07:32.2727158Z [2/3] tests/e2e/buyer-management.spec.ts:81:1 › T09 viewer cannot mutate buyers or lists
browser-continuity	Run pnpm exec playwright test --config playwright.buyer-management.config.ts tests/e2e/buyer-management.spec.ts --workers=1 --reporter=line,junit	2026-10-06T02:07:34.3788130Z [3/3] tests/e2e/buyer-management.spec.ts:92:1 › T29 zh-HK list and saved filter actions use localized accessible names and feedback
browser-continuity	Run pnpm exec playwright test --config playwright.buyer-management.config.ts tests/e2e/buyer-management.spec.ts --workers=1 --reporter=line,junit	2026-10-06T02:07:37.3816349Z   3 passed (36.5s)
browser-continuity	Run python scripts/check-required-tests.py --junit test-results/buyer-management.xml	﻿2026-10-06T02:07:37.4154113Z ##[group]Run python scripts/check-required-tests.py --junit test-results/buyer-management.xml
browser-continuity	Run python scripts/check-required-tests.py --junit test-results/buyer-management.xml	2026-10-06T02:07:37.4155029Z ^[[36;1mpython scripts/check-required-tests.py --junit test-results/buyer-management.xml^[[0m
browser-continuity	Run python scripts/check-required-tests.py --junit test-results/buyer-management.xml	2026-10-06T02:07:37.4155539Z ^[[36;1mmkdir -p artifacts/ci-t30/buyer-management^[[0m
browser-continuity	Run python scripts/check-required-tests.py --junit test-results/buyer-management.xml	2026-10-06T02:07:37.4155945Z ^[[36;1mcp -r test-results/. artifacts/ci-t30/buyer-management/^[[0m
browser-continuity	Run python scripts/check-required-tests.py --junit test-results/buyer-management.xml	2026-10-06T02:07:37.4220559Z shell: /usr/bin/bash -e {0}
browser-continuity	Run python scripts/check-required-tests.py --junit test-results/buyer-management.xml	2026-10-06T02:07:37.4220817Z env:
browser-continuity	Run python scripts/check-required-tests.py --junit test-results/buyer-management.xml	2026-10-06T02:07:37.4221023Z   BUYEROS_STRICT_INTEGRATION: 1
browser-continuity	Run python scripts/check-required-tests.py --junit test-results/buyer-management.xml	2026-10-06T02:07:37.4221347Z   PLAYWRIGHT_JUNIT_OUTPUT_FILE: test-results/t30-browser.xml
browser-continuity	Run python scripts/check-required-tests.py --junit test-results/buyer-management.xml	2026-10-06T02:07:37.4221754Z   PNPM_HOME: /home/runner/setup-pnpm/node_modules/.bin
browser-continuity	Run python scripts/check-required-tests.py --junit test-results/buyer-management.xml	2026-10-06T02:07:37.4222126Z   pythonLocation: /opt/hostedtoolcache/Python/3.12.14/x64
browser-continuity	Run python scripts/check-required-tests.py --junit test-results/buyer-management.xml	2026-10-06T02:07:37.4222840Z   PKG_CONFIG_PATH: /opt/hostedtoolcache/Python/3.12.14/x64/lib/pkgconfig
browser-continuity	Run python scripts/check-required-tests.py --junit test-results/buyer-management.xml	2026-10-06T02:07:37.4223292Z   Python_ROOT_DIR: /opt/hostedtoolcache/Python/3.12.14/x64
browser-continuity	Run python scripts/check-required-tests.py --junit test-results/buyer-management.xml	2026-10-06T02:07:37.4223712Z   Python2_ROOT_DIR: /opt/hostedtoolcache/Python/3.12.14/x64
browser-continuity	Run python scripts/check-required-tests.py --junit test-results/buyer-management.xml	2026-10-06T02:07:37.4224098Z   Python3_ROOT_DIR: /opt/hostedtoolcache/Python/3.12.14/x64
browser-continuity	Run python scripts/check-required-tests.py --junit test-results/buyer-management.xml	2026-10-06T02:07:37.4224485Z   LD_LIBRARY_PATH: /opt/hostedtoolcache/Python/3.12.14/x64/lib
browser-continuity	Run python scripts/check-required-tests.py --junit test-results/buyer-management.xml	2026-10-06T02:07:37.4224804Z ##[endgroup]
browser-continuity	Run python scripts/check-required-tests.py --junit test-results/buyer-management.xml	2026-10-06T02:07:37.4615677Z passed=3 failed=0 errors=0 skipped=0
browser-continuity	Run pnpm exec playwright test --config playwright.mvp.config.ts tests/e2e/mvp-a-journey.spec.ts --reporter=line,junit	﻿2026-10-06T02:07:37.4731427Z ##[group]Run pnpm exec playwright test --config playwright.mvp.config.ts tests/e2e/mvp-a-journey.spec.ts --reporter=line,junit
browser-continuity	Run pnpm exec playwright test --config playwright.mvp.config.ts tests/e2e/mvp-a-journey.spec.ts --reporter=line,junit	2026-10-06T02:07:37.4733178Z ^[[36;1mpnpm exec playwright test --config playwright.mvp.config.ts tests/e2e/mvp-a-journey.spec.ts --reporter=line,junit^[[0m
browser-continuity	Run pnpm exec playwright test --config playwright.mvp.config.ts tests/e2e/mvp-a-journey.spec.ts --reporter=line,junit	2026-10-06T02:07:37.4819112Z shell: /usr/bin/bash -e {0}
browser-continuity	Run pnpm exec playwright test --config playwright.mvp.config.ts tests/e2e/mvp-a-journey.spec.ts --reporter=line,junit	2026-10-06T02:07:37.4819385Z env:
browser-continuity	Run pnpm exec playwright test --config playwright.mvp.config.ts tests/e2e/mvp-a-journey.spec.ts --reporter=line,junit	2026-10-06T02:07:37.4819586Z   BUYEROS_STRICT_INTEGRATION: 1
browser-continuity	Run pnpm exec playwright test --config playwright.mvp.config.ts tests/e2e/mvp-a-journey.spec.ts --reporter=line,junit	2026-10-06T02:07:37.4819932Z   PLAYWRIGHT_JUNIT_OUTPUT_FILE: test-results/mvp-acceptance.xml
browser-continuity	Run pnpm exec playwright test --config playwright.mvp.config.ts tests/e2e/mvp-a-journey.spec.ts --reporter=line,junit	2026-10-06T02:07:37.4820349Z   PNPM_HOME: /home/runner/setup-pnpm/node_modules/.bin
browser-continuity	Run pnpm exec playwright test --config playwright.mvp.config.ts tests/e2e/mvp-a-journey.spec.ts --reporter=line,junit	2026-10-06T02:07:37.4820715Z   pythonLocation: /opt/hostedtoolcache/Python/3.12.14/x64
browser-continuity	Run pnpm exec playwright test --config playwright.mvp.config.ts tests/e2e/mvp-a-journey.spec.ts --reporter=line,junit	2026-10-06T02:07:37.4821143Z   PKG_CONFIG_PATH: /opt/hostedtoolcache/Python/3.12.14/x64/lib/pkgconfig
browser-continuity	Run pnpm exec playwright test --config playwright.mvp.config.ts tests/e2e/mvp-a-journey.spec.ts --reporter=line,junit	2026-10-06T02:07:37.4821574Z   Python_ROOT_DIR: /opt/hostedtoolcache/Python/3.12.14/x64
browser-continuity	Run pnpm exec playwright test --config playwright.mvp.config.ts tests/e2e/mvp-a-journey.spec.ts --reporter=line,junit	2026-10-06T02:07:37.4821941Z   Python2_ROOT_DIR: /opt/hostedtoolcache/Python/3.12.14/x64
browser-continuity	Run pnpm exec playwright test --config playwright.mvp.config.ts tests/e2e/mvp-a-journey.spec.ts --reporter=line,junit	2026-10-06T02:07:37.4822562Z   Python3_ROOT_DIR: /opt/hostedtoolcache/Python/3.12.14/x64
browser-continuity	Run pnpm exec playwright test --config playwright.mvp.config.ts tests/e2e/mvp-a-journey.spec.ts --reporter=line,junit	2026-10-06T02:07:37.4823035Z   LD_LIBRARY_PATH: /opt/hostedtoolcache/Python/3.12.14/x64/lib
browser-continuity	Run pnpm exec playwright test --config playwright.mvp.config.ts tests/e2e/mvp-a-journey.spec.ts --reporter=line,junit	2026-10-06T02:07:37.4823361Z ##[endgroup]
browser-continuity	Run pnpm exec playwright test --config playwright.mvp.config.ts tests/e2e/mvp-a-journey.spec.ts --reporter=line,junit	2026-10-06T02:07:41.1823621Z [WebServer] INFO  [alembic.runtime.migration] Context impl PostgresqlImpl.
browser-continuity	Run pnpm exec playwright test --config playwright.mvp.config.ts tests/e2e/mvp-a-journey.spec.ts --reporter=line,junit	2026-10-06T02:07:41.1824281Z 
browser-continuity	Run pnpm exec playwright test --config playwright.mvp.config.ts tests/e2e/mvp-a-journey.spec.ts --reporter=line,junit	2026-10-06T02:07:41.1825844Z [WebServer] INFO  [alembic.runtime.migration] Will assume transactional DDL.
browser-continuity	Run pnpm exec playwright test --config playwright.mvp.config.ts tests/e2e/mvp-a-journey.spec.ts --reporter=line,junit	2026-10-06T02:07:41.1826583Z 
browser-continuity	Run pnpm exec playwright test --config playwright.mvp.config.ts tests/e2e/mvp-a-journey.spec.ts --reporter=line,junit	2026-10-06T02:07:41.2000562Z [WebServer] INFO  [alembic.runtime.migration] Running upgrade  -> 0001_initial, initial tenant boundary: workspaces, users, memberships
browser-continuity	Run pnpm exec playwright test --config playwright.mvp.config.ts tests/e2e/mvp-a-journey.spec.ts --reporter=line,junit	2026-10-06T02:07:41.2001477Z 
browser-continuity	Run pnpm exec playwright test --config playwright.mvp.config.ts tests/e2e/mvp-a-journey.spec.ts --reporter=line,junit	2026-10-06T02:07:41.2147630Z [WebServer] INFO  [alembic.runtime.migration] Running upgrade 0001_initial -> 0002_rls_and_roles, row-level security and least-privilege runtime roles
browser-continuity	Run pnpm exec playwright test --config playwright.mvp.config.ts tests/e2e/mvp-a-journey.spec.ts --reporter=line,junit	2026-10-06T02:07:41.2149180Z 
browser-continuity	Run pnpm exec playwright test --config playwright.mvp.config.ts tests/e2e/mvp-a-journey.spec.ts --reporter=line,junit	2026-10-06T02:07:41.2190444Z [WebServer] INFO  [alembic.runtime.migration] Running upgrade 0002_rls_and_roles -> 0003_p2_tables, P2 domain tables (projects, buyers, evidence, policy, budget, outbox) + RLS
browser-continuity	Run pnpm exec playwright test --config playwright.mvp.config.ts tests/e2e/mvp-a-journey.spec.ts --reporter=line,junit	2026-10-06T02:07:41.2191644Z 
browser-continuity	Run pnpm exec playwright test --config playwright.mvp.config.ts tests/e2e/mvp-a-journey.spec.ts --reporter=line,junit	2026-10-06T02:07:41.3435887Z [WebServer] INFO  [alembic.runtime.migration] Running upgrade 0003_p2_tables -> 0004_p4_p5_tables, P4/P5 tables (quotes, provider ops, drafts, approvals, outcomes) + RLS
browser-continuity	Run pnpm exec playwright test --config playwright.mvp.config.ts tests/e2e/mvp-a-journey.spec.ts --reporter=line,junit	2026-10-06T02:07:41.3436645Z 
browser-continuity	Run pnpm exec playwright test --config playwright.mvp.config.ts tests/e2e/mvp-a-journey.spec.ts --reporter=line,junit	2026-10-06T02:07:41.4293834Z [WebServer] INFO  [alembic.runtime.migration] Running upgrade 0004_p4_p5_tables -> 0005_p3_tables, P3 tables (runs, events, candidates, aliases, contacts) + RLS
browser-continuity	Run pnpm exec playwright test --config playwright.mvp.config.ts tests/e2e/mvp-a-journey.spec.ts --reporter=line,junit	2026-10-06T02:07:41.4294601Z 
browser-continuity	Run pnpm exec playwright test --config playwright.mvp.config.ts tests/e2e/mvp-a-journey.spec.ts --reporter=line,junit	2026-10-06T02:07:41.4730455Z [WebServer] INFO  [alembic.runtime.migration] Running upgrade 0005_p3_tables -> 0006_worker_leases, worker leases and outbox dispatch columns
browser-continuity	Run pnpm exec playwright test --config playwright.mvp.config.ts tests/e2e/mvp-a-journey.spec.ts --reporter=line,junit	2026-10-06T02:07:41.4731138Z 
browser-continuity	Run pnpm exec playwright test --config playwright.mvp.config.ts tests/e2e/mvp-a-journey.spec.ts --reporter=line,junit	2026-10-06T02:07:41.4829181Z 
browser-continuity	Run pnpm exec playwright test --config playwright.mvp.config.ts tests/e2e/mvp-a-journey.spec.ts --reporter=line,junit	2026-10-06T02:07:41.4830845Z [WebServer] INFO  [alembic.runtime.migration] Running upgrade 0006_worker_leases -> 0007_outbox_terminal_state, terminal outbox states, claim index and dispatcher workspace read
browser-continuity	Run pnpm exec playwright test --config playwright.mvp.config.ts tests/e2e/mvp-a-journey.spec.ts --reporter=line,junit	2026-10-06T02:07:41.4863568Z [WebServer] INFO  [alembic.runtime.migration] Running upgrade 0007_outbox_terminal_state -> 0008_grant_users_select, grant SELECT on users to the API role
browser-continuity	Run pnpm exec playwright test --config playwright.mvp.config.ts tests/e2e/mvp-a-journey.spec.ts --reporter=line,junit	2026-10-06T02:07:41.4864537Z 
browser-continuity	Run pnpm exec playwright test --config playwright.mvp.config.ts tests/e2e/mvp-a-journey.spec.ts --reporter=line,junit	2026-10-06T02:07:41.4875045Z [WebServer] INFO  [alembic.runtime.migration] Running upgrade 0008_grant_users_select -> 0009_project_profile_columns, project profile columns and ICP supersession
browser-continuity	Run pnpm exec playwright test --config playwright.mvp.config.ts tests/e2e/mvp-a-journey.spec.ts --reporter=line,junit	2026-10-06T02:07:41.4875733Z 
browser-continuity	Run pnpm exec playwright test --config playwright.mvp.config.ts tests/e2e/mvp-a-journey.spec.ts --reporter=line,junit	2026-10-06T02:07:41.4962185Z [WebServer] INFO  [alembic.runtime.migration] Running upgrade 0009_project_profile_columns -> 0010_widen_idempotency_key, widen idempotency_records.key to the contract's 200 chars
browser-continuity	Run pnpm exec playwright test --config playwright.mvp.config.ts tests/e2e/mvp-a-journey.spec.ts --reporter=line,junit	2026-10-06T02:07:41.4963447Z 
browser-continuity	Run pnpm exec playwright test --config playwright.mvp.config.ts tests/e2e/mvp-a-journey.spec.ts --reporter=line,junit	2026-10-06T02:07:41.4980794Z [WebServer] INFO  [alembic.runtime.migration] Running upgrade 0010_widen_idempotency_key -> 0011_project_buyer_version, buyer version and idempotency response storage
browser-continuity	Run pnpm exec playwright test --config playwright.mvp.config.ts tests/e2e/mvp-a-journey.spec.ts --reporter=line,junit	2026-10-06T02:07:41.4981474Z 
browser-continuity	Run pnpm exec playwright test --config playwright.mvp.config.ts tests/e2e/mvp-a-journey.spec.ts --reporter=line,junit	2026-10-06T02:07:41.5025477Z [WebServer] INFO  [alembic.runtime.migration] Running upgrade 0011_project_buyer_version -> 0012_offer_basis_revision, Track the offer revision used by immutable ICP versions.
browser-continuity	Run pnpm exec playwright test --config playwright.mvp.config.ts tests/e2e/mvp-a-journey.spec.ts --reporter=line,junit	2026-10-06T02:07:41.5026434Z 
browser-continuity	Run pnpm exec playwright test --config playwright.mvp.config.ts tests/e2e/mvp-a-journey.spec.ts --reporter=line,junit	2026-10-06T02:07:41.5052115Z [WebServer] INFO  [alembic.runtime.migration] Running upgrade 0012_offer_basis_revision -> 0013_project_link_constraints, Constrain project-bound links across a shared workspace.
browser-continuity	Run pnpm exec playwright test --config playwright.mvp.config.ts tests/e2e/mvp-a-journey.spec.ts --reporter=line,junit	2026-10-06T02:07:41.5053573Z 
browser-continuity	Run pnpm exec playwright test --config playwright.mvp.config.ts tests/e2e/mvp-a-journey.spec.ts --reporter=line,junit	2026-10-06T02:07:41.5967612Z [WebServer] INFO  [alembic.runtime.migration] Running upgrade 0013_project_link_constraints -> 0014_buyer_management, Version buyer lists and persist actor-scoped presets under tenant RLS.
browser-continuity	Run pnpm exec playwright test --config playwright.mvp.config.ts tests/e2e/mvp-a-journey.spec.ts --reporter=line,junit	2026-10-06T02:07:41.5968581Z 
browser-continuity	Run pnpm exec playwright test --config playwright.mvp.config.ts tests/e2e/mvp-a-journey.spec.ts --reporter=line,junit	2026-10-06T02:07:41.6133226Z [WebServer] INFO  [alembic.runtime.migration] Running upgrade 0014_buyer_management -> 0015_policy_lifecycle, Give policy and suppression the full purpose/subject lifecycle contract.
browser-continuity	Run pnpm exec playwright test --config playwright.mvp.config.ts tests/e2e/mvp-a-journey.spec.ts --reporter=line,junit	2026-10-06T02:07:41.6134316Z 
browser-continuity	Run pnpm exec playwright test --config playwright.mvp.config.ts tests/e2e/mvp-a-journey.spec.ts --reporter=line,junit	2026-10-06T02:07:41.6378718Z [WebServer] INFO  [alembic.runtime.migration] Running upgrade 0015_policy_lifecycle -> 0016_bulk_jobs, Durable actor-bound bulk jobs and per-buyer results.
browser-continuity	Run pnpm exec playwright test --config playwright.mvp.config.ts tests/e2e/mvp-a-journey.spec.ts --reporter=line,junit	2026-10-06T02:07:41.6379416Z 
browser-continuity	Run pnpm exec playwright test --config playwright.mvp.config.ts tests/e2e/mvp-a-journey.spec.ts --reporter=line,junit	2026-10-06T02:07:41.6580327Z [WebServer] INFO  [alembic.runtime.migration] Running upgrade 0016_bulk_jobs -> 0017_settings_audit, Version existing memberships and persist actor preferences and audit request IDs.
browser-continuity	Run pnpm exec playwright test --config playwright.mvp.config.ts tests/e2e/mvp-a-journey.spec.ts --reporter=line,junit	2026-10-06T02:07:41.6581464Z 
browser-continuity	Run pnpm exec playwright test --config playwright.mvp.config.ts tests/e2e/mvp-a-journey.spec.ts --reporter=line,junit	2026-10-06T02:07:41.6727262Z [WebServer] INFO  [alembic.runtime.migration] Running upgrade 0017_settings_audit -> 0018_budget_ledger, Versioned UTC budget scopes, one operation hold and economic-event identity.
browser-continuity	Run pnpm exec playwright test --config playwright.mvp.config.ts tests/e2e/mvp-a-journey.spec.ts --reporter=line,junit	2026-10-06T02:07:41.6728044Z 
browser-continuity	Run pnpm exec playwright test --config playwright.mvp.config.ts tests/e2e/mvp-a-journey.spec.ts --reporter=line,junit	2026-10-06T02:07:41.7072028Z [WebServer] INFO  [alembic.runtime.migration] Running upgrade 0018_budget_ledger -> 0019_offer_documents, Private offer documents and fetched-source retention metadata.
browser-continuity	Run pnpm exec playwright test --config playwright.mvp.config.ts tests/e2e/mvp-a-journey.spec.ts --reporter=line,junit	2026-10-06T02:07:41.7073304Z 
browser-continuity	Run pnpm exec playwright test --config playwright.mvp.config.ts tests/e2e/mvp-a-journey.spec.ts --reporter=line,junit	2026-10-06T02:07:41.7207004Z [WebServer] INFO  [alembic.runtime.migration] Running upgrade 0019_offer_documents -> 0020_research_provenance, Bind canonical candidates and evidence to one tenant/run/provider context.
browser-continuity	Run pnpm exec playwright test --config playwright.mvp.config.ts tests/e2e/mvp-a-journey.spec.ts --reporter=line,junit	2026-10-06T02:07:41.7207893Z 
browser-continuity	Run pnpm exec playwright test --config playwright.mvp.config.ts tests/e2e/mvp-a-journey.spec.ts --reporter=line,junit	2026-10-06T02:07:41.7473740Z 
browser-continuity	Run pnpm exec playwright test --config playwright.mvp.config.ts tests/e2e/mvp-a-journey.spec.ts --reporter=line,junit	2026-10-06T02:07:41.7475395Z [WebServer] INFO  [alembic.runtime.migration] Running upgrade 0020_research_provenance -> 0021_run_bounds, Persist immutable run admission basis and cumulative execution counters.
browser-continuity	Run pnpm exec playwright test --config playwright.mvp.config.ts tests/e2e/mvp-a-journey.spec.ts --reporter=line,junit	2026-10-06T02:07:41.7542026Z [WebServer] INFO  [alembic.runtime.migration] Running upgrade 0021_run_bounds -> 0022_research_checkpoints, Own LangGraph Postgres saver 3.1.2 schema in Alembic, never at runtime.
browser-continuity	Run pnpm exec playwright test --config playwright.mvp.config.ts tests/e2e/mvp-a-journey.spec.ts --reporter=line,junit	2026-10-06T02:07:41.7543446Z 
browser-continuity	Run pnpm exec playwright test --config playwright.mvp.config.ts tests/e2e/mvp-a-journey.spec.ts --reporter=line,junit	2026-10-06T02:07:41.7723974Z [WebServer] INFO  [alembic.runtime.migration] Running upgrade 0022_research_checkpoints -> 0023_contact_quote_basis, Bind optional contact quotes to actor, project and immutable eligibility basis.
browser-continuity	Run pnpm exec playwright test --config playwright.mvp.config.ts tests/e2e/mvp-a-journey.spec.ts --reporter=line,junit	2026-10-06T02:07:41.7725400Z 
browser-continuity	Run pnpm exec playwright test --config playwright.mvp.config.ts tests/e2e/mvp-a-journey.spec.ts --reporter=line,junit	2026-10-06T02:07:41.7781293Z [WebServer] INFO  [alembic.runtime.migration] Running upgrade 0023_contact_quote_basis -> 0024_contact_job_execution, Persist contact job versions and provider intent/result ownership.
browser-continuity	Run pnpm exec playwright test --config playwright.mvp.config.ts tests/e2e/mvp-a-journey.spec.ts --reporter=line,junit	2026-10-06T02:07:41.7782929Z 
browser-continuity	Run pnpm exec playwright test --config playwright.mvp.config.ts tests/e2e/mvp-a-journey.spec.ts --reporter=line,junit	2026-10-06T02:07:41.7899423Z [WebServer] INFO  [alembic.runtime.migration] Running upgrade 0024_contact_job_execution -> 0025_provider_callback_route, Narrow, non-PII callback routing index for verified vendor references.
browser-continuity	Run pnpm exec playwright test --config playwright.mvp.config.ts tests/e2e/mvp-a-journey.spec.ts --reporter=line,junit	2026-10-06T02:07:41.7900549Z 
browser-continuity	Run pnpm exec playwright test --config playwright.mvp.config.ts tests/e2e/mvp-a-journey.spec.ts --reporter=line,junit	2026-10-06T02:07:41.7954417Z [WebServer] INFO  [alembic.runtime.migration] Running upgrade 0025_provider_callback_route -> 0026_sender_identity_versions, Bind reviewed sender metadata to an active project-owned version.
browser-continuity	Run pnpm exec playwright test --config playwright.mvp.config.ts tests/e2e/mvp-a-journey.spec.ts --reporter=line,junit	2026-10-06T02:07:41.7955256Z 
browser-continuity	Run pnpm exec playwright test --config playwright.mvp.config.ts tests/e2e/mvp-a-journey.spec.ts --reporter=line,junit	2026-10-06T02:07:41.8034400Z [WebServer] INFO  [alembic.runtime.migration] Running upgrade 0026_sender_identity_versions -> 0027_draft_integrity, Constrain draft buyer scope and make written revisions immutable.
browser-continuity	Run pnpm exec playwright test --config playwright.mvp.config.ts tests/e2e/mvp-a-journey.spec.ts --reporter=line,junit	2026-10-06T02:07:41.8035331Z 
browser-continuity	Run pnpm exec playwright test --config playwright.mvp.config.ts tests/e2e/mvp-a-journey.spec.ts --reporter=line,junit	2026-10-06T02:07:41.8088855Z [WebServer] INFO  [alembic.runtime.migration] Running upgrade 0027_draft_integrity -> 0028_draft_approval_context, Bind draft approval review and recipient context without rewriting historical approvals.
browser-continuity	Run pnpm exec playwright test --config playwright.mvp.config.ts tests/e2e/mvp-a-journey.spec.ts --reporter=line,junit	2026-10-06T02:07:41.8090009Z 
browser-continuity	Run pnpm exec playwright test --config playwright.mvp.config.ts tests/e2e/mvp-a-journey.spec.ts --reporter=line,junit	2026-10-06T02:07:41.8261111Z [WebServer] INFO  [alembic.runtime.migration] Running upgrade 0028_draft_approval_context -> 0029_export_authorization, Keep actor-bound export manifests so every content read can reauthorize live data.
browser-continuity	Run pnpm exec playwright test --config playwright.mvp.config.ts tests/e2e/mvp-a-journey.spec.ts --reporter=line,junit	2026-10-06T02:07:41.8263006Z 
browser-continuity	Run pnpm exec playwright test --config playwright.mvp.config.ts tests/e2e/mvp-a-journey.spec.ts --reporter=line,junit	2026-10-06T02:07:41.8398157Z [WebServer] INFO  [alembic.runtime.migration] Running upgrade 0029_export_authorization -> 0030_manual_outcome_provenance, Bind manual outcomes to project and make runtime writes append-only.
browser-continuity	Run pnpm exec playwright test --config playwright.mvp.config.ts tests/e2e/mvp-a-journey.spec.ts --reporter=line,junit	2026-10-06T02:07:41.8399426Z 
browser-continuity	Run pnpm exec playwright test --config playwright.mvp.config.ts tests/e2e/mvp-a-journey.spec.ts --reporter=line,junit	2026-10-06T02:07:41.8523344Z [WebServer] INFO  [alembic.runtime.migration] Running upgrade 0030_manual_outcome_provenance -> 0031_retention_redaction, Allow narrow, irreversible retention redaction of derived draft and approval payloads.
browser-continuity	Run pnpm exec playwright test --config playwright.mvp.config.ts tests/e2e/mvp-a-journey.spec.ts --reporter=line,junit	2026-10-06T02:07:41.8524766Z 
browser-continuity	Run pnpm exec playwright test --config playwright.mvp.config.ts tests/e2e/mvp-a-journey.spec.ts --reporter=line,junit	2026-10-06T02:07:41.8548509Z [WebServer] INFO  [alembic.runtime.migration] Running upgrade 0031_retention_redaction -> 0032_contact_retention, Add explicit contact expiry and one-way addressed-draft redaction.
browser-continuity	Run pnpm exec playwright test --config playwright.mvp.config.ts tests/e2e/mvp-a-journey.spec.ts --reporter=line,junit	2026-10-06T02:07:41.8549773Z 
browser-continuity	Run pnpm exec playwright test --config playwright.mvp.config.ts tests/e2e/mvp-a-journey.spec.ts --reporter=line,junit	2026-10-06T02:07:41.8584035Z [WebServer] INFO  [alembic.runtime.migration] Running upgrade 0032_contact_retention -> 0033_api_rate_windows, Durable per-actor API rate windows under tenant RLS.
browser-continuity	Run pnpm exec playwright test --config playwright.mvp.config.ts tests/e2e/mvp-a-journey.spec.ts --reporter=line,junit	2026-10-06T02:07:41.8585177Z 
browser-continuity	Run pnpm exec playwright test --config playwright.mvp.config.ts tests/e2e/mvp-a-journey.spec.ts --reporter=line,junit	2026-10-06T02:07:41.8642176Z [WebServer] INFO  [alembic.runtime.migration] Running upgrade 0033_api_rate_windows -> 0034_worker_execution, Add disabled runtime selector, fenced step receipts and machine replay guard.
browser-continuity	Run pnpm exec playwright test --config playwright.mvp.config.ts tests/e2e/mvp-a-journey.spec.ts --reporter=line,junit	2026-10-06T02:07:41.8643757Z 
browser-continuity	Run pnpm exec playwright test --config playwright.mvp.config.ts tests/e2e/mvp-a-journey.spec.ts --reporter=line,junit	2026-10-06T02:07:41.8811825Z [WebServer] INFO  [alembic.runtime.migration] Running upgrade 0034_worker_execution -> 0035_worker_recovery_probe, Bounded recovery cursor and minimal Queue/Workflow operational receipt.
browser-continuity	Run pnpm exec playwright test --config playwright.mvp.config.ts tests/e2e/mvp-a-journey.spec.ts --reporter=line,junit	2026-10-06T02:07:41.8813206Z 
browser-continuity	Run pnpm exec playwright test --config playwright.mvp.config.ts tests/e2e/mvp-a-journey.spec.ts --reporter=line,junit	2026-10-06T02:07:41.8861876Z [WebServer] INFO  [alembic.runtime.migration] Running upgrade 0035_worker_recovery_probe -> 0036_checkpoint_schema_grants, Keep the pinned saver schema-version table read-only for native workers.
browser-continuity	Run pnpm exec playwright test --config playwright.mvp.config.ts tests/e2e/mvp-a-journey.spec.ts --reporter=line,junit	2026-10-06T02:07:41.8862961Z 
browser-continuity	Run pnpm exec playwright test --config playwright.mvp.config.ts tests/e2e/mvp-a-journey.spec.ts --reporter=line,junit	2026-10-06T02:07:41.8875333Z [WebServer] INFO  [alembic.runtime.migration] Running upgrade 0036_checkpoint_schema_grants -> 0037_bulk_manifests, Actor-bound frozen maintenance manifests, preserving ordinary snapshot bounds.
browser-continuity	Run pnpm exec playwright test --config playwright.mvp.config.ts tests/e2e/mvp-a-journey.spec.ts --reporter=line,junit	2026-10-06T02:07:41.8876600Z 
browser-continuity	Run pnpm exec playwright test --config playwright.mvp.config.ts tests/e2e/mvp-a-journey.spec.ts --reporter=line,junit	2026-10-06T02:07:42.9237277Z [WebServer] $ node scripts/run-framework.mjs dev
browser-continuity	Run pnpm exec playwright test --config playwright.mvp.config.ts tests/e2e/mvp-a-journey.spec.ts --reporter=line,junit	2026-10-06T02:07:42.9237834Z 
browser-continuity	Run pnpm exec playwright test --config playwright.mvp.config.ts tests/e2e/mvp-a-journey.spec.ts --reporter=line,junit	2026-10-06T02:08:02.7105461Z 
browser-continuity	Run pnpm exec playwright test --config playwright.mvp.config.ts tests/e2e/mvp-a-journey.spec.ts --reporter=line,junit	2026-10-06T02:08:02.7106125Z Running 1 test using 1 worker
browser-continuity	Run pnpm exec playwright test --config playwright.mvp.config.ts tests/e2e/mvp-a-journey.spec.ts --reporter=line,junit	2026-10-06T02:08:02.7106558Z 
browser-continuity	Run pnpm exec playwright test --config playwright.mvp.config.ts tests/e2e/mvp-a-journey.spec.ts --reporter=line,junit	2026-10-06T02:08:03.1064695Z [1/1] tests/e2e/mvp-a-journey.spec.ts:31:1 › T30 partial fixture walkthrough: review, list, assign, exact approval, export and manual outcome
browser-continuity	Run pnpm exec playwright test --config playwright.mvp.config.ts tests/e2e/mvp-a-journey.spec.ts --reporter=line,junit	2026-10-06T02:08:12.0664105Z   1 passed (33.5s)
browser-continuity	Run python scripts/check-required-tests.py --junit test-results/mvp-acceptance.xml	﻿2026-10-06T02:08:12.1013687Z ##[group]Run python scripts/check-required-tests.py --junit test-results/mvp-acceptance.xml
browser-continuity	Run python scripts/check-required-tests.py --junit test-results/mvp-acceptance.xml	2026-10-06T02:08:12.1014463Z ^[[36;1mpython scripts/check-required-tests.py --junit test-results/mvp-acceptance.xml^[[0m
browser-continuity	Run python scripts/check-required-tests.py --junit test-results/mvp-acceptance.xml	2026-10-06T02:08:12.1015195Z ^[[36;1mmkdir -p artifacts/ci-t30/mvp-acceptance^[[0m
browser-continuity	Run python scripts/check-required-tests.py --junit test-results/mvp-acceptance.xml	2026-10-06T02:08:12.1015581Z ^[[36;1mcp -r test-results/. artifacts/ci-t30/mvp-acceptance/^[[0m
browser-continuity	Run python scripts/check-required-tests.py --junit test-results/mvp-acceptance.xml	2026-10-06T02:08:12.1080224Z shell: /usr/bin/bash -e {0}
browser-continuity	Run python scripts/check-required-tests.py --junit test-results/mvp-acceptance.xml	2026-10-06T02:08:12.1080487Z env:
browser-continuity	Run python scripts/check-required-tests.py --junit test-results/mvp-acceptance.xml	2026-10-06T02:08:12.1080692Z   BUYEROS_STRICT_INTEGRATION: 1
browser-continuity	Run python scripts/check-required-tests.py --junit test-results/mvp-acceptance.xml	2026-10-06T02:08:12.1081028Z   PLAYWRIGHT_JUNIT_OUTPUT_FILE: test-results/t30-browser.xml
browser-continuity	Run python scripts/check-required-tests.py --junit test-results/mvp-acceptance.xml	2026-10-06T02:08:12.1081437Z   PNPM_HOME: /home/runner/setup-pnpm/node_modules/.bin
browser-continuity	Run python scripts/check-required-tests.py --junit test-results/mvp-acceptance.xml	2026-10-06T02:08:12.1081849Z   pythonLocation: /opt/hostedtoolcache/Python/3.12.14/x64
browser-continuity	Run python scripts/check-required-tests.py --junit test-results/mvp-acceptance.xml	2026-10-06T02:08:12.1082515Z   PKG_CONFIG_PATH: /opt/hostedtoolcache/Python/3.12.14/x64/lib/pkgconfig
browser-continuity	Run python scripts/check-required-tests.py --junit test-results/mvp-acceptance.xml	2026-10-06T02:08:12.1082990Z   Python_ROOT_DIR: /opt/hostedtoolcache/Python/3.12.14/x64
browser-continuity	Run python scripts/check-required-tests.py --junit test-results/mvp-acceptance.xml	2026-10-06T02:08:12.1083379Z   Python2_ROOT_DIR: /opt/hostedtoolcache/Python/3.12.14/x64
browser-continuity	Run python scripts/check-required-tests.py --junit test-results/mvp-acceptance.xml	2026-10-06T02:08:12.1083791Z   Python3_ROOT_DIR: /opt/hostedtoolcache/Python/3.12.14/x64
browser-continuity	Run python scripts/check-required-tests.py --junit test-results/mvp-acceptance.xml	2026-10-06T02:08:12.1084190Z   LD_LIBRARY_PATH: /opt/hostedtoolcache/Python/3.12.14/x64/lib
browser-continuity	Run python scripts/check-required-tests.py --junit test-results/mvp-acceptance.xml	2026-10-06T02:08:12.1084523Z ##[endgroup]
browser-continuity	Run python scripts/check-required-tests.py --junit test-results/mvp-acceptance.xml	2026-10-06T02:08:12.1488209Z passed=1 failed=0 errors=0 skipped=0
browser-continuity	Run actions/upload-artifact@v4	﻿2026-10-06T02:08:12.1630129Z ##[group]Run actions/upload-artifact@v4
browser-continuity	Run actions/upload-artifact@v4	2026-10-06T02:08:12.1630535Z with:
browser-continuity	Run actions/upload-artifact@v4	2026-10-06T02:08:12.1630956Z   name: buyeros-bilingual-continuity-fixture
browser-continuity	Run actions/upload-artifact@v4	2026-10-06T02:08:12.1631377Z   path: test-results/
browser-continuity	Run actions/upload-artifact@v4	artifacts/ci-t30/
browser-continuity	Run actions/upload-artifact@v4	
browser-continuity	Run actions/upload-artifact@v4	2026-10-06T02:08:12.1631877Z   if-no-files-found: error
browser-continuity	Run actions/upload-artifact@v4	2026-10-06T02:08:12.1632213Z   compression-level: 6
browser-continuity	Run actions/upload-artifact@v4	2026-10-06T02:08:12.1632826Z   overwrite: false
browser-continuity	Run actions/upload-artifact@v4	2026-10-06T02:08:12.1633225Z   include-hidden-files: false
browser-continuity	Run actions/upload-artifact@v4	2026-10-06T02:08:12.1633597Z env:
browser-continuity	Run actions/upload-artifact@v4	2026-10-06T02:08:12.1633965Z   BUYEROS_STRICT_INTEGRATION: 1
browser-continuity	Run actions/upload-artifact@v4	2026-10-06T02:08:12.1634381Z   PLAYWRIGHT_JUNIT_OUTPUT_FILE: test-results/t30-browser.xml
browser-continuity	Run actions/upload-artifact@v4	2026-10-06T02:08:12.1634850Z   PNPM_HOME: /home/runner/setup-pnpm/node_modules/.bin
browser-continuity	Run actions/upload-artifact@v4	2026-10-06T02:08:12.1635419Z   pythonLocation: /opt/hostedtoolcache/Python/3.12.14/x64
browser-continuity	Run actions/upload-artifact@v4	2026-10-06T02:08:12.1635950Z   PKG_CONFIG_PATH: /opt/hostedtoolcache/Python/3.12.14/x64/lib/pkgconfig
browser-continuity	Run actions/upload-artifact@v4	2026-10-06T02:08:12.1636563Z   Python_ROOT_DIR: /opt/hostedtoolcache/Python/3.12.14/x64
browser-continuity	Run actions/upload-artifact@v4	2026-10-06T02:08:12.1637038Z   Python2_ROOT_DIR: /opt/hostedtoolcache/Python/3.12.14/x64
browser-continuity	Run actions/upload-artifact@v4	2026-10-06T02:08:12.1637709Z   Python3_ROOT_DIR: /opt/hostedtoolcache/Python/3.12.14/x64
browser-continuity	Run actions/upload-artifact@v4	2026-10-06T02:08:12.1638196Z   LD_LIBRARY_PATH: /opt/hostedtoolcache/Python/3.12.14/x64/lib
browser-continuity	Run actions/upload-artifact@v4	2026-10-06T02:08:12.1638670Z ##[endgroup]
browser-continuity	Run actions/upload-artifact@v4	2026-10-06T02:08:12.3341577Z (node:8179) [DEP0040] DeprecationWarning: The `punycode` module is deprecated. Please use a userland alternative instead.
browser-continuity	Run actions/upload-artifact@v4	2026-10-06T02:08:12.3343136Z (Use `node --trace-deprecation ...` to show where the warning was created)
browser-continuity	Run actions/upload-artifact@v4	2026-10-06T02:08:12.3524221Z Multiple search paths detected. Calculating the least common ancestor of all paths
browser-continuity	Run actions/upload-artifact@v4	2026-10-06T02:08:12.3526578Z The least common ancestor is /home/runner/work/BuyerOS/BuyerOS. This will be the root directory of the artifact
browser-continuity	Run actions/upload-artifact@v4	2026-10-06T02:08:12.3527777Z With the provided path, there will be 50 files uploaded
browser-continuity	Run actions/upload-artifact@v4	2026-10-06T02:08:12.3532212Z Artifact name is valid!
browser-continuity	Run actions/upload-artifact@v4	2026-10-06T02:08:12.3533263Z Root directory input is valid!
browser-continuity	Run actions/upload-artifact@v4	2026-10-06T02:08:12.5695782Z Beginning upload of artifact content to blob storage
browser-continuity	Run actions/upload-artifact@v4	2026-10-06T02:08:12.8953073Z (node:8179) [DEP0169] DeprecationWarning: `url.parse()` behavior is not standardized and prone to errors that have security implications. Use the WHATWG URL API instead. CVEs are not issued for `url.parse()` vulnerabilities.
browser-continuity	Run actions/upload-artifact@v4	2026-10-06T02:08:13.1043704Z Uploaded bytes 8388608
browser-continuity	Run actions/upload-artifact@v4	2026-10-06T02:08:13.1419844Z Uploaded bytes 8961905
browser-continuity	Run actions/upload-artifact@v4	2026-10-06T02:08:13.1566746Z Finished uploading artifact content to blob storage!
browser-continuity	Run actions/upload-artifact@v4	2026-10-06T02:08:13.1568480Z SHA256 digest of uploaded artifact zip is cef77e63aec5cd0a94f7f5c4890e45847d50eb2a8d9e920af790eb08a8777198
browser-continuity	Run actions/upload-artifact@v4	2026-10-06T02:08:13.1570414Z Finalizing artifact upload
browser-continuity	Run actions/upload-artifact@v4	2026-10-06T02:08:13.3662607Z Artifact buyeros-bilingual-continuity-fixture.zip successfully finalized. Artifact ID 11386395447
browser-continuity	Run actions/upload-artifact@v4	2026-10-06T02:08:13.3664608Z Artifact buyeros-bilingual-continuity-fixture has been successfully uploaded! Final size is 8961905 bytes. Artifact ID is 11386395447
browser-continuity	Run actions/upload-artifact@v4	2026-10-06T02:08:13.3670272Z Artifact download URL: https://github.com/YNWAforever/BuyerOS/actions/runs/37368187565/artifacts/11386395447
browser-continuity	Post Run actions/setup-python@v5	﻿2026-10-06T02:08:13.3861584Z Post job cleanup.
browser-continuity	Post Run actions/setup-python@v5	2026-10-06T02:08:13.5039118Z (node:8192) [DEP0040] DeprecationWarning: The `punycode` module is deprecated. Please use a userland alternative instead.
browser-continuity	Post Run actions/setup-python@v5	2026-10-06T02:08:13.5040203Z (Use `node --trace-deprecation ...` to show where the warning was created)
browser-continuity	Post Run actions/setup-node@v4	﻿2026-10-06T02:08:13.5200577Z Post job cleanup.
browser-continuity	Post Run actions/setup-node@v4	2026-10-06T02:08:13.6507265Z (node:8200) [DEP0040] DeprecationWarning: The `punycode` module is deprecated. Please use a userland alternative instead.
browser-continuity	Post Run actions/setup-node@v4	2026-10-06T02:08:13.6508869Z (Use `node --trace-deprecation ...` to show where the warning was created)
browser-continuity	Post Run actions/setup-node@v4	2026-10-06T02:08:13.6511399Z Cache hit occurred on the primary key node-cache-Linux-x64-pnpm-62e1631a2955862ba1dc532cd28844785d294c45cb754b5731eccfa9703f694e, not saving cache.
browser-continuity	Post Run pnpm/action-setup@v4	﻿2026-10-06T02:08:13.6630411Z Post job cleanup.
browser-continuity	Post Run pnpm/action-setup@v4	2026-10-06T02:08:13.8058829Z Pruning is unnecessary.
browser-continuity	Post Run actions/checkout@v4	﻿2026-10-06T02:08:13.8246232Z Post job cleanup.
browser-continuity	Post Run actions/checkout@v4	2026-10-06T02:08:13.9146519Z [command]/usr/bin/git version
browser-continuity	Post Run actions/checkout@v4	2026-10-06T02:08:13.9189324Z git version 2.55.0
browser-continuity	Post Run actions/checkout@v4	2026-10-06T02:08:13.9233264Z Temporarily overriding HOME='/home/runner/work/_temp/bc65fa6b-5f1a-407c-8e10-8b6294fd11ed' before making global git config changes
browser-continuity	Post Run actions/checkout@v4	2026-10-06T02:08:13.9234748Z Adding repository directory to the temporary git global config as a safe directory
browser-continuity	Post Run actions/checkout@v4	2026-10-06T02:08:13.9239820Z [command]/usr/bin/git config --global --add safe.directory /home/runner/work/BuyerOS/BuyerOS
browser-continuity	Post Run actions/checkout@v4	2026-10-06T02:08:13.9284542Z [command]/usr/bin/git config --local --name-only --get-regexp core\.sshCommand
browser-continuity	Post Run actions/checkout@v4	2026-10-06T02:08:13.9321797Z [command]/usr/bin/git submodule foreach --recursive sh -c "git config --local --name-only --get-regexp 'core\.sshCommand' && git config --local --unset-all 'core.sshCommand' || :"
browser-continuity	Post Run actions/checkout@v4	2026-10-06T02:08:13.9582131Z [command]/usr/bin/git config --local --name-only --get-regexp http\.https\:\/\/github\.com\/\.extraheader
browser-continuity	Post Run actions/checkout@v4	2026-10-06T02:08:13.9605447Z http.https://github.com/.extraheader
browser-continuity	Post Run actions/checkout@v4	2026-10-06T02:08:13.9619156Z [command]/usr/bin/git config --local --unset-all http.https://github.com/.extraheader
browser-continuity	Post Run actions/checkout@v4	2026-10-06T02:08:13.9665129Z [command]/usr/bin/git submodule foreach --recursive sh -c "git config --local --name-only --get-regexp 'http\.https\:\/\/github\.com\/\.extraheader' && git config --local --unset-all 'http.https://github.com/.extraheader' || :"
browser-continuity	Post Run actions/checkout@v4	2026-10-06T02:08:13.9949450Z [command]/usr/bin/git config --local --name-only --get-regexp ^includeIf\.gitdir:
browser-continuity	Post Run actions/checkout@v4	2026-10-06T02:08:13.9991168Z [command]/usr/bin/git submodule foreach --recursive git config --local --show-origin --name-only --get-regexp remote.origin.url
browser-continuity	Complete job	﻿2026-10-06T02:08:14.0386115Z Cleaning up orphan processes
browser-continuity	Complete job	2026-10-06T02:08:14.0816748Z ##[warning]Node.js 20 is deprecated. The following actions target Node.js 20 but are being forced to run on Node.js 24: actions/checkout@v4, actions/setup-node@v4, actions/setup-python@v5, actions/upload-artifact@v4, pnpm/action-setup@v4. For more information see: https://github.blog/changelog/2025-09-19-deprecation-of-node-20-on-github-actions-runners/
